Price,Close
Ticker,^IXIC
Date,
1990-01-02,459.29998779296875
1990-01-03,460.8999938964844
1990-01-04,459.3999938964844
1990-01-05,458.20001220703125
1990-01-08,458.70001220703125
1990-01-09,456.79998779296875
1990-01-10,450.70001220703125
1990-01-11,448.8999938964844
1990-01-12,439.70001220703125
1990-01-15,436.6000061035156
1990-01-16,440.20001220703125
1990-01-17,438.70001220703125
1990-01-18,437.5
1990-01-19,440.8999938964844
1990-01-22,431.8999938964844
1990-01-23,430.3999938964844
1990-01-24,425.70001220703125
1990-01-25,425.20001220703125
1990-01-26,421.29998779296875
1990-01-29,418.1000061035156
1990-01-30,410.70001220703125
1990-01-31,415.79998779296875
1990-02-01,417.79998779296875
1990-02-02,422.20001220703125
1990-02-05,424.70001220703125
1990-02-06,424.0
1990-02-07,426.79998779296875
1990-02-08,427.29998779296875
1990-02-09,428.79998779296875
1990-02-12,426.3999938964844
1990-02-13,425.79998779296875
1990-02-14,426.6000061035156
1990-02-15,429.6000061035156
1990-02-16,429.0
1990-02-20,423.79998779296875
1990-02-21,421.5
1990-02-22,422.79998779296875
1990-02-23,419.5
1990-02-26,421.0
1990-02-27,422.6000061035156
1990-02-28,425.79998779296875
1990-03-01,427.20001220703125
1990-03-02,431.0
1990-03-05,430.20001220703125
1990-03-06,432.29998779296875
1990-03-07,432.5
1990-03-08,436.5
1990-03-09,436.79998779296875
1990-03-12,436.6000061035156
1990-03-13,434.6000061035156
1990-03-14,436.20001220703125
1990-03-15,438.1000061035156
1990-03-16,442.20001220703125
1990-03-19,442.8999938964844
1990-03-20,440.1000061035156
1990-03-21,439.29998779296875
1990-03-22,434.5
1990-03-23,437.29998779296875
1990-03-26,438.79998779296875
1990-03-27,439.5
1990-03-28,436.70001220703125
1990-03-29,435.3999938964844
1990-03-30,435.5
1990-04-02,433.20001220703125
1990-04-03,437.70001220703125
1990-04-04,435.3999938964844
1990-04-05,433.4200134277344
1990-04-06,430.8999938964844
1990-04-09,430.20001220703125
1990-04-10,431.8999938964844
1990-04-11,433.5
1990-04-12,436.29998779296875
1990-04-16,436.70001220703125
1990-04-17,435.3999938964844
1990-04-18,431.5
1990-04-19,429.0
1990-04-20,425.79998779296875
1990-04-23,420.1000061035156
1990-04-24,419.20001220703125
1990-04-25,420.6000061035156
1990-04-26,421.1000061035156
1990-04-27,418.0
1990-04-30,420.1000061035156
1990-05-01,421.8999938964844
1990-05-02,423.6000061035156
1990-05-03,425.3999938964844
1990-05-04,428.6000061035156
1990-05-07,431.20001220703125
1990-05-08,431.79998779296875
1990-05-09,431.29998779296875
1990-05-10,433.20001220703125
1990-05-11,438.1000061035156
1990-05-14,441.6000061035156
1990-05-15,442.5
1990-05-16,442.8999938964844
1990-05-17,445.70001220703125
1990-05-18,448.29998779296875
1990-05-21,452.8999938964844
1990-05-22,453.8999938964844
1990-05-23,456.8999938964844
1990-05-24,458.29998779296875
1990-05-25,453.70001220703125
1990-05-29,457.5
1990-05-30,458.79998779296875
1990-05-31,459.0
1990-06-01,462.1000061035156
1990-06-04,465.6000061035156
1990-06-05,464.6000061035156
1990-06-06,465.0
1990-06-07,464.1000061035156
1990-06-08,460.8999938964844
1990-06-11,462.79998779296875
1990-06-12,466.6000061035156
1990-06-13,468.8999938964844
1990-06-14,467.1000061035156
1990-06-15,467.6000061035156
1990-06-18,460.79998779296875
1990-06-19,460.5
1990-06-20,460.79998779296875
1990-06-21,461.29998779296875
1990-06-22,459.29998779296875
1990-06-25,455.6000061035156
1990-06-26,455.3999938964844
1990-06-27,456.8999938964844
1990-06-28,460.3999938964844
1990-06-29,462.29998779296875
1990-07-02,462.0
1990-07-03,461.79998779296875
1990-07-05,459.20001220703125
1990-07-06,460.5
1990-07-09,461.70001220703125
1990-07-10,461.0
1990-07-11,463.8999938964844
1990-07-12,467.20001220703125
1990-07-13,468.3999938964844
1990-07-16,469.6000061035156
1990-07-17,464.5
1990-07-18,460.79998779296875
1990-07-19,458.20001220703125
1990-07-20,455.29998779296875
1990-07-23,444.6000061035156
1990-07-24,442.6000061035156
1990-07-25,445.5
1990-07-26,445.3999938964844
1990-07-27,442.6000061035156
1990-07-30,439.3999938964844
1990-07-31,438.20001220703125
1990-08-01,435.8999938964844
1990-08-02,428.8999938964844
1990-08-03,417.5
1990-08-06,400.0
1990-08-07,402.1000061035156
1990-08-08,407.70001220703125
1990-08-09,413.0
1990-08-10,408.0
1990-08-13,408.29998779296875
1990-08-14,410.29998779296875
1990-08-15,411.5
1990-08-16,402.29998779296875
1990-08-17,393.5
1990-08-20,388.6000061035156
1990-08-21,379.70001220703125
1990-08-22,374.79998779296875
1990-08-23,360.20001220703125
1990-08-24,367.29998779296875
1990-08-27,381.29998779296875
1990-08-28,382.8999938964844
1990-08-29,381.79998779296875
1990-08-30,378.70001220703125
1990-08-31,381.20001220703125
1990-09-04,381.70001220703125
1990-09-05,382.3999938964844
1990-09-06,378.79998779296875
1990-09-07,380.3999938964844
1990-09-10,381.70001220703125
1990-09-11,379.5
1990-09-12,380.29998779296875
1990-09-13,376.20001220703125
1990-09-14,374.3999938964844
1990-09-17,374.1000061035156
1990-09-18,372.20001220703125
1990-09-19,371.70001220703125
1990-09-20,364.3999938964844
1990-09-21,362.29998779296875
1990-09-24,352.20001220703125
1990-09-25,354.79998779296875
1990-09-26,350.0
1990-09-27,341.20001220703125
1990-09-28,344.5
1990-10-01,354.70001220703125
1990-10-02,356.3999938964844
1990-10-03,351.5
1990-10-04,349.8999938964844
1990-10-05,347.3999938964844
1990-10-08,348.1000061035156
1990-10-09,339.1000061035156
1990-10-10,333.29998779296875
1990-10-11,325.6000061035156
1990-10-12,327.6000061035156
1990-10-15,329.5
1990-10-16,325.3999938964844
1990-10-17,326.79998779296875
1990-10-18,334.0
1990-10-19,337.3999938964844
1990-10-22,341.1000061035156
1990-10-23,341.1000061035156
1990-10-24,341.0
1990-10-25,339.70001220703125
1990-10-26,334.3999938964844
1990-10-29,330.79998779296875
1990-10-30,329.79998779296875
1990-10-31,329.79998779296875
1990-11-01,330.6000061035156
1990-11-02,336.5
1990-11-05,340.79998779296875
1990-11-06,340.5
1990-11-07,336.79998779296875
1990-11-08,336.3999938964844
1990-11-09,342.0
1990-11-12,351.5
1990-11-13,352.8999938964844
1990-11-14,356.8999938964844
1990-11-15,354.5
1990-11-16,350.8999938964844
1990-11-19,352.70001220703125
1990-11-20,348.29998779296875
1990-11-21,348.79998779296875
1990-11-23,349.0
1990-11-26,348.8999938964844
1990-11-27,354.1000061035156
1990-11-28,355.1000061035156
1990-11-29,355.79998779296875
1990-11-30,359.1000061035156
1990-12-03,361.29998779296875
1990-12-04,364.1000061035156
1990-12-05,370.8999938964844
1990-12-06,372.29998779296875
1990-12-07,371.5
1990-12-10,371.5
1990-12-11,368.0
1990-12-12,370.3999938964844
1990-12-13,371.5
1990-12-14,368.79998779296875
1990-12-17,365.70001220703125
1990-12-18,370.20001220703125
1990-12-19,371.20001220703125
1990-12-20,372.29998779296875
1990-12-21,373.6000061035156
1990-12-24,372.3999938964844
1990-12-26,372.3999938964844
1990-12-27,371.1000061035156
1990-12-28,371.20001220703125
1990-12-31,373.79998779296875
1991-01-02,372.20001220703125
1991-01-03,367.5
1991-01-04,367.20001220703125
1991-01-07,360.20001220703125
1991-01-08,359.0
1991-01-09,357.5
1991-01-10,361.8999938964844
1991-01-11,361.79998779296875
1991-01-14,355.79998779296875
1991-01-15,357.29998779296875
1991-01-16,365.20001220703125
1991-01-17,375.79998779296875
1991-01-18,377.0
1991-01-21,379.70001220703125
1991-01-22,379.0
1991-01-23,383.8999938964844
1991-01-24,391.29998779296875
1991-01-25,394.29998779296875
1991-01-28,396.79998779296875
1991-01-29,400.6000061035156
1991-01-30,408.5
1991-01-31,414.20001220703125
1991-02-01,417.70001220703125
1991-02-04,424.79998779296875
1991-02-05,432.20001220703125
1991-02-06,439.20001220703125
1991-02-07,435.0
1991-02-08,436.79998779296875
1991-02-11,444.1000061035156
1991-02-12,444.0
1991-02-13,448.0
1991-02-14,444.29998779296875
1991-02-15,448.70001220703125
1991-02-19,450.29998779296875
1991-02-20,446.0
1991-02-21,446.3999938964844
1991-02-22,449.0
1991-02-25,451.1000061035156
1991-02-26,447.70001220703125
1991-02-27,450.79998779296875
1991-02-28,453.1000061035156
1991-03-01,456.70001220703125
1991-03-04,461.1000061035156
1991-03-05,473.1000061035156
1991-03-06,473.79998779296875
1991-03-07,475.739990234375
1991-03-08,475.1099853515625
1991-03-11,467.1499938964844
1991-03-12,461.3999938964844
1991-03-13,468.17999267578125
1991-03-14,467.7900085449219
1991-03-15,466.2900085449219
1991-03-18,466.2699890136719
1991-03-19,462.80999755859375
1991-03-20,466.0899963378906
1991-03-21,464.6000061035156
1991-03-22,464.1499938964844
1991-03-25,468.489990234375
1991-03-26,478.57000732421875
1991-03-27,482.3699951171875
1991-03-28,482.29998779296875
1991-04-01,480.8599853515625
1991-04-02,491.20001220703125
1991-04-03,495.04998779296875
1991-04-04,497.57000732421875
1991-04-05,495.7900085449219
1991-04-08,495.6499938964844
1991-04-09,492.4599914550781
1991-04-10,490.760009765625
1991-04-11,499.30999755859375
1991-04-12,501.6199951171875
1991-04-15,500.8399963378906
1991-04-16,506.75
1991-04-17,511.30999755859375
1991-04-18,506.6199951171875
1991-04-19,501.19000244140625
1991-04-22,494.3800048828125
1991-04-23,496.0799865722656
1991-04-24,498.45001220703125
1991-04-25,496.0299987792969
1991-04-26,494.6400146484375
1991-04-29,487.739990234375
1991-04-30,484.7200012207031
1991-05-01,487.8500061035156
1991-05-02,491.1300048828125
1991-05-03,492.1000061035156
1991-05-06,491.4800109863281
1991-05-07,491.510009765625
1991-05-08,492.510009765625
1991-05-09,497.80999755859375
1991-05-10,493.4200134277344
1991-05-13,493.92999267578125
1991-05-14,488.7900085449219
1991-05-15,478.0799865722656
1991-05-16,481.7699890136719
1991-05-17,481.3800048828125
1991-05-20,480.1000061035156
1991-05-21,483.6000061035156
1991-05-22,487.2900085449219
1991-05-23,489.6000061035156
1991-05-24,492.6700134277344
1991-05-28,497.1700134277344
1991-05-29,499.04998779296875
1991-05-30,503.19000244140625
1991-05-31,506.1099853515625
1991-06-03,507.1000061035156
1991-06-04,507.25
1991-06-05,505.20001220703125
1991-06-06,502.94000244140625
1991-06-07,498.5400085449219
1991-06-10,495.8500061035156
1991-06-11,496.6199951171875
1991-06-12,491.04998779296875
1991-06-13,491.1400146484375
1991-06-14,495.07000732421875
1991-06-17,494.32000732421875
1991-06-18,491.5899963378906
1991-06-19,485.3599853515625
1991-06-20,485.8800048828125
1991-06-21,485.82000732421875
1991-06-24,475.2300109863281
1991-06-25,473.29998779296875
1991-06-26,473.0799865722656
1991-06-27,476.239990234375
1991-06-28,475.9200134277344
1991-07-01,481.30999755859375
1991-07-02,478.7799987792969
1991-07-03,474.32000732421875
1991-07-05,474.04998779296875
1991-07-08,479.510009765625
1991-07-09,483.6400146484375
1991-07-10,487.1700134277344
1991-07-11,488.3699951171875
1991-07-12,492.7099914550781
1991-07-15,496.19000244140625
1991-07-16,493.6000061035156
1991-07-17,493.4200134277344
1991-07-18,496.79998779296875
1991-07-19,497.54998779296875
1991-07-22,494.989990234375
1991-07-23,489.6499938964844
1991-07-24,487.4200134277344
1991-07-25,490.2799987792969
1991-07-26,492.69000244140625
1991-07-29,493.3500061035156
1991-07-30,498.2699890136719
1991-07-31,502.0400085449219
1991-08-01,504.1499938964844
1991-08-02,505.6700134277344
1991-08-05,502.6099853515625
1991-08-06,505.20001220703125
1991-08-07,507.4599914550781
1991-08-08,509.3900146484375
1991-08-09,508.30999755859375
1991-08-12,510.0
1991-08-13,514.4000244140625
1991-08-14,517.6799926757812
1991-08-15,515.6699829101562
1991-08-16,512.469970703125
1991-08-19,497.6400146484375
1991-08-20,502.04998779296875
1991-08-21,517.969970703125
1991-08-22,518.2999877929688
1991-08-23,521.0599975585938
1991-08-26,521.3800048828125
1991-08-27,521.75
1991-08-28,526.2899780273438
1991-08-29,526.3900146484375
1991-08-30,525.6799926757812
1991-09-03,520.9099731445312
1991-09-04,517.9199829101562
1991-09-05,516.9299926757812
1991-09-06,516.9400024414062
1991-09-09,518.0700073242188
1991-09-10,511.2799987792969
1991-09-11,514.760009765625
1991-09-12,521.1300048828125
1991-09-13,516.7100219726562
1991-09-16,515.6799926757812
1991-09-17,515.1699829101562
1991-09-18,518.5499877929688
1991-09-19,522.6699829101562
1991-09-20,527.1900024414062
1991-09-23,524.6900024414062
1991-09-24,526.469970703125
1991-09-25,527.8200073242188
1991-09-26,526.9400024414062
1991-09-27,524.47998046875
1991-09-30,526.8800048828125
1991-10-01,528.510009765625
1991-10-02,526.3300170898438
1991-10-03,520.510009765625
1991-10-04,520.4000244140625
1991-10-07,516.2000122070312
1991-10-08,517.25
1991-10-09,513.8099975585938
1991-10-10,515.9400024414062
1991-10-11,519.0499877929688
1991-10-14,525.6599731445312
1991-10-15,534.1099853515625
1991-10-16,540.9400024414062
1991-10-17,536.27001953125
1991-10-18,538.9000244140625
1991-10-21,536.9600219726562
1991-10-22,537.1400146484375
1991-10-23,535.1699829101562
1991-10-24,528.75
1991-10-25,525.1300048828125
1991-10-28,529.4099731445312
1991-10-29,534.510009765625
1991-10-30,541.3200073242188
1991-10-31,542.97998046875
1991-11-01,540.9299926757812
1991-11-04,537.5
1991-11-05,538.8200073242188
1991-11-06,539.47998046875
1991-11-07,545.280029296875
1991-11-08,548.0800170898438
1991-11-11,550.7100219726562
1991-11-12,555.6799926757812
1991-11-13,556.1699829101562
1991-11-14,554.8400268554688
1991-11-15,531.2899780273438
1991-11-18,534.72998046875
1991-11-19,523.469970703125
1991-11-20,526.1199951171875
1991-11-21,530.3300170898438
1991-11-22,526.4600219726562
1991-11-25,522.8800048828125
1991-11-26,522.22998046875
1991-11-27,522.780029296875
1991-11-29,523.9000244140625
1991-12-02,530.9099731445312
1991-12-03,533.3400268554688
1991-12-04,535.280029296875
1991-12-05,534.030029296875
1991-12-06,536.2999877929688
1991-12-09,535.3499755859375
1991-12-10,534.22998046875
1991-12-11,531.6400146484375
1991-12-12,536.02001953125
1991-12-13,540.9000244140625
1991-12-16,543.72998046875
1991-12-17,539.7000122070312
1991-12-18,539.8400268554688
1991-12-19,534.530029296875
1991-12-20,535.760009765625
1991-12-23,543.9000244140625
1991-12-24,549.5599975585938
1991-12-26,559.2999877929688
1991-12-27,565.7100219726562
1991-12-30,579.75
1991-12-31,586.3400268554688
1992-01-02,586.4500122070312
1992-01-03,592.6500244140625
1992-01-06,597.9000244140625
1992-01-07,602.2899780273438
1992-01-08,610.3200073242188
1992-01-09,619.7999877929688
1992-01-10,615.7000122070312
1992-01-13,617.6300048828125
1992-01-14,625.75
1992-01-15,630.8200073242188
1992-01-16,627.3400268554688
1992-01-17,626.8499755859375
1992-01-20,619.3800048828125
1992-01-21,604.8699951171875
1992-01-22,620.6799926757812
1992-01-23,622.8599853515625
1992-01-24,624.6799926757812
1992-01-27,621.0
1992-01-28,621.2899780273438
1992-01-29,616.3099975585938
1992-01-30,621.3699951171875
1992-01-31,620.2100219726562
1992-02-03,623.4299926757812
1992-02-04,631.0
1992-02-05,636.969970703125
1992-02-06,637.6699829101562
1992-02-07,634.9500122070312
1992-02-10,634.1300048828125
1992-02-11,633.3699951171875
1992-02-12,644.9199829101562
1992-02-13,639.0999755859375
1992-02-14,636.4299926757812
1992-02-18,626.4099731445312
1992-02-19,622.4099731445312
1992-02-20,632.22998046875
1992-02-21,629.75
1992-02-24,624.9299926757812
1992-02-25,621.4000244140625
1992-02-26,632.4000244140625
1992-02-27,633.9500122070312
1992-02-28,633.469970703125
1992-03-02,635.469970703125
1992-03-03,634.25
1992-03-04,630.2899780273438
1992-03-05,621.969970703125
1992-03-06,615.9500122070312
1992-03-09,615.8200073242188
1992-03-10,623.4600219726562
1992-03-11,617.1400146484375
1992-03-12,615.9199829101562
1992-03-13,618.6199951171875
1992-03-16,617.9400024414062
1992-03-17,623.27001953125
1992-03-18,624.9400024414062
1992-03-19,625.9600219726562
1992-03-20,624.280029296875
1992-03-23,621.8300170898438
1992-03-24,618.6799926757812
1992-03-25,619.47998046875
1992-03-26,615.4000244140625
1992-03-27,604.6699829101562
1992-03-30,602.0700073242188
1992-03-31,603.77001953125
1992-04-01,602.0900268554688
1992-04-02,593.8200073242188
1992-04-03,590.010009765625
1992-04-06,596.2899780273438
1992-04-07,581.6099853515625
1992-04-08,573.6799926757812
1992-04-09,586.75
1992-04-10,584.239990234375
1992-04-13,588.1500244140625
1992-04-14,594.8099975585938
1992-04-15,600.030029296875
1992-04-16,591.8099975585938
1992-04-20,577.2000122070312
1992-04-21,575.0499877929688
1992-04-22,578.22998046875
1992-04-23,576.0499877929688
1992-04-24,572.8900146484375
1992-04-27,566.9400024414062
1992-04-28,560.3300170898438
1992-04-29,569.9400024414062
1992-04-30,578.6799926757812
1992-05-01,578.1400146484375
1992-05-04,583.5399780273438
1992-05-05,588.0700073242188
1992-05-06,589.3599853515625
1992-05-07,587.1599731445312
1992-05-08,585.760009765625
1992-05-11,587.1300048828125
1992-05-12,583.9600219726562
1992-05-13,582.3800048828125
1992-05-14,576.4600219726562
1992-05-15,574.4299926757812
1992-05-18,576.530029296875
1992-05-19,578.0499877929688
1992-05-20,580.2899780273438
1992-05-21,579.0999755859375
1992-05-22,580.2999877929688
1992-05-26,575.6500244140625
1992-05-27,577.3499755859375
1992-05-28,580.489990234375
1992-05-29,585.3099975585938
1992-06-01,588.3699951171875
1992-06-02,589.1799926757812
1992-06-03,589.9299926757812
1992-06-04,588.260009765625
1992-06-05,585.4299926757812
1992-06-08,582.010009765625
1992-06-09,573.7999877929688
1992-06-10,569.7100219726562
1992-06-11,567.6799926757812
1992-06-12,569.52001953125
1992-06-15,569.010009765625
1992-06-16,564.0700073242188
1992-06-17,553.239990234375
1992-06-18,549.1699829101562
1992-06-19,554.2000122070312
1992-06-22,549.72998046875
1992-06-23,553.3599853515625
1992-06-24,551.3900146484375
1992-06-25,548.2000122070312
1992-06-26,547.8400268554688
1992-06-29,558.7999877929688
1992-06-30,563.5999755859375
1992-07-01,568.989990234375
1992-07-02,563.3499755859375
1992-07-06,563.1699829101562
1992-07-07,557.4099731445312
1992-07-08,557.5700073242188
1992-07-09,564.75
1992-07-10,567.7999877929688
1992-07-13,570.219970703125
1992-07-14,575.2100219726562
1992-07-15,575.469970703125
1992-07-16,576.1900024414062
1992-07-17,570.52001953125
1992-07-20,564.280029296875
1992-07-21,568.6300048828125
1992-07-22,563.8800048828125
1992-07-23,565.239990234375
1992-07-24,565.6099853515625
1992-07-27,564.72998046875
1992-07-28,571.6300048828125
1992-07-29,577.489990234375
1992-07-30,578.7999877929688
1992-07-31,580.8300170898438
1992-08-03,582.3599853515625
1992-08-04,581.3200073242188
1992-08-05,576.8699951171875
1992-08-06,574.02001953125
1992-08-07,573.739990234375
1992-08-10,573.1400146484375
1992-08-11,571.5999755859375
1992-08-12,570.8499755859375
1992-08-13,570.989990234375
1992-08-14,573.1799926757812
1992-08-17,572.469970703125
1992-08-18,570.8699951171875
1992-08-19,567.6099853515625
1992-08-20,567.8599853515625
1992-08-21,563.7000122070312
1992-08-24,555.3900146484375
1992-08-25,554.219970703125
1992-08-26,558.7999877929688
1992-08-27,563.27001953125
1992-08-28,563.5599975585938
1992-08-31,563.1199951171875
1992-09-01,565.6099853515625
1992-09-02,571.25
1992-09-03,574.8800048828125
1992-09-04,573.4400024414062
1992-09-08,571.1699829101562
1992-09-09,574.8900146484375
1992-09-10,581.239990234375
1992-09-11,583.010009765625
1992-09-14,594.2100219726562
1992-09-15,587.8599853515625
1992-09-16,585.8900146484375
1992-09-17,587.8200073242188
1992-09-18,589.1199951171875
1992-09-21,588.5800170898438
1992-09-22,583.0
1992-09-23,582.9600219726562
1992-09-24,585.9299926757812
1992-09-25,577.2000122070312
1992-09-28,575.3400268554688
1992-09-29,577.6300048828125
1992-09-30,583.27001953125
1992-10-01,578.3300170898438
1992-10-02,571.6300048828125
1992-10-05,565.2100219726562
1992-10-06,570.5499877929688
1992-10-07,569.2000122070312
1992-10-08,573.8800048828125
1992-10-09,570.52001953125
1992-10-12,573.8400268554688
1992-10-13,576.4400024414062
1992-10-14,576.219970703125
1992-10-15,578.6400146484375
1992-10-16,582.6099853515625
1992-10-19,590.6699829101562
1992-10-20,592.7000122070312
1992-10-21,597.1500244140625
1992-10-22,597.1199951171875
1992-10-23,597.2999877929688
1992-10-26,598.9199829101562
1992-10-27,596.9500122070312
1992-10-28,601.3900146484375
1992-10-29,605.8200073242188
1992-10-30,605.1699829101562
1992-11-02,607.5700073242188
1992-11-03,604.5800170898438
1992-11-04,605.52001953125
1992-11-05,614.0800170898438
1992-11-06,616.8200073242188
1992-11-09,622.0499877929688
1992-11-10,627.760009765625
1992-11-11,634.9199829101562
1992-11-12,634.3699951171875
1992-11-13,637.1599731445312
1992-11-16,634.010009765625
1992-11-17,627.0700073242188
1992-11-18,634.8599853515625
1992-11-19,638.5700073242188
1992-11-20,642.5999755859375
1992-11-23,638.8400268554688
1992-11-24,645.9400024414062
1992-11-25,648.3300170898438
1992-11-27,649.489990234375
1992-11-30,652.72998046875
1992-12-01,653.9500122070312
1992-12-02,652.9099731445312
1992-12-03,656.3599853515625
1992-12-04,661.5999755859375
1992-12-07,666.530029296875
1992-12-08,667.1199951171875
1992-12-09,663.9199829101562
1992-12-10,658.9299926757812
1992-12-11,655.7899780273438
1992-12-14,654.72998046875
1992-12-15,650.75
1992-12-16,649.6300048828125
1992-12-17,658.4600219726562
1992-12-18,661.2899780273438
1992-12-21,662.4600219726562
1992-12-22,660.8400268554688
1992-12-23,662.9600219726562
1992-12-24,665.8800048828125
1992-12-28,666.25
1992-12-29,669.010009765625
1992-12-30,671.8499755859375
1992-12-31,676.9500122070312
1993-01-04,671.7999877929688
1993-01-05,674.3400268554688
1993-01-06,681.8499755859375
1993-01-07,678.2100219726562
1993-01-08,677.2100219726562
1993-01-11,682.4000244140625
1993-01-12,679.4500122070312
1993-01-13,686.780029296875
1993-01-14,695.7000122070312
1993-01-15,697.1500244140625
1993-01-18,698.1300048828125
1993-01-19,696.8099975585938
1993-01-20,697.4400024414062
1993-01-21,700.77001953125
1993-01-22,701.6300048828125
1993-01-25,706.9500122070312
1993-01-26,707.1599731445312
1993-01-27,697.9000244140625
1993-01-28,694.6699829101562
1993-01-29,696.3400268554688
1993-02-01,701.77001953125
1993-02-02,705.1199951171875
1993-02-03,708.6699829101562
1993-02-04,708.8499755859375
1993-02-05,700.97998046875
1993-02-08,698.4400024414062
1993-02-09,692.2100219726562
1993-02-10,695.02001953125
1993-02-11,695.8800048828125
1993-02-12,690.5399780273438
1993-02-16,665.3900146484375
1993-02-17,659.4299926757812
1993-02-18,662.4500122070312
1993-02-19,663.6099853515625
1993-02-22,652.4199829101562
1993-02-23,651.4000244140625
1993-02-24,662.4600219726562
1993-02-25,667.0700073242188
1993-02-26,670.77001953125
1993-03-01,669.510009765625
1993-03-02,677.719970703125
1993-03-03,683.9199829101562
1993-03-04,680.72998046875
1993-03-05,681.3699951171875
1993-03-08,687.22998046875
1993-03-09,688.9600219726562
1993-03-10,692.8699951171875
1993-03-11,694.280029296875
1993-03-12,692.780029296875
1993-03-15,695.2100219726562
1993-03-16,695.469970703125
1993-03-17,687.4000244140625
1993-03-18,687.4099731445312
1993-03-19,682.719970703125
1993-03-22,676.6199951171875
1993-03-23,675.0399780273438
1993-03-24,674.3599853515625
1993-03-25,681.010009765625
1993-03-26,681.5399780273438
1993-03-29,680.760009765625
1993-03-30,686.25
1993-03-31,690.1300048828125
1993-04-01,686.6400146484375
1993-04-02,669.8499755859375
1993-04-05,670.7100219726562
1993-04-06,664.1400146484375
1993-04-07,668.8800048828125
1993-04-08,666.3300170898438
1993-04-12,673.1199951171875
1993-04-13,673.8300170898438
1993-04-14,673.9400024414062
1993-04-15,670.3200073242188
1993-04-16,666.780029296875
1993-04-19,663.030029296875
1993-04-20,661.969970703125
1993-04-21,664.0399780273438
1993-04-22,663.510009765625
1993-04-23,658.4099731445312
1993-04-26,645.8699951171875
1993-04-27,652.52001953125
1993-04-28,658.1599731445312
1993-04-29,658.4500122070312
1993-04-30,661.4199829101562
1993-05-03,666.7100219726562
1993-05-04,678.1599731445312
1993-05-05,683.260009765625
1993-05-06,680.0399780273438
1993-05-07,681.4400024414062
1993-05-10,682.8200073242188
1993-05-11,683.0599975585938
1993-05-12,681.6900024414062
1993-05-13,675.6400146484375
1993-05-14,676.3699951171875
1993-05-17,677.9600219726562
1993-05-18,680.780029296875
1993-05-19,690.4299926757812
1993-05-20,697.4299926757812
1993-05-21,694.2899780273438
1993-05-24,694.6900024414062
1993-05-25,695.0399780273438
1993-05-26,704.0900268554688
1993-05-27,704.5900268554688
1993-05-28,700.530029296875
1993-06-01,704.280029296875
1993-06-02,705.8599853515625
1993-06-03,706.219970703125
1993-06-04,702.010009765625
1993-06-07,694.6099853515625
1993-06-08,687.739990234375
1993-06-09,689.239990234375
1993-06-10,688.0499877929688
1993-06-11,693.1900024414062
1993-06-14,696.4099731445312
1993-06-15,697.3400268554688
1993-06-16,696.25
1993-06-17,695.9400024414062
1993-06-18,689.5900268554688
1993-06-21,688.739990234375
1993-06-22,686.77001953125
1993-06-23,684.7899780273438
1993-06-24,688.719970703125
1993-06-25,694.8099975585938
1993-06-28,702.8400268554688
1993-06-29,701.0700073242188
1993-06-30,703.9500122070312
1993-07-01,703.5900268554688
1993-07-02,704.489990234375
1993-07-06,702.219970703125
1993-07-07,698.7899780273438
1993-07-08,702.7100219726562
1993-07-09,705.8099975585938
1993-07-12,707.6699829101562
1993-07-13,708.469970703125
1993-07-14,712.489990234375
1993-07-15,708.6900024414062
1993-07-16,699.72998046875
1993-07-19,695.8300170898438
1993-07-20,701.9000244140625
1993-07-21,700.0800170898438
1993-07-22,695.52001953125
1993-07-23,700.239990234375
1993-07-26,704.5399780273438
1993-07-27,701.0
1993-07-28,705.5900268554688
1993-07-29,707.239990234375
1993-07-30,704.7000122070312
1993-08-02,707.6599731445312
1993-08-03,709.010009765625
1993-08-04,713.7899780273438
1993-08-05,715.5
1993-08-06,718.0800170898438
1993-08-09,718.489990234375
1993-08-10,717.0800170898438
1993-08-11,718.77001953125
1993-08-12,717.1199951171875
1993-08-13,718.260009765625
1993-08-16,726.8900146484375
1993-08-17,731.010009765625
1993-08-18,734.8300170898438
1993-08-19,730.47998046875
1993-08-20,730.9600219726562
1993-08-23,730.8599853515625
1993-08-24,735.1400146484375
1993-08-25,733.6599731445312
1993-08-26,731.3900146484375
1993-08-27,734.0700073242188
1993-08-30,737.3800048828125
1993-08-31,742.8400268554688
1993-09-01,746.1500244140625
1993-09-02,748.6500244140625
1993-09-03,749.7100219726562
1993-09-07,739.3499755859375
1993-09-08,730.72998046875
1993-09-09,737.7100219726562
1993-09-10,744.3099975585938
1993-09-13,740.3200073242188
1993-09-14,732.6400146484375
1993-09-15,739.5499877929688
1993-09-16,739.7999877929688
1993-09-17,740.1099853515625
1993-09-20,740.2100219726562
1993-09-21,733.5599975585938
1993-09-22,745.5399780273438
1993-09-23,752.260009765625
1993-09-24,754.6500244140625
1993-09-27,759.9500122070312
1993-09-28,763.6599731445312
1993-09-29,763.1699829101562
1993-09-30,762.780029296875
1993-10-01,763.22998046875
1993-10-04,764.8400268554688
1993-10-05,762.27001953125
1993-10-06,764.77001953125
1993-10-07,762.489990234375
1993-10-08,764.27001953125
1993-10-11,767.6500244140625
1993-10-12,772.4600219726562
1993-10-13,778.969970703125
1993-10-14,785.4099731445312
1993-10-15,787.4199829101562
1993-10-18,782.9099731445312
1993-10-19,768.7100219726562
1993-10-20,768.25
1993-10-21,771.280029296875
1993-10-22,772.6799926757812
1993-10-25,769.75
1993-10-26,765.4600219726562
1993-10-27,771.8800048828125
1993-10-28,773.489990234375
1993-10-29,779.260009765625
1993-11-01,783.77001953125
1993-11-02,785.6599731445312
1993-11-03,772.9500122070312
1993-11-04,757.260009765625
1993-11-05,762.989990234375
1993-11-08,766.2100219726562
1993-11-09,769.8400268554688
1993-11-10,776.5
1993-11-11,778.97998046875
1993-11-12,779.3200073242188
1993-11-15,772.4500122070312
1993-11-16,771.6900024414062
1993-11-17,762.3599853515625
1993-11-18,754.3400268554688
1993-11-19,751.5599975585938
1993-11-22,738.1300048828125
1993-11-23,746.8200073242188
1993-11-24,753.1799926757812
1993-11-26,754.8699951171875
1993-11-29,751.5399780273438
1993-11-30,754.3900146484375
1993-12-01,763.8099975585938
1993-12-02,766.72998046875
1993-12-03,772.219970703125
1993-12-06,771.0900268554688
1993-12-07,769.3499755859375
1993-12-08,767.8900146484375
1993-12-09,761.489990234375
1993-12-10,760.739990234375
1993-12-13,759.719970703125
1993-12-14,751.469970703125
1993-12-15,752.969970703125
1993-12-16,755.530029296875
1993-12-17,759.22998046875
1993-12-20,760.1500244140625
1993-12-21,755.6300048828125
1993-12-22,756.0700073242188
1993-12-23,758.7000122070312
1993-12-27,761.0599975585938
1993-12-28,764.5599975585938
1993-12-29,768.47998046875
1993-12-30,771.0800170898438
1993-12-31,776.7999877929688
1994-01-03,770.760009765625
1994-01-04,774.280029296875
1994-01-05,778.0499877929688
1994-01-06,780.4099731445312
1994-01-07,782.9400024414062
1994-01-10,786.6900024414062
1994-01-11,785.52001953125
1994-01-12,786.8699951171875
1994-01-13,787.8099975585938
1994-01-14,792.3099975585938
1994-01-17,792.1799926757812
1994-01-18,793.02001953125
1994-01-19,789.280029296875
1994-01-20,793.030029296875
1994-01-21,794.280029296875
1994-01-24,790.6500244140625
1994-01-25,786.3900146484375
1994-01-26,788.7999877929688
1994-01-27,792.8800048828125
1994-01-28,796.530029296875
1994-01-31,800.469970703125
1994-02-01,797.239990234375
1994-02-02,799.5700073242188
1994-02-03,797.7899780273438
1994-02-04,777.280029296875
1994-02-07,779.2000122070312
1994-02-08,782.7000122070312
1994-02-09,786.530029296875
1994-02-10,783.4199829101562
1994-02-11,781.3900146484375
1994-02-14,785.4500122070312
1994-02-15,790.1199951171875
1994-02-16,792.6199951171875
1994-02-17,790.239990234375
1994-02-18,788.8499755859375
1994-02-22,791.1500244140625
1994-02-23,789.1099853515625
1994-02-24,779.4400024414062
1994-02-25,783.780029296875
1994-02-28,792.5
1994-03-01,788.6400146484375
1994-03-02,783.469970703125
1994-03-03,784.5800170898438
1994-03-04,790.5499877929688
1994-03-07,795.0499877929688
1994-03-08,792.1199951171875
1994-03-09,793.0499877929688
1994-03-10,789.0900268554688
1994-03-11,789.2000122070312
1994-03-14,792.7999877929688
1994-03-15,793.52001953125
1994-03-16,798.989990234375
1994-03-17,803.8499755859375
1994-03-18,803.9299926757812
1994-03-21,797.2999877929688
1994-03-22,796.3400268554688
1994-03-23,797.510009765625
1994-03-24,786.6799926757812
1994-03-25,783.4500122070312
1994-03-28,772.5
1994-03-29,755.2899780273438
1994-03-30,744.9099731445312
1994-03-31,743.4600219726562
1994-04-04,727.4099731445312
1994-04-05,750.9500122070312
1994-04-06,750.719970703125
1994-04-07,755.1699829101562
1994-04-08,748.7100219726562
1994-04-11,748.1099853515625
1994-04-12,739.219970703125
1994-04-13,727.3800048828125
1994-04-14,727.3099975585938
1994-04-15,727.969970703125
1994-04-18,720.4500122070312
1994-04-19,712.8499755859375
1994-04-20,705.52001953125
1994-04-21,718.739990234375
1994-04-22,722.5599975585938
1994-04-25,730.7999877929688
1994-04-26,734.2100219726562
1994-04-28,731.6900024414062
1994-04-29,733.8400268554688
1994-05-02,740.6799926757812
1994-05-03,739.3699951171875
1994-05-04,740.2999877929688
1994-05-05,740.5499877929688
1994-05-06,732.8599853515625
1994-05-09,722.9600219726562
1994-05-10,725.0
1994-05-11,717.0
1994-05-12,719.6099853515625
1994-05-13,716.9199829101562
1994-05-16,711.9099731445312
1994-05-17,711.52001953125
1994-05-18,721.9000244140625
1994-05-19,727.3099975585938
1994-05-20,726.7000122070312
1994-05-23,724.9500122070312
1994-05-24,731.469970703125
1994-05-25,732.0700073242188
1994-05-26,731.6400146484375
1994-05-27,733.1400146484375
1994-05-31,735.1900024414062
1994-06-01,735.52001953125
1994-06-02,739.5
1994-06-03,742.3800048828125
1994-06-06,743.4299926757812
1994-06-07,739.2999877929688
1994-06-08,729.7899780273438
1994-06-09,728.8800048828125
1994-06-10,734.25
1994-06-13,731.7000122070312
1994-06-14,735.97998046875
1994-06-15,735.8400268554688
1994-06-16,734.969970703125
1994-06-17,729.3499755859375
1994-06-20,718.8499755859375
1994-06-21,708.7899780273438
1994-06-22,712.739990234375
1994-06-23,700.8499755859375
1994-06-24,693.7899780273438
1994-06-27,702.6799926757812
1994-06-28,702.0499877929688
1994-06-29,704.010009765625
1994-06-30,705.9600219726562
1994-07-01,706.8499755859375
1994-07-05,703.5900268554688
1994-07-06,701.0
1994-07-07,706.530029296875
1994-07-08,707.4600219726562
1994-07-11,706.8300170898438
1994-07-12,709.5900268554688
1994-07-13,719.3499755859375
1994-07-14,721.5599975585938
1994-07-15,721.3599853515625
1994-07-18,722.6199951171875
1994-07-19,719.3200073242188
1994-07-20,712.77001953125
1994-07-21,715.030029296875
1994-07-22,716.6799926757812
1994-07-25,716.8800048828125
1994-07-26,715.6599731445312
1994-07-27,712.1300048828125
1994-07-28,712.4299926757812
1994-07-29,722.1599731445312
1994-08-01,724.8499755859375
1994-08-02,724.7999877929688
1994-08-03,723.6900024414062
1994-08-04,720.1799926757812
1994-08-05,718.6699829101562
1994-08-08,720.469970703125
1994-08-09,722.6099853515625
1994-08-10,728.2000122070312
1994-08-11,728.2000122070312
1994-08-12,731.6099853515625
1994-08-15,732.8900146484375
1994-08-16,735.510009765625
1994-08-17,742.6599731445312
1994-08-18,742.1699829101562
1994-08-19,742.4299926757812
1994-08-22,742.2899780273438
1994-08-23,747.97998046875
1994-08-24,751.719970703125
1994-08-25,754.7999877929688
1994-08-26,762.9400024414062
1994-08-29,763.2100219726562
1994-08-30,766.4600219726562
1994-08-31,765.6199951171875
1994-09-01,758.9500122070312
1994-09-02,759.22998046875
1994-09-06,759.47998046875
1994-09-07,764.280029296875
1994-09-08,769.2999877929688
1994-09-09,763.72998046875
1994-09-12,760.010009765625
1994-09-13,765.8300170898438
1994-09-14,768.6099853515625
1994-09-15,778.6599731445312
1994-09-16,777.9099731445312
1994-09-19,776.719970703125
1994-09-20,766.739990234375
1994-09-21,760.7100219726562
1994-09-22,760.4400024414062
1994-09-23,757.4600219726562
1994-09-26,755.6300048828125
1994-09-27,755.3699951171875
1994-09-28,760.010009765625
1994-09-29,759.3400268554688
1994-09-30,764.2899780273438
1994-10-03,760.8800048828125
1994-10-04,747.2999877929688
1994-10-05,746.280029296875
1994-10-06,744.1900024414062
1994-10-07,749.9600219726562
1994-10-10,756.8099975585938
1994-10-11,765.5700073242188
1994-10-12,767.0
1994-10-13,767.8900146484375
1994-10-14,767.0800170898438
1994-10-17,765.780029296875
1994-10-18,764.8099975585938
1994-10-19,770.6199951171875
1994-10-20,768.239990234375
1994-10-21,765.3800048828125
1994-10-24,761.2100219726562
1994-10-25,758.260009765625
1994-10-26,763.239990234375
1994-10-27,767.469970703125
1994-10-28,776.1500244140625
1994-10-31,777.489990234375
1994-11-01,772.1900024414062
1994-11-02,771.8200073242188
1994-11-03,772.0999755859375
1994-11-04,766.0800170898438
1994-11-07,762.3099975585938
1994-11-08,767.5399780273438
1994-11-09,767.25
1994-11-10,764.3800048828125
1994-11-11,762.1199951171875
1994-11-14,768.1400146484375
1994-11-15,769.02001953125
1994-11-16,769.6400146484375
1994-11-17,765.8400268554688
1994-11-18,764.6699829101562
1994-11-21,757.739990234375
1994-11-22,741.2100219726562
1994-11-23,736.7000122070312
1994-11-25,742.52001953125
1994-11-28,745.72998046875
1994-11-29,751.47998046875
1994-11-30,750.3200073242188
1994-12-01,740.6099853515625
1994-12-02,745.02001953125
1994-12-05,745.7100219726562
1994-12-06,741.22998046875
1994-12-07,734.27001953125
1994-12-08,719.1199951171875
1994-12-09,719.0499877929688
1994-12-12,719.1199951171875
1994-12-13,719.489990234375
1994-12-14,725.6699829101562
1994-12-15,730.6799926757812
1994-12-16,729.0700073242188
1994-12-19,727.8900146484375
1994-12-20,728.510009765625
1994-12-21,737.1199951171875
1994-12-22,739.3400268554688
1994-12-23,742.1900024414062
1994-12-27,746.1900024414062
1994-12-28,742.4600219726562
1994-12-29,749.530029296875
1994-12-30,751.9600219726562
1995-01-03,743.5800170898438
1995-01-04,745.8400268554688
1995-01-05,745.6599731445312
1995-01-06,749.6900024414062
1995-01-09,752.0900268554688
1995-01-10,756.52001953125
1995-01-11,755.739990234375
1995-01-12,756.510009765625
1995-01-13,762.1599731445312
1995-01-16,768.1599731445312
1995-01-17,772.1400146484375
1995-01-18,772.3800048828125
1995-01-19,768.5499877929688
1995-01-20,762.0499877929688
1995-01-23,759.510009765625
1995-01-24,763.2000122070312
1995-01-25,760.97998046875
1995-01-26,757.5599975585938
1995-01-27,758.9099731445312
1995-01-30,751.8300170898438
1995-01-31,755.2000122070312
1995-02-01,758.3099975585938
1995-02-02,763.6400146484375
1995-02-03,772.0599975585938
1995-02-06,778.8499755859375
1995-02-07,778.969970703125
1995-02-08,783.77001953125
1995-02-09,785.4400024414062
1995-02-10,790.4299926757812
1995-02-13,789.4199829101562
1995-02-14,790.6199951171875
1995-02-15,795.6300048828125
1995-02-16,793.3099975585938
1995-02-17,786.969970703125
1995-02-21,784.6199951171875
1995-02-22,787.9299926757812
1995-02-23,791.3499755859375
1995-02-24,791.0800170898438
1995-02-27,784.5
1995-02-28,793.72998046875
1995-03-01,791.8699951171875
1995-03-02,793.6799926757812
1995-03-03,798.7899780273438
1995-03-06,797.77001953125
1995-03-07,791.3300170898438
1995-03-08,795.8099975585938
1995-03-09,796.239990234375
1995-03-10,802.219970703125
1995-03-13,802.3099975585938
1995-03-14,808.239990234375
1995-03-15,807.3800048828125
1995-03-16,809.3400268554688
1995-03-17,808.3300170898438
1995-03-20,810.489990234375
1995-03-21,809.780029296875
1995-03-22,809.0999755859375
1995-03-23,811.3900146484375
1995-03-24,818.6599731445312
1995-03-27,822.6300048828125
1995-03-28,826.1400146484375
1995-03-29,819.1599731445312
1995-03-30,816.8599853515625
1995-03-31,817.2100219726562
1995-04-03,818.0499877929688
1995-04-04,813.719970703125
1995-04-05,816.3200073242188
1995-04-06,813.7999877929688
1995-04-07,814.6900024414062
1995-04-10,821.260009765625
1995-04-11,824.8300170898438
1995-04-12,828.530029296875
1995-04-13,832.6400146484375
1995-04-17,830.8200073242188
1995-04-18,825.739990234375
1995-04-19,816.5499877929688
1995-04-20,819.010009765625
1995-04-21,823.4400024414062
1995-04-24,828.9099731445312
1995-04-25,831.280029296875
1995-04-26,836.9099731445312
1995-04-27,840.9500122070312
1995-04-28,843.97998046875
1995-05-01,841.6300048828125
1995-05-02,841.7899780273438
1995-05-03,850.260009765625
1995-05-04,846.75
1995-05-05,843.530029296875
1995-05-08,849.2899780273438
1995-05-09,848.1699829101562
1995-05-10,847.6199951171875
1995-05-11,853.8300170898438
1995-05-12,858.9400024414062
1995-05-15,863.0599975585938
1995-05-16,868.25
1995-05-17,871.9299926757812
1995-05-18,864.0599975585938
1995-05-19,864.5700073242188
1995-05-22,871.1799926757812
1995-05-23,879.6400146484375
1995-05-24,877.97998046875
1995-05-25,877.3200073242188
1995-05-26,871.8699951171875
1995-05-30,858.7000122070312
1995-05-31,864.5800170898438
1995-06-01,868.8200073242188
1995-06-02,872.969970703125
1995-06-05,882.8499755859375
1995-06-06,879.4000244140625
1995-06-07,881.5800170898438
1995-06-08,886.1300048828125
1995-06-09,884.3800048828125
1995-06-12,887.97998046875
1995-06-13,894.22998046875
1995-06-14,895.719970703125
1995-06-15,902.6799926757812
1995-06-16,908.6500244140625
1995-06-19,922.0900268554688
1995-06-20,929.8300170898438
1995-06-21,929.1900024414062
1995-06-22,940.0900268554688
1995-06-23,938.8699951171875
1995-06-26,926.97998046875
1995-06-27,919.5599975585938
1995-06-28,920.52001953125
1995-06-29,926.8099975585938
1995-06-30,933.4500122070312
1995-07-03,934.530029296875
1995-07-05,941.8200073242188
1995-07-06,952.9299926757812
1995-07-07,969.760009765625
1995-07-10,976.6300048828125
1995-07-11,970.219970703125
1995-07-12,988.6300048828125
1995-07-13,994.1500244140625
1995-07-14,999.3300170898438
1995-07-17,1005.8900146484375
1995-07-18,988.530029296875
1995-07-19,952.8699951171875
1995-07-20,960.5700073242188
1995-07-21,961.77001953125
1995-07-24,978.5700073242188
1995-07-25,993.75
1995-07-26,1000.1799926757812
1995-07-27,1010.6599731445312
1995-07-28,1005.280029296875
1995-07-31,1001.2100219726562
1995-08-01,991.1099853515625
1995-08-02,983.75
1995-08-03,982.7000122070312
1995-08-04,991.0900268554688
1995-08-07,995.219970703125
1995-08-08,997.1199951171875
1995-08-09,1005.0999755859375
1995-08-10,1000.6099853515625
1995-08-11,1004.1099853515625
1995-08-14,1012.4400024414062
1995-08-15,1012.3699951171875
1995-08-16,1025.75
1995-08-17,1029.239990234375
1995-08-18,1031.280029296875
1995-08-21,1019.7000122070312
1995-08-22,1025.2900390625
1995-08-23,1028.18994140625
1995-08-24,1020.9299926757812
1995-08-25,1019.969970703125
1995-08-28,1008.1500244140625
1995-08-29,1003.6400146484375
1995-08-30,1012.6099853515625
1995-08-31,1020.1099853515625
1995-09-01,1019.469970703125
1995-09-05,1039.300048828125
1995-09-06,1044.280029296875
1995-09-07,1051.0799560546875
1995-09-08,1060.030029296875
1995-09-11,1066.56005859375
1995-09-12,1065.0
1995-09-13,1067.4000244140625
1995-09-14,1066.9599609375
1995-09-15,1051.0999755859375
1995-09-18,1050.1800537109375
1995-09-19,1060.3199462890625
1995-09-20,1065.0899658203125
1995-09-21,1058.510009765625
1995-09-22,1053.3900146484375
1995-09-25,1046.1500244140625
1995-09-26,1038.050048828125
1995-09-27,1026.5400390625
1995-09-28,1047.050048828125
1995-09-29,1043.5400390625
1995-10-02,1027.5699462890625
1995-10-03,1020.4500122070312
1995-10-04,1002.27001953125
1995-10-05,1014.2000122070312
1995-10-06,1012.0399780273438
1995-10-09,984.739990234375
1995-10-10,983.469970703125
1995-10-11,1001.5700073242188
1995-10-12,1015.6300048828125
1995-10-13,1018.3800048828125
1995-10-16,1018.1300048828125
1995-10-17,1035.43994140625
1995-10-18,1045.3699951171875
1995-10-19,1046.969970703125
1995-10-20,1039.530029296875
1995-10-23,1036.9200439453125
1995-10-24,1039.239990234375
1995-10-25,1026.469970703125
1995-10-26,1017.5700073242188
1995-10-27,1025.550048828125
1995-10-30,1039.68994140625
1995-10-31,1036.06005859375
1995-11-01,1040.5
1995-11-02,1057.3199462890625
1995-11-03,1065.6600341796875
1995-11-06,1062.1400146484375
1995-11-07,1043.9000244140625
1995-11-08,1047.93994140625
1995-11-09,1065.5899658203125
1995-11-10,1063.8699951171875
1995-11-13,1058.4599609375
1995-11-14,1040.6199951171875
1995-11-15,1041.8499755859375
1995-11-16,1044.47998046875
1995-11-17,1045.030029296875
1995-11-20,1029.469970703125
1995-11-21,1024.989990234375
1995-11-22,1021.239990234375
1995-11-24,1030.1700439453125
1995-11-27,1029.3199462890625
1995-11-28,1050.050048828125
1995-11-29,1057.5699462890625
1995-11-30,1059.199951171875
1995-12-01,1055.31005859375
1995-12-04,1069.7900390625
1995-12-05,1065.8900146484375
1995-12-06,1061.72998046875
1995-12-07,1053.1700439453125
1995-12-08,1062.4100341796875
1995-12-11,1061.5
1995-12-12,1052.0699462890625
1995-12-13,1056.5400390625
1995-12-14,1038.18994140625
1995-12-15,1030.47998046875
1995-12-18,1002.5599975585938
1995-12-19,1026.4100341796875
1995-12-20,1025.27001953125
1995-12-21,1040.6400146484375
1995-12-22,1046.8900146484375
1995-12-26,1049.3699951171875
1995-12-27,1048.1300048828125
1995-12-28,1042.219970703125
1995-12-29,1052.1300048828125
1996-01-02,1058.6500244140625
1996-01-03,1046.260009765625
1996-01-04,1029.8199462890625
1996-01-05,1033.469970703125
1996-01-08,1032.3699951171875
1996-01-09,998.8099975585938
1996-01-10,990.2100219726562
1996-01-11,1011.0999755859375
1996-01-12,1008.22998046875
1996-01-15,988.5700073242188
1996-01-16,995.8699951171875
1996-01-17,998.2999877929688
1996-01-18,1007.239990234375
1996-01-19,1018.4500122070312
1996-01-22,1029.43994140625
1996-01-23,1028.0400390625
1996-01-24,1043.4599609375
1996-01-25,1035.949951171875
1996-01-26,1040.9599609375
1996-01-29,1042.510009765625
1996-01-30,1051.300048828125
1996-01-31,1059.7900390625
1996-02-01,1069.4599609375
1996-02-02,1072.1099853515625
1996-02-05,1083.3399658203125
1996-02-06,1089.0799560546875
1996-02-07,1084.8800048828125
1996-02-08,1093.1700439453125
1996-02-09,1094.5999755859375
1996-02-12,1095.3800048828125
1996-02-13,1087.219970703125
1996-02-14,1088.030029296875
1996-02-15,1090.5400390625
1996-02-16,1090.7099609375
1996-02-20,1083.239990234375
1996-02-21,1096.8499755859375
1996-02-22,1117.1099853515625
1996-02-23,1117.7900390625
1996-02-26,1113.050048828125
1996-02-27,1106.1700439453125
1996-02-28,1107.550048828125
1996-02-29,1100.050048828125
1996-03-01,1086.0799560546875
1996-03-04,1084.8800048828125
1996-03-05,1096.81005859375
1996-03-06,1091.8199462890625
1996-03-07,1093.1199951171875
1996-03-08,1063.72998046875
1996-03-11,1080.5
1996-03-12,1073.050048828125
1996-03-13,1088.6400146484375
1996-03-14,1091.0699462890625
1996-03-15,1099.5899658203125
1996-03-18,1114.4200439453125
1996-03-19,1112.5
1996-03-20,1101.8199462890625
1996-03-21,1099.7900390625
1996-03-22,1102.219970703125
1996-03-25,1087.0899658203125
1996-03-26,1088.3499755859375
1996-03-27,1093.8800048828125
1996-03-28,1094.8299560546875
1996-03-29,1101.4000244140625
1996-04-01,1106.5699462890625
1996-04-02,1111.2900390625
1996-04-03,1115.8499755859375
1996-04-04,1118.2099609375
1996-04-08,1105.6600341796875
1996-04-09,1109.1500244140625
1996-04-10,1105.280029296875
1996-04-11,1097.1400146484375
1996-04-12,1100.93994140625
1996-04-15,1110.43994140625
1996-04-16,1124.9200439453125
1996-04-17,1120.8699951171875
1996-04-18,1136.300048828125
1996-04-19,1138.699951171875
1996-04-22,1153.5
1996-04-23,1166.760009765625
1996-04-24,1176.8299560546875
1996-04-25,1184.1700439453125
1996-04-26,1186.8900146484375
1996-04-29,1188.199951171875
1996-04-30,1190.52001953125
1996-05-01,1199.6600341796875
1996-05-02,1178.3299560546875
1996-05-03,1184.5999755859375
1996-05-06,1186.31005859375
1996-05-07,1182.6700439453125
1996-05-08,1183.4300537109375
1996-05-09,1187.8199462890625
1996-05-10,1202.760009765625
1996-05-13,1221.8699951171875
1996-05-14,1234.489990234375
1996-05-15,1233.56005859375
1996-05-16,1239.31005859375
1996-05-17,1241.8800048828125
1996-05-20,1248.1099853515625
1996-05-21,1244.4200439453125
1996-05-22,1247.3800048828125
1996-05-23,1248.6500244140625
1996-05-24,1247.800048828125
1996-05-28,1236.300048828125
1996-05-29,1225.6300048828125
1996-05-30,1233.47998046875
1996-05-31,1243.4300537109375
1996-06-03,1238.72998046875
1996-06-04,1243.6800537109375
1996-06-05,1249.1500244140625
1996-06-06,1232.52001953125
1996-06-07,1229.760009765625
1996-06-10,1230.0400390625
1996-06-11,1230.760009765625
1996-06-12,1235.469970703125
1996-06-13,1225.6500244140625
1996-06-14,1213.1800537109375
1996-06-17,1207.6400146484375
1996-06-18,1183.0799560546875
1996-06-19,1179.27001953125
1996-06-20,1167.3399658203125
1996-06-21,1175.43994140625
1996-06-24,1182.9000244140625
1996-06-25,1172.5799560546875
1996-06-26,1153.2900390625
1996-06-27,1166.010009765625
1996-06-28,1185.02001953125
1996-07-01,1197.449951171875
1996-07-02,1191.1500244140625
1996-07-03,1181.5999755859375
1996-07-05,1158.3499755859375
1996-07-08,1148.8199462890625
1996-07-09,1153.5899658203125
1996-07-10,1141.18994140625
1996-07-11,1106.3599853515625
1996-07-12,1103.489990234375
1996-07-15,1060.18994140625
1996-07-16,1053.469970703125
1996-07-17,1086.6500244140625
1996-07-18,1109.8199462890625
1996-07-19,1097.6800537109375
1996-07-22,1081.3900146484375
1996-07-23,1049.0699462890625
1996-07-24,1042.3699951171875
1996-07-25,1062.3900146484375
1996-07-26,1079.43994140625
1996-07-29,1066.469970703125
1996-07-30,1071.949951171875
1996-07-31,1080.5899658203125
1996-08-01,1098.8499755859375
1996-08-02,1124.9200439453125
1996-08-05,1120.530029296875
1996-08-06,1128.8699951171875
1996-08-07,1141.1099853515625
1996-08-08,1137.510009765625
1996-08-09,1137.27001953125
1996-08-12,1138.27001953125
1996-08-13,1126.1500244140625
1996-08-14,1133.510009765625
1996-08-15,1134.68994140625
1996-08-16,1133.6500244140625
1996-08-19,1130.9100341796875
1996-08-20,1124.6700439453125
1996-08-21,1126.8399658203125
1996-08-22,1143.9599609375
1996-08-23,1143.050048828125
1996-08-26,1139.219970703125
1996-08-27,1149.02001953125
1996-08-28,1153.8800048828125
1996-08-29,1145.030029296875
1996-08-30,1141.5
1996-09-03,1142.2900390625
1996-09-04,1143.8199462890625
1996-09-05,1125.6600341796875
1996-09-06,1139.3900146484375
1996-09-09,1148.7099609375
1996-09-10,1149.4300537109375
1996-09-11,1153.949951171875
1996-09-12,1165.81005859375
1996-09-13,1188.6700439453125
1996-09-16,1193.9599609375
1996-09-17,1203.31005859375
1996-09-18,1205.7099609375
1996-09-19,1212.0899658203125
1996-09-20,1219.68994140625
1996-09-23,1211.469970703125
1996-09-24,1215.27001953125
1996-09-25,1224.6600341796875
1996-09-26,1227.97998046875
1996-09-27,1230.050048828125
1996-09-30,1226.9200439453125
1996-10-01,1221.510009765625
1996-10-02,1236.1099853515625
1996-10-03,1233.0899658203125
1996-10-04,1247.56005859375
1996-10-07,1250.8699951171875
1996-10-08,1240.1500244140625
1996-10-09,1237.97998046875
1996-10-10,1236.969970703125
1996-10-11,1248.27001953125
1996-10-14,1256.3599853515625
1996-10-15,1258.0999755859375
1996-10-16,1250.989990234375
1996-10-17,1241.9599609375
1996-10-18,1242.47998046875
1996-10-21,1236.4100341796875
1996-10-22,1220.0
1996-10-23,1227.8800048828125
1996-10-24,1227.0
1996-10-25,1222.5999755859375
1996-10-28,1215.8900146484375
1996-10-29,1203.050048828125
1996-10-30,1206.22998046875
1996-10-31,1221.510009765625
1996-11-01,1221.780029296875
1996-11-04,1220.47998046875
1996-11-05,1229.0699462890625
1996-11-06,1245.489990234375
1996-11-07,1254.1400146484375
1996-11-08,1257.510009765625
1996-11-11,1262.6700439453125
1996-11-12,1256.530029296875
1996-11-13,1260.719970703125
1996-11-14,1270.3599853515625
1996-11-15,1261.800048828125
1996-11-18,1254.5699462890625
1996-11-19,1262.6199951171875
1996-11-20,1264.93994140625
1996-11-21,1258.0799560546875
1996-11-22,1274.3599853515625
1996-11-25,1280.3699951171875
1996-11-26,1281.199951171875
1996-11-27,1287.3199462890625
1996-11-29,1292.6099853515625
1996-12-02,1299.8199462890625
1996-12-03,1300.3699951171875
1996-12-04,1297.02001953125
1996-12-05,1300.1199951171875
1996-12-06,1287.6800537109375
1996-12-09,1316.27001953125
1996-12-10,1312.550048828125
1996-12-11,1309.1199951171875
1996-12-12,1298.3299560546875
1996-12-13,1284.9100341796875
1996-12-16,1260.97998046875
1996-12-17,1266.3199462890625
1996-12-18,1285.3800048828125
1996-12-19,1295.8599853515625
1996-12-20,1288.56005859375
1996-12-23,1279.52001953125
1996-12-24,1287.6300048828125
1996-12-26,1294.5699462890625
1996-12-27,1291.3800048828125
1996-12-30,1287.75
1996-12-31,1291.030029296875
1997-01-02,1280.699951171875
1997-01-03,1310.6800537109375
1997-01-06,1316.4000244140625
1997-01-07,1327.72998046875
1997-01-08,1320.3499755859375
1997-01-09,1326.199951171875
1997-01-10,1332.02001953125
1997-01-13,1330.9100341796875
1997-01-14,1346.3599853515625
1997-01-15,1333.530029296875
1997-01-16,1340.4599609375
1997-01-17,1349.050048828125
1997-01-20,1364.280029296875
1997-01-21,1376.969970703125
1997-01-22,1388.06005859375
1997-01-23,1378.3699951171875
1997-01-24,1363.8299560546875
1997-01-27,1352.81005859375
1997-01-28,1354.3699951171875
1997-01-29,1355.1700439453125
1997-01-30,1371.02001953125
1997-01-31,1379.8499755859375
1997-02-03,1376.050048828125
1997-02-04,1373.75
1997-02-05,1348.43994140625
1997-02-06,1346.4000244140625
1997-02-07,1357.7099609375
1997-02-10,1335.3399658203125
1997-02-11,1331.510009765625
1997-02-12,1358.9599609375
1997-02-13,1370.81005859375
1997-02-14,1367.18994140625
1997-02-18,1365.7900390625
1997-02-19,1365.5799560546875
1997-02-20,1347.4000244140625
1997-02-21,1334.3199462890625
1997-02-24,1345.0799560546875
1997-02-25,1347.68994140625
1997-02-26,1340.550048828125
1997-02-27,1312.6600341796875
1997-02-28,1309.0
1997-03-03,1311.1800537109375
1997-03-04,1317.3699951171875
1997-03-05,1329.0899658203125
1997-03-06,1315.4300537109375
1997-03-07,1311.800048828125
1997-03-10,1322.719970703125
1997-03-11,1316.760009765625
1997-03-12,1304.1300048828125
1997-03-13,1293.280029296875
1997-03-14,1292.969970703125
1997-03-17,1279.4300537109375
1997-03-18,1269.3399658203125
1997-03-19,1249.2900390625
1997-03-20,1259.260009765625
1997-03-21,1254.0699462890625
1997-03-24,1242.6400146484375
1997-03-25,1248.06005859375
1997-03-26,1269.0799560546875
1997-03-27,1249.510009765625
1997-03-31,1221.699951171875
1997-04-01,1216.9300537109375
1997-04-02,1201.0
1997-04-03,1213.760009765625
1997-04-04,1236.72998046875
1997-04-07,1251.3499755859375
1997-04-08,1257.3699951171875
1997-04-09,1249.4300537109375
1997-04-10,1235.77001953125
1997-04-11,1206.9000244140625
1997-04-14,1216.4100341796875
1997-04-15,1212.8800048828125
1997-04-16,1210.27001953125
1997-04-17,1217.0699462890625
1997-04-18,1222.5699462890625
1997-04-21,1203.949951171875
1997-04-22,1212.739990234375
1997-04-23,1227.1400146484375
1997-04-24,1228.0999755859375
1997-04-25,1209.2900390625
1997-04-28,1217.030029296875
1997-04-29,1242.6300048828125
1997-04-30,1260.760009765625
1997-05-01,1270.5
1997-05-02,1305.3299560546875
1997-05-05,1339.239990234375
1997-05-06,1328.300048828125
1997-05-07,1322.9100341796875
1997-05-08,1330.8299560546875
1997-05-09,1335.050048828125
1997-05-12,1344.18994140625
1997-05-13,1333.5899658203125
1997-05-14,1335.550048828125
1997-05-15,1353.5799560546875
1997-05-16,1340.72998046875
1997-05-19,1341.239990234375
1997-05-20,1363.8800048828125
1997-05-21,1373.75
1997-05-22,1372.5999755859375
1997-05-23,1389.719970703125
1997-05-27,1409.2099609375
1997-05-28,1410.1800537109375
1997-05-29,1403.0400390625
1997-05-30,1400.3199462890625
1997-06-02,1404.7900390625
1997-06-03,1384.9100341796875
1997-06-04,1379.6700439453125
1997-06-05,1390.050048828125
1997-06-06,1404.8399658203125
1997-06-09,1412.0400390625
1997-06-10,1401.68994140625
1997-06-11,1407.8499755859375
1997-06-12,1411.3199462890625
1997-06-13,1423.030029296875
1997-06-16,1431.949951171875
1997-06-17,1443.1099853515625
1997-06-18,1432.4300537109375
1997-06-19,1447.1400146484375
1997-06-20,1447.0999755859375
1997-06-23,1434.3199462890625
1997-06-24,1452.4300537109375
1997-06-25,1446.239990234375
1997-06-26,1436.3800048828125
1997-06-27,1438.1500244140625
1997-06-30,1442.0699462890625
1997-07-01,1438.25
1997-07-02,1455.6099853515625
1997-07-03,1467.6099853515625
1997-07-07,1470.739990234375
1997-07-08,1485.0999755859375
1997-07-09,1486.6300048828125
1997-07-10,1490.9300537109375
1997-07-11,1502.6199951171875
1997-07-14,1523.8800048828125
1997-07-15,1542.1099853515625
1997-07-16,1580.6300048828125
1997-07-17,1568.8499755859375
1997-07-18,1547.989990234375
1997-07-21,1536.22998046875
1997-07-22,1563.8599853515625
1997-07-23,1567.6500244140625
1997-07-24,1569.1300048828125
1997-07-25,1569.5799560546875
1997-07-28,1563.530029296875
1997-07-29,1572.3199462890625
1997-07-30,1588.050048828125
1997-07-31,1593.81005859375
1997-08-01,1594.3299560546875
1997-08-04,1605.449951171875
1997-08-05,1621.530029296875
1997-08-06,1630.43994140625
1997-08-07,1624.1800537109375
1997-08-08,1598.52001953125
1997-08-11,1586.739990234375
1997-08-12,1576.239990234375
1997-08-13,1583.4000244140625
1997-08-14,1586.68994140625
1997-08-15,1562.030029296875
1997-08-18,1569.52001953125
1997-08-19,1600.7099609375
1997-08-20,1628.699951171875
1997-08-21,1607.3599853515625
1997-08-22,1598.68994140625
1997-08-25,1601.5699462890625
1997-08-26,1591.300048828125
1997-08-27,1595.5400390625
1997-08-28,1581.3199462890625
1997-08-29,1587.3199462890625
1997-09-02,1618.0899658203125
1997-09-03,1618.239990234375
1997-09-04,1624.6300048828125
1997-09-05,1635.77001953125
1997-09-08,1645.3499755859375
1997-09-09,1656.219970703125
1997-09-10,1639.25
1997-09-11,1639.8599853515625
1997-09-12,1649.3299560546875
1997-09-15,1634.9200439453125
1997-09-16,1668.5999755859375
1997-09-17,1666.469970703125
1997-09-18,1670.02001953125
1997-09-19,1680.3599853515625
1997-09-22,1689.449951171875
1997-09-23,1697.3599853515625
1997-09-24,1687.4100341796875
1997-09-25,1678.8900146484375
1997-09-26,1682.239990234375
1997-09-29,1694.97998046875
1997-09-30,1685.68994140625
1997-10-01,1690.300048828125
1997-10-02,1702.4100341796875
1997-10-03,1715.8699951171875
1997-10-06,1721.9100341796875
1997-10-07,1737.27001953125
1997-10-08,1741.77001953125
1997-10-09,1745.8499755859375
1997-10-10,1739.030029296875
1997-10-13,1742.1199951171875
1997-10-14,1732.7900390625
1997-10-15,1723.3699951171875
1997-10-16,1699.6600341796875
1997-10-17,1666.8499755859375
1997-10-20,1685.449951171875
1997-10-21,1712.5400390625
1997-10-22,1708.0799560546875
1997-10-23,1671.25
1997-10-24,1650.9200439453125
1997-10-27,1532.75
1997-10-28,1603.02001953125
1997-10-29,1602.75
1997-10-30,1570.4100341796875
1997-10-31,1593.6099853515625
1997-11-03,1629.97998046875
1997-11-04,1631.1500244140625
1997-11-05,1637.3299560546875
1997-11-06,1623.43994140625
1997-11-07,1602.4000244140625
1997-11-10,1590.719970703125
1997-11-11,1584.8599853515625
1997-11-12,1541.7099609375
1997-11-13,1559.25
1997-11-14,1583.510009765625
1997-11-17,1614.1099853515625
1997-11-18,1600.43994140625
1997-11-19,1601.219970703125
1997-11-20,1626.56005859375
1997-11-21,1620.75
1997-11-24,1586.989990234375
1997-11-25,1589.0400390625
1997-11-26,1594.5
1997-11-28,1600.550048828125
1997-12-01,1630.719970703125
1997-12-02,1606.3699951171875
1997-12-03,1615.1300048828125
1997-12-04,1613.4200439453125
1997-12-05,1633.9000244140625
1997-12-08,1651.5400390625
1997-12-09,1620.550048828125
1997-12-10,1596.6099853515625
1997-12-11,1558.5400390625
1997-12-12,1536.5799560546875
1997-12-15,1536.56005859375
1997-12-16,1553.0
1997-12-17,1547.3699951171875
1997-12-18,1523.18994140625
1997-12-19,1524.739990234375
1997-12-22,1532.06005859375
1997-12-23,1509.9100341796875
1997-12-24,1499.530029296875
1997-12-26,1511.3800048828125
1997-12-29,1537.449951171875
1997-12-30,1565.030029296875
1997-12-31,1570.3499755859375
1998-01-02,1581.530029296875
1998-01-05,1594.1199951171875
1998-01-06,1580.1400146484375
1998-01-07,1561.699951171875
1998-01-08,1555.5400390625
1998-01-09,1503.219970703125
1998-01-12,1507.5799560546875
1998-01-13,1541.6300048828125
1998-01-14,1548.760009765625
1998-01-15,1547.06005859375
1998-01-16,1562.8800048828125
1998-01-20,1590.1400146484375
1998-01-21,1587.9200439453125
1998-01-22,1576.510009765625
1998-01-23,1575.9300537109375
1998-01-26,1561.4599609375
1998-01-27,1578.9000244140625
1998-01-28,1610.8199462890625
1998-01-29,1619.489990234375
1998-01-30,1619.3599853515625
1998-02-02,1652.8900146484375
1998-02-03,1666.3399658203125
1998-02-04,1680.43994140625
1998-02-05,1676.9000244140625
1998-02-06,1694.3499755859375
1998-02-09,1690.4300537109375
1998-02-10,1709.0400390625
1998-02-11,1708.550048828125
1998-02-12,1714.3399658203125
1998-02-13,1710.4200439453125
1998-02-17,1703.4300537109375
1998-02-18,1715.72998046875
1998-02-19,1727.010009765625
1998-02-20,1728.1300048828125
1998-02-23,1751.760009765625
1998-02-24,1738.7099609375
1998-02-25,1766.47998046875
1998-02-26,1777.1099853515625
1998-02-27,1770.510009765625
1998-03-02,1758.5400390625
1998-03-03,1757.1400146484375
1998-03-04,1759.699951171875
1998-03-05,1711.9200439453125
1998-03-06,1753.489990234375
1998-03-09,1725.1600341796875
1998-03-10,1748.510009765625
1998-03-11,1756.8499755859375
1998-03-12,1764.06005859375
1998-03-13,1771.6600341796875
1998-03-16,1788.1800537109375
1998-03-17,1779.300048828125
1998-03-18,1788.280029296875
1998-03-19,1799.97998046875
1998-03-20,1789.1600341796875
1998-03-23,1792.510009765625
1998-03-24,1812.43994140625
1998-03-25,1824.510009765625
1998-03-26,1828.5400390625
1998-03-27,1823.6199951171875
1998-03-30,1818.699951171875
1998-03-31,1835.6800537109375
1998-04-01,1847.6600341796875
1998-04-02,1852.9599609375
1998-04-03,1855.4000244140625
1998-04-06,1829.1400146484375
1998-04-07,1798.7099609375
1998-04-08,1807.010009765625
1998-04-09,1820.239990234375
1998-04-13,1824.949951171875
1998-04-14,1843.030029296875
1998-04-15,1863.260009765625
1998-04-16,1858.239990234375
1998-04-17,1866.5999755859375
1998-04-20,1887.1400146484375
1998-04-21,1903.8699951171875
1998-04-22,1917.6099853515625
1998-04-23,1881.3900146484375
1998-04-24,1868.9599609375
1998-04-27,1820.31005859375
1998-04-28,1831.77001953125
1998-04-29,1851.6400146484375
1998-04-30,1868.4100341796875
1998-05-01,1873.43994140625
1998-05-04,1878.8599853515625
1998-05-05,1864.9100341796875
1998-05-06,1856.6800537109375
1998-05-07,1835.1400146484375
1998-05-08,1864.3699951171875
1998-05-11,1848.0699462890625
1998-05-12,1860.1600341796875
1998-05-13,1866.1800537109375
1998-05-14,1865.3599853515625
1998-05-15,1846.77001953125
1998-05-18,1831.6199951171875
1998-05-19,1845.8699951171875
1998-05-20,1831.75
1998-05-21,1820.989990234375
1998-05-22,1805.0
1998-05-26,1778.0899658203125
1998-05-27,1781.0999755859375
1998-05-28,1794.6199951171875
1998-05-29,1778.8699951171875
1998-06-01,1746.8199462890625
1998-06-02,1761.7900390625
1998-06-03,1742.31005859375
1998-06-04,1769.949951171875
1998-06-05,1782.9200439453125
1998-06-08,1787.77001953125
1998-06-09,1800.760009765625
1998-06-10,1773.25
1998-06-11,1749.75
1998-06-12,1745.050048828125
1998-06-15,1715.75
1998-06-16,1753.1199951171875
1998-06-17,1776.4000244140625
1998-06-18,1772.699951171875
1998-06-19,1781.2900390625
1998-06-22,1805.8199462890625
1998-06-23,1844.5699462890625
1998-06-24,1877.760009765625
1998-06-25,1863.25
1998-06-26,1869.530029296875
1998-06-29,1891.0799560546875
1998-06-30,1894.739990234375
1998-07-01,1914.4599609375
1998-07-02,1894.0
1998-07-06,1909.469970703125
1998-07-07,1908.1099853515625
1998-07-08,1935.3900146484375
1998-07-09,1939.8199462890625
1998-07-10,1943.0400390625
1998-07-13,1965.530029296875
1998-07-14,1968.4100341796875
1998-07-15,1994.5400390625
1998-07-16,2000.56005859375
1998-07-17,2008.760009765625
1998-07-20,2014.25
1998-07-21,1979.1400146484375
1998-07-22,1969.75
1998-07-23,1935.219970703125
1998-07-24,1930.989990234375
1998-07-27,1933.260009765625
1998-07-28,1896.530029296875
1998-07-29,1881.489990234375
1998-07-30,1919.5799560546875
1998-07-31,1872.3900146484375
1998-08-03,1851.0999755859375
1998-08-04,1785.6400146484375
1998-08-05,1788.199951171875
1998-08-06,1829.510009765625
1998-08-07,1846.77001953125
1998-08-10,1839.2099609375
1998-08-11,1792.699951171875
1998-08-12,1825.530029296875
1998-08-13,1802.5400390625
1998-08-14,1790.18994140625
1998-08-17,1818.0400390625
1998-08-18,1855.1199951171875
1998-08-19,1842.68994140625
1998-08-20,1832.449951171875
1998-08-21,1797.6099853515625
1998-08-24,1790.8199462890625
1998-08-25,1798.1700439453125
1998-08-26,1768.1300048828125
1998-08-27,1686.4100341796875
1998-08-28,1639.6800537109375
1998-08-31,1499.25
1998-09-01,1575.0899658203125
1998-09-02,1592.8499755859375
1998-09-03,1571.8599853515625
1998-09-04,1566.52001953125
1998-09-08,1660.8599853515625
1998-09-09,1624.550048828125
1998-09-10,1585.3299560546875
1998-09-11,1641.6400146484375
1998-09-14,1665.68994140625
1998-09-15,1678.1099853515625
1998-09-16,1689.9100341796875
1998-09-17,1646.25
1998-09-18,1663.77001953125
1998-09-21,1680.4300537109375
1998-09-22,1697.800048828125
1998-09-23,1760.27001953125
1998-09-24,1720.3399658203125
1998-09-25,1743.5899658203125
1998-09-28,1739.219970703125
1998-09-29,1734.050048828125
1998-09-30,1693.8399658203125
1998-10-01,1612.3299560546875
1998-10-02,1614.97998046875
1998-10-05,1536.68994140625
1998-10-06,1510.8900146484375
1998-10-07,1462.6099853515625
1998-10-08,1419.1199951171875
1998-10-09,1492.489990234375
1998-10-12,1546.0799560546875
1998-10-13,1509.449951171875
1998-10-14,1540.969970703125
1998-10-15,1611.010009765625
1998-10-16,1620.949951171875
1998-10-19,1648.72998046875
1998-10-20,1639.18994140625
1998-10-21,1674.75
1998-10-22,1702.6400146484375
1998-10-23,1693.8599853515625
1998-10-26,1724.97998046875
1998-10-27,1717.6300048828125
1998-10-28,1737.3499755859375
1998-10-29,1757.18994140625
1998-10-30,1771.3900146484375
1998-11-02,1800.9100341796875
1998-11-03,1788.4300537109375
1998-11-04,1823.5699462890625
1998-11-05,1837.0999755859375
1998-11-06,1856.56005859375
1998-11-09,1861.050048828125
1998-11-10,1865.6199951171875
1998-11-11,1862.1099853515625
1998-11-12,1851.06005859375
1998-11-13,1847.989990234375
1998-11-16,1861.6800537109375
1998-11-17,1878.52001953125
1998-11-18,1897.43994140625
1998-11-19,1919.6800537109375
1998-11-20,1928.2099609375
1998-11-23,1977.4200439453125
1998-11-24,1965.8800048828125
1998-11-25,1985.2099609375
1998-11-27,2016.43994140625
1998-11-30,1949.5400390625
1998-12-01,2003.75
1998-12-02,1995.2099609375
1998-12-03,1954.3299560546875
1998-12-04,2003.1600341796875
1998-12-07,2040.6400146484375
1998-12-08,2034.75
1998-12-09,2050.419921875
1998-12-10,2015.9599609375
1998-12-11,2029.31005859375
1998-12-14,1966.9200439453125
1998-12-15,2012.5999755859375
1998-12-16,2009.3599853515625
1998-12-17,2043.8800048828125
1998-12-18,2086.139892578125
1998-12-21,2138.030029296875
1998-12-22,2120.97998046875
1998-12-23,2172.5400390625
1998-12-24,2163.0400390625
1998-12-28,2180.300048828125
1998-12-29,2181.77001953125
1998-12-30,2166.949951171875
1998-12-31,2192.68994140625
1999-01-04,2208.050048828125
1999-01-05,2251.27001953125
1999-01-06,2320.860107421875
1999-01-07,2326.090087890625
1999-01-08,2344.409912109375
1999-01-11,2384.590087890625
1999-01-12,2320.75
1999-01-13,2316.81005859375
1999-01-14,2276.820068359375
1999-01-15,2348.199951171875
1999-01-19,2408.169921875
1999-01-20,2415.489990234375
1999-01-21,2344.719970703125
1999-01-22,2338.8798828125
1999-01-25,2369.31005859375
1999-01-26,2433.409912109375
1999-01-27,2407.139892578125
1999-01-28,2477.340087890625
1999-01-29,2505.889892578125
1999-02-01,2510.090087890625
1999-02-02,2463.419921875
1999-02-03,2493.409912109375
1999-02-04,2410.070068359375
1999-02-05,2373.6201171875
1999-02-08,2404.919921875
1999-02-09,2310.7900390625
1999-02-10,2309.5
1999-02-11,2405.550048828125
1999-02-12,2321.889892578125
1999-02-16,2313.8701171875
1999-02-17,2248.909912109375
1999-02-18,2260.550048828125
1999-02-19,2283.60009765625
1999-02-22,2342.010009765625
1999-02-23,2376.35009765625
1999-02-24,2339.3798828125
1999-02-25,2326.820068359375
1999-02-26,2288.030029296875
1999-03-01,2295.179931640625
1999-03-02,2259.030029296875
1999-03-03,2265.199951171875
1999-03-04,2292.889892578125
1999-03-05,2337.110107421875
1999-03-08,2397.6201171875
1999-03-09,2392.93994140625
1999-03-10,2406.0
1999-03-11,2412.25
1999-03-12,2381.530029296875
1999-03-15,2431.43994140625
1999-03-16,2439.27001953125
1999-03-17,2428.969970703125
1999-03-18,2462.9599609375
1999-03-19,2421.27001953125
1999-03-22,2395.93994140625
1999-03-23,2322.840087890625
1999-03-24,2365.280029296875
1999-03-25,2434.800048828125
1999-03-26,2419.169921875
1999-03-29,2492.840087890625
1999-03-30,2480.2900390625
1999-03-31,2461.39990234375
1999-04-01,2493.3701171875
1999-04-05,2560.06005859375
1999-04-06,2563.169921875
1999-04-07,2544.429931640625
1999-04-08,2573.389892578125
1999-04-09,2593.050048828125
1999-04-12,2598.81005859375
1999-04-13,2583.5
1999-04-14,2507.280029296875
1999-04-15,2521.77001953125
1999-04-16,2484.0400390625
1999-04-19,2345.610107421875
1999-04-20,2409.639892578125
1999-04-21,2489.080078125
1999-04-22,2561.610107421875
1999-04-23,2590.68994140625
1999-04-26,2652.050048828125
1999-04-27,2602.409912109375
1999-04-28,2550.3701171875
1999-04-29,2528.43994140625
1999-04-30,2542.860107421875
1999-05-03,2535.580078125
1999-05-04,2485.1201171875
1999-05-05,2534.449951171875
1999-05-06,2472.280029296875
1999-05-07,2503.6201171875
1999-05-10,2526.389892578125
1999-05-11,2566.679931640625
1999-05-12,2606.5400390625
1999-05-13,2582.0
1999-05-14,2527.860107421875
1999-05-17,2561.840087890625
1999-05-18,2558.360107421875
1999-05-19,2577.39990234375
1999-05-20,2542.22998046875
1999-05-21,2520.139892578125
1999-05-24,2453.659912109375
1999-05-25,2380.89990234375
1999-05-26,2427.179931640625
1999-05-27,2419.14990234375
1999-05-28,2470.52001953125
1999-06-01,2412.030029296875
1999-06-02,2432.409912109375
1999-06-03,2403.320068359375
1999-06-04,2478.340087890625
1999-06-07,2524.2099609375
1999-06-08,2474.56005859375
1999-06-09,2519.35009765625
1999-06-10,2484.6201171875
1999-06-11,2447.8798828125
1999-06-14,2398.31005859375
1999-06-15,2414.669921875
1999-06-16,2517.830078125
1999-06-17,2544.14990234375
1999-06-18,2563.43994140625
1999-06-21,2630.280029296875
1999-06-22,2580.260009765625
1999-06-23,2598.1201171875
1999-06-24,2553.989990234375
1999-06-25,2552.64990234375
1999-06-28,2602.43994140625
1999-06-29,2642.110107421875
1999-06-30,2686.1201171875
1999-07-01,2706.179931640625
1999-07-02,2741.02001953125
1999-07-06,2736.780029296875
1999-07-07,2743.0400390625
1999-07-08,2771.860107421875
1999-07-09,2793.070068359375
1999-07-12,2790.43994140625
1999-07-13,2778.22998046875
1999-07-14,2818.1298828125
1999-07-15,2839.3701171875
1999-07-16,2864.47998046875
1999-07-19,2830.2900390625
1999-07-20,2732.179931640625
1999-07-21,2761.77001953125
1999-07-22,2684.43994140625
1999-07-23,2692.39990234375
1999-07-26,2619.18994140625
1999-07-27,2679.330078125
1999-07-28,2705.840087890625
1999-07-29,2640.010009765625
1999-07-30,2638.489990234375
1999-08-02,2623.6298828125
1999-08-03,2587.989990234375
1999-08-04,2540.0
1999-08-05,2565.830078125
1999-08-06,2547.969970703125
1999-08-09,2518.97998046875
1999-08-10,2490.110107421875
1999-08-11,2564.97998046875
1999-08-12,2549.489990234375
1999-08-13,2637.81005859375
1999-08-16,2645.280029296875
1999-08-17,2671.22998046875
1999-08-18,2657.72998046875
1999-08-19,2621.429931640625
1999-08-20,2648.330078125
1999-08-23,2719.570068359375
1999-08-24,2752.3701171875
1999-08-25,2805.60009765625
1999-08-26,2774.6201171875
1999-08-27,2758.89990234375
1999-08-30,2712.68994140625
1999-08-31,2739.35009765625
1999-09-01,2750.800048828125
1999-09-02,2734.239990234375
1999-09-03,2843.110107421875
1999-09-07,2837.260009765625
1999-09-08,2808.739990234375
1999-09-09,2852.02001953125
1999-09-10,2887.06005859375
1999-09-13,2844.77001953125
1999-09-14,2868.2900390625
1999-09-15,2814.169921875
1999-09-16,2806.719970703125
1999-09-17,2869.6201171875
1999-09-20,2886.14990234375
1999-09-21,2821.10009765625
1999-09-22,2858.159912109375
1999-09-23,2749.830078125
1999-09-24,2740.409912109375
1999-09-27,2761.75
1999-09-28,2756.25
1999-09-29,2730.27001953125
1999-09-30,2746.159912109375
1999-10-01,2736.85009765625
1999-10-04,2795.969970703125
1999-10-05,2799.669921875
1999-10-06,2857.2099609375
1999-10-07,2860.699951171875
1999-10-08,2886.570068359375
1999-10-11,2915.949951171875
1999-10-12,2872.429931640625
1999-10-13,2801.27001953125
1999-10-14,2806.840087890625
1999-10-15,2731.830078125
1999-10-18,2689.14990234375
1999-10-19,2688.179931640625
1999-10-20,2788.1298828125
1999-10-21,2801.949951171875
1999-10-22,2816.52001953125
1999-10-25,2815.949951171875
1999-10-26,2811.469970703125
1999-10-27,2802.52001953125
1999-10-28,2875.219970703125
1999-10-29,2966.429931640625
1999-11-01,2967.64990234375
1999-11-02,2981.6298828125
1999-11-03,3028.510009765625
1999-11-04,3055.949951171875
1999-11-05,3102.2900390625
1999-11-08,3143.969970703125
1999-11-09,3125.0400390625
1999-11-10,3155.9599609375
1999-11-11,3197.2900390625
1999-11-12,3221.14990234375
1999-11-15,3219.5400390625
1999-11-16,3295.52001953125
1999-11-17,3269.389892578125
1999-11-18,3347.110107421875
1999-11-19,3369.25
1999-11-22,3392.56005859375
1999-11-23,3342.8701171875
1999-11-24,3420.5
1999-11-26,3447.81005859375
1999-11-29,3421.3701171875
1999-11-30,3336.159912109375
1999-12-01,3353.7099609375
1999-12-02,3452.780029296875
1999-12-03,3520.6298828125
1999-12-06,3546.010009765625
1999-12-07,3586.919921875
1999-12-08,3586.080078125
1999-12-09,3594.169921875
1999-12-10,3620.239990234375
1999-12-13,3658.169921875
1999-12-14,3571.659912109375
1999-12-15,3621.949951171875
1999-12-16,3715.06005859375
1999-12-17,3753.06005859375
1999-12-20,3783.8701171875
1999-12-21,3911.14990234375
1999-12-22,3937.300048828125
1999-12-23,3969.43994140625
1999-12-27,3975.3798828125
1999-12-28,3972.110107421875
1999-12-29,4041.4599609375
1999-12-30,4036.8701171875
1999-12-31,4069.31005859375
2000-01-03,4131.14990234375
2000-01-04,3901.68994140625
2000-01-05,3877.5400390625
2000-01-06,3727.1298828125
2000-01-07,3882.6201171875
2000-01-10,4049.669921875
2000-01-11,3921.18994140625
2000-01-12,3850.02001953125
2000-01-13,3957.2099609375
2000-01-14,4064.27001953125
2000-01-18,4130.81005859375
2000-01-19,4151.2900390625
2000-01-20,4189.509765625
2000-01-21,4235.39990234375
2000-01-24,4096.080078125
2000-01-25,4167.41015625
2000-01-26,4069.909912109375
2000-01-27,4039.56005859375
2000-01-28,3887.070068359375
2000-01-31,3940.35009765625
2000-02-01,4051.97998046875
2000-02-02,4073.9599609375
2000-02-03,4210.97998046875
2000-02-04,4244.14013671875
2000-02-07,4321.77001953125
2000-02-08,4427.5
2000-02-09,4363.240234375
2000-02-10,4485.6298828125
2000-02-11,4395.4501953125
2000-02-14,4418.5498046875
2000-02-15,4420.77001953125
2000-02-16,4427.64990234375
2000-02-17,4548.919921875
2000-02-18,4411.740234375
2000-02-22,4382.1201171875
2000-02-23,4550.330078125
2000-02-24,4617.64990234375
2000-02-25,4590.5
2000-02-28,4577.85009765625
2000-02-29,4696.68994140625
2000-03-01,4784.080078125
2000-03-02,4754.509765625
2000-03-03,4914.7900390625
2000-03-06,4904.85009765625
2000-03-07,4847.83984375
2000-03-08,4897.259765625
2000-03-09,5046.85986328125
2000-03-10,5048.6201171875
2000-03-13,4907.240234375
2000-03-14,4706.6298828125
2000-03-15,4582.6201171875
2000-03-16,4717.39013671875
2000-03-17,4798.1298828125
2000-03-20,4610.0
2000-03-21,4711.68017578125
2000-03-22,4864.75
2000-03-23,4940.60986328125
2000-03-24,4963.02978515625
2000-03-27,4958.56005859375
2000-03-28,4833.89013671875
2000-03-29,4644.669921875
2000-03-30,4457.89013671875
2000-03-31,4572.830078125
2000-04-03,4223.68017578125
2000-04-04,4148.89013671875
2000-04-05,4169.22021484375
2000-04-06,4267.56005859375
2000-04-07,4446.4501953125
2000-04-10,4188.2001953125
2000-04-11,4055.89990234375
2000-04-12,3769.6298828125
2000-04-13,3676.780029296875
2000-04-14,3321.2900390625
2000-04-17,3539.159912109375
2000-04-18,3793.570068359375
2000-04-19,3706.409912109375
2000-04-20,3643.8798828125
2000-04-24,3482.47998046875
2000-04-25,3711.22998046875
2000-04-26,3630.090087890625
2000-04-27,3774.030029296875
2000-04-28,3860.659912109375
2000-05-01,3958.080078125
2000-05-02,3785.449951171875
2000-05-03,3707.31005859375
2000-05-04,3720.239990234375
2000-05-05,3816.820068359375
2000-05-08,3669.3798828125
2000-05-09,3585.010009765625
2000-05-10,3384.72998046875
2000-05-11,3499.580078125
2000-05-12,3529.06005859375
2000-05-15,3607.64990234375
2000-05-16,3717.570068359375
2000-05-17,3644.9599609375
2000-05-18,3538.7099609375
2000-05-19,3390.39990234375
2000-05-22,3364.2099609375
2000-05-23,3164.550048828125
2000-05-24,3270.610107421875
2000-05-25,3205.35009765625
2000-05-26,3205.110107421875
2000-05-30,3459.47998046875
2000-05-31,3400.909912109375
2000-06-01,3582.5
2000-06-02,3813.3798828125
2000-06-05,3821.760009765625
2000-06-06,3756.3701171875
2000-06-07,3839.260009765625
2000-06-08,3825.56005859375
2000-06-09,3874.840087890625
2000-06-12,3767.909912109375
2000-06-13,3851.06005859375
2000-06-14,3797.409912109375
2000-06-15,3845.739990234375
2000-06-16,3860.56005859375
2000-06-19,3989.830078125
2000-06-20,4013.360107421875
2000-06-21,4064.010009765625
2000-06-22,3936.840087890625
2000-06-23,3845.340087890625
2000-06-26,3912.1201171875
2000-06-27,3858.9599609375
2000-06-28,3940.340087890625
2000-06-29,3877.22998046875
2000-06-30,3966.110107421875
2000-07-03,3991.929931640625
2000-07-05,3863.10009765625
2000-07-06,3960.570068359375
2000-07-07,4023.199951171875
2000-07-10,3980.2900390625
2000-07-11,3956.419921875
2000-07-12,4099.58984375
2000-07-13,4174.85986328125
2000-07-14,4246.18017578125
2000-07-17,4274.669921875
2000-07-18,4177.169921875
2000-07-19,4055.6298828125
2000-07-20,4184.56005859375
2000-07-21,4094.449951171875
2000-07-24,3981.570068359375
2000-07-25,4029.570068359375
2000-07-26,3987.719970703125
2000-07-27,3842.22998046875
2000-07-28,3663.0
2000-07-31,3766.989990234375
2000-08-01,3685.52001953125
2000-08-02,3658.4599609375
2000-08-03,3759.8798828125
2000-08-04,3787.360107421875
2000-08-07,3862.989990234375
2000-08-08,3848.550048828125
2000-08-09,3853.5
2000-08-10,3759.989990234375
2000-08-11,3789.469970703125
2000-08-14,3849.68994140625
2000-08-15,3851.659912109375
2000-08-16,3861.199951171875
2000-08-17,3940.8701171875
2000-08-18,3930.340087890625
2000-08-21,3953.14990234375
2000-08-22,3958.2099609375
2000-08-23,4011.010009765625
2000-08-24,4053.280029296875
2000-08-25,4042.679931640625
2000-08-28,4070.590087890625
2000-08-29,4082.169921875
2000-08-30,4103.81005859375
2000-08-31,4206.35009765625
2000-09-01,4234.330078125
2000-09-05,4143.18017578125
2000-09-06,4013.340087890625
2000-09-07,4098.35009765625
2000-09-08,3978.409912109375
2000-09-11,3896.35009765625
2000-09-12,3849.510009765625
2000-09-13,3893.889892578125
2000-09-14,3913.860107421875
2000-09-15,3835.22998046875
2000-09-18,3726.52001953125
2000-09-19,3865.639892578125
2000-09-20,3897.43994140625
2000-09-21,3828.8701171875
2000-09-22,3803.760009765625
2000-09-25,3741.219970703125
2000-09-26,3689.10009765625
2000-09-27,3656.300048828125
2000-09-28,3778.320068359375
2000-09-29,3672.820068359375
2000-10-02,3568.89990234375
2000-10-03,3455.830078125
2000-10-04,3523.10009765625
2000-10-05,3472.10009765625
2000-10-06,3361.010009765625
2000-10-09,3355.56005859375
2000-10-10,3240.5400390625
2000-10-11,3168.489990234375
2000-10-12,3074.679931640625
2000-10-13,3316.77001953125
2000-10-16,3290.280029296875
2000-10-17,3213.9599609375
2000-10-18,3171.56005859375
2000-10-19,3418.60009765625
2000-10-20,3483.139892578125
2000-10-23,3468.68994140625
2000-10-24,3419.7900390625
2000-10-25,3229.570068359375
2000-10-26,3272.179931640625
2000-10-27,3278.360107421875
2000-10-30,3191.39990234375
2000-10-31,3369.6298828125
2000-11-01,3333.389892578125
2000-11-02,3429.02001953125
2000-11-03,3451.580078125
2000-11-06,3416.2099609375
2000-11-07,3415.7900390625
2000-11-08,3231.699951171875
2000-11-09,3200.35009765625
2000-11-10,3028.989990234375
2000-11-13,2966.719970703125
2000-11-14,3138.27001953125
2000-11-15,3165.489990234375
2000-11-16,3031.8798828125
2000-11-17,3027.18994140625
2000-11-20,2875.639892578125
2000-11-21,2871.449951171875
2000-11-22,2755.340087890625
2000-11-24,2904.3798828125
2000-11-27,2880.489990234375
2000-11-28,2734.97998046875
2000-11-29,2706.929931640625
2000-11-30,2597.929931640625
2000-12-01,2645.2900390625
2000-12-04,2615.75
2000-12-05,2889.800048828125
2000-12-06,2796.5
2000-12-07,2752.659912109375
2000-12-08,2917.429931640625
2000-12-11,3015.10009765625
2000-12-12,2931.77001953125
2000-12-13,2822.77001953125
2000-12-14,2728.510009765625
2000-12-15,2653.27001953125
2000-12-18,2624.52001953125
2000-12-19,2511.7099609375
2000-12-20,2332.780029296875
2000-12-21,2340.1201171875
2000-12-22,2517.02001953125
2000-12-26,2493.52001953125
2000-12-27,2539.35009765625
2000-12-28,2557.760009765625
2000-12-29,2470.52001953125
2001-01-02,2291.860107421875
2001-01-03,2616.68994140625
2001-01-04,2566.830078125
2001-01-05,2407.64990234375
2001-01-08,2395.919921875
2001-01-09,2441.300048828125
2001-01-10,2524.179931640625
2001-01-11,2640.570068359375
2001-01-12,2626.5
2001-01-16,2618.550048828125
2001-01-17,2682.780029296875
2001-01-18,2768.489990234375
2001-01-19,2770.3798828125
2001-01-22,2757.909912109375
2001-01-23,2840.389892578125
2001-01-24,2859.14990234375
2001-01-25,2754.280029296875
2001-01-26,2781.300048828125
2001-01-29,2838.340087890625
2001-01-30,2838.35009765625
2001-01-31,2772.72998046875
2001-02-01,2782.7900390625
2001-02-02,2660.5
2001-02-05,2643.2099609375
2001-02-06,2664.489990234375
2001-02-07,2607.820068359375
2001-02-08,2562.06005859375
2001-02-09,2470.969970703125
2001-02-12,2489.659912109375
2001-02-13,2427.719970703125
2001-02-14,2491.39990234375
2001-02-15,2552.909912109375
2001-02-16,2425.3798828125
2001-02-20,2318.35009765625
2001-02-21,2268.93994140625
2001-02-22,2244.9599609375
2001-02-23,2262.510009765625
2001-02-26,2308.5
2001-02-27,2207.820068359375
2001-02-28,2151.830078125
2001-03-01,2183.3701171875
2001-03-02,2117.6298828125
2001-03-05,2142.919921875
2001-03-06,2204.429931640625
2001-03-07,2223.919921875
2001-03-08,2168.72998046875
2001-03-09,2052.780029296875
2001-03-12,1923.3800048828125
2001-03-13,2014.780029296875
2001-03-14,1972.0899658203125
2001-03-15,1940.7099609375
2001-03-16,1890.9100341796875
2001-03-19,1951.1800537109375
2001-03-20,1857.43994140625
2001-03-21,1830.22998046875
2001-03-22,1897.699951171875
2001-03-23,1928.6800537109375
2001-03-26,1918.489990234375
2001-03-27,1972.22998046875
2001-03-28,1854.1300048828125
2001-03-29,1820.5699462890625
2001-03-30,1840.260009765625
2001-04-02,1782.969970703125
2001-04-03,1673.0
2001-04-04,1638.800048828125
2001-04-05,1785.0
2001-04-06,1720.3599853515625
2001-04-09,1745.7099609375
2001-04-10,1852.030029296875
2001-04-11,1898.949951171875
2001-04-12,1961.4300537109375
2001-04-16,1909.5699462890625
2001-04-17,1923.219970703125
2001-04-18,2079.43994140625
2001-04-19,2182.139892578125
2001-04-20,2163.409912109375
2001-04-23,2059.320068359375
2001-04-24,2016.6099853515625
2001-04-25,2059.800048828125
2001-04-26,2034.8800048828125
2001-04-27,2075.679931640625
2001-04-30,2116.239990234375
2001-05-01,2168.239990234375
2001-05-02,2220.60009765625
2001-05-03,2146.199951171875
2001-05-04,2191.530029296875
2001-05-07,2173.570068359375
2001-05-08,2198.77001953125
2001-05-09,2156.6298828125
2001-05-10,2128.860107421875
2001-05-11,2107.429931640625
2001-05-14,2081.919921875
2001-05-15,2085.580078125
2001-05-16,2166.43994140625
2001-05-17,2193.679931640625
2001-05-18,2198.8798828125
2001-05-21,2305.590087890625
2001-05-22,2313.85009765625
2001-05-23,2243.47998046875
2001-05-24,2282.02001953125
2001-05-25,2251.030029296875
2001-05-29,2175.5400390625
2001-05-30,2084.5
2001-05-31,2110.489990234375
2001-06-01,2149.43994140625
2001-06-04,2155.929931640625
2001-06-05,2233.659912109375
2001-06-06,2217.72998046875
2001-06-07,2264.0
2001-06-08,2215.10009765625
2001-06-11,2170.780029296875
2001-06-12,2169.949951171875
2001-06-13,2121.659912109375
2001-06-14,2044.0699462890625
2001-06-15,2028.4300537109375
2001-06-18,1988.6300048828125
2001-06-19,1992.6600341796875
2001-06-20,2031.239990234375
2001-06-21,2058.760009765625
2001-06-22,2034.8399658203125
2001-06-25,2050.8701171875
2001-06-26,2064.6201171875
2001-06-27,2074.739990234375
2001-06-28,2125.4599609375
2001-06-29,2160.5400390625
2001-07-02,2148.719970703125
2001-07-03,2140.800048828125
2001-07-05,2080.110107421875
2001-07-06,2004.1600341796875
2001-07-09,2026.7099609375
2001-07-10,1962.7900390625
2001-07-11,1972.0400390625
2001-07-12,2075.739990234375
2001-07-13,2084.7900390625
2001-07-16,2029.1199951171875
2001-07-17,2067.320068359375
2001-07-18,2016.1700439453125
2001-07-19,2046.5899658203125
2001-07-20,2029.3699951171875
2001-07-23,1988.56005859375
2001-07-24,1959.239990234375
2001-07-25,1984.3199462890625
2001-07-26,2022.9599609375
2001-07-27,2029.0699462890625
2001-07-30,2017.8399658203125
2001-07-31,2027.1300048828125
2001-08-01,2068.3798828125
2001-08-02,2087.3798828125
2001-08-03,2066.330078125
2001-08-06,2034.260009765625
2001-08-07,2027.7900390625
2001-08-08,1966.3599853515625
2001-08-09,1963.3199462890625
2001-08-10,1956.469970703125
2001-08-13,1982.25
2001-08-14,1964.530029296875
2001-08-15,1918.8900146484375
2001-08-16,1930.3199462890625
2001-08-17,1867.010009765625
2001-08-20,1881.3499755859375
2001-08-21,1831.300048828125
2001-08-22,1860.010009765625
2001-08-23,1842.969970703125
2001-08-24,1916.800048828125
2001-08-27,1912.4100341796875
2001-08-28,1864.97998046875
2001-08-29,1843.1700439453125
2001-08-30,1791.6800537109375
2001-08-31,1805.4300537109375
2001-09-04,1770.780029296875
2001-09-05,1759.010009765625
2001-09-06,1705.6400146484375
2001-09-07,1687.699951171875
2001-09-10,1695.3800048828125
2001-09-17,1579.550048828125
2001-09-18,1555.0799560546875
2001-09-19,1527.800048828125
2001-09-20,1470.9300537109375
2001-09-21,1423.18994140625
2001-09-24,1499.4000244140625
2001-09-25,1501.6400146484375
2001-09-26,1464.0400390625
2001-09-27,1460.7099609375
2001-09-28,1498.800048828125
2001-10-01,1480.4599609375
2001-10-02,1492.3299560546875
2001-10-03,1580.81005859375
2001-10-04,1597.31005859375
2001-10-05,1605.300048828125
2001-10-08,1605.949951171875
2001-10-09,1570.18994140625
2001-10-10,1626.260009765625
2001-10-11,1701.469970703125
2001-10-12,1703.4000244140625
2001-10-15,1696.31005859375
2001-10-16,1722.0699462890625
2001-10-17,1646.3399658203125
2001-10-18,1652.719970703125
2001-10-19,1671.31005859375
2001-10-22,1708.0799560546875
2001-10-23,1704.43994140625
2001-10-24,1731.5400390625
2001-10-25,1775.469970703125
2001-10-26,1768.9599609375
2001-10-29,1699.52001953125
2001-10-30,1667.4100341796875
2001-10-31,1690.199951171875
2001-11-01,1746.300048828125
2001-11-02,1745.72998046875
2001-11-05,1793.6500244140625
2001-11-06,1835.0799560546875
2001-11-07,1837.530029296875
2001-11-08,1827.77001953125
2001-11-09,1828.47998046875
2001-11-12,1840.1300048828125
2001-11-13,1892.1099853515625
2001-11-14,1903.18994140625
2001-11-15,1900.5699462890625
2001-11-16,1898.5799560546875
2001-11-19,1934.4200439453125
2001-11-20,1880.510009765625
2001-11-21,1875.050048828125
2001-11-23,1903.199951171875
2001-11-26,1941.22998046875
2001-11-27,1935.969970703125
2001-11-28,1887.969970703125
2001-11-29,1933.260009765625
2001-11-30,1930.5799560546875
2001-12-03,1904.9000244140625
2001-12-04,1963.0999755859375
2001-12-05,2046.8399658203125
2001-12-06,2054.27001953125
2001-12-07,2021.260009765625
2001-12-10,1992.1199951171875
2001-12-11,2001.9300537109375
2001-12-12,2011.3800048828125
2001-12-13,1946.510009765625
2001-12-14,1953.1700439453125
2001-12-17,1987.449951171875
2001-12-18,2004.760009765625
2001-12-19,1982.8900146484375
2001-12-20,1918.5400390625
2001-12-21,1945.8299560546875
2001-12-24,1944.47998046875
2001-12-26,1960.699951171875
2001-12-27,1976.4200439453125
2001-12-28,1987.260009765625
2001-12-31,1950.4000244140625
2002-01-02,1979.25
2002-01-03,2044.27001953125
2002-01-04,2059.3798828125
2002-01-07,2037.0999755859375
2002-01-08,2055.739990234375
2002-01-09,2044.8900146484375
2002-01-10,2047.239990234375
2002-01-11,2022.4599609375
2002-01-14,1990.739990234375
2002-01-15,2000.9100341796875
2002-01-16,1944.43994140625
2002-01-17,1985.8199462890625
2002-01-18,1930.3399658203125
2002-01-22,1882.530029296875
2002-01-23,1922.3800048828125
2002-01-24,1942.5799560546875
2002-01-25,1937.699951171875
2002-01-28,1943.9100341796875
2002-01-29,1892.989990234375
2002-01-30,1913.43994140625
2002-01-31,1934.030029296875
2002-02-01,1911.239990234375
2002-02-04,1855.530029296875
2002-02-05,1838.52001953125
2002-02-06,1812.7099609375
2002-02-07,1782.1099853515625
2002-02-08,1818.8800048828125
2002-02-11,1846.6600341796875
2002-02-12,1834.2099609375
2002-02-13,1859.1600341796875
2002-02-14,1843.3699951171875
2002-02-15,1805.199951171875
2002-02-19,1750.6099853515625
2002-02-20,1775.5699462890625
2002-02-21,1716.239990234375
2002-02-22,1724.5400390625
2002-02-25,1769.8800048828125
2002-02-26,1766.8599853515625
2002-02-27,1751.8800048828125
2002-02-28,1731.489990234375
2002-03-01,1802.739990234375
2002-03-04,1859.3199462890625
2002-03-05,1866.2900390625
2002-03-06,1890.4000244140625
2002-03-07,1881.6300048828125
2002-03-08,1929.6700439453125
2002-03-11,1929.489990234375
2002-03-12,1897.1199951171875
2002-03-13,1862.030029296875
2002-03-14,1854.1400146484375
2002-03-15,1868.300048828125
2002-03-18,1877.06005859375
2002-03-19,1880.8699951171875
2002-03-20,1832.8699951171875
2002-03-21,1868.8299560546875
2002-03-22,1851.3900146484375
2002-03-25,1812.489990234375
2002-03-26,1824.1700439453125
2002-03-27,1826.75
2002-03-28,1845.3499755859375
2002-04-01,1862.6199951171875
2002-04-02,1804.4000244140625
2002-04-03,1784.3499755859375
2002-04-04,1789.75
2002-04-05,1770.030029296875
2002-04-08,1785.8699951171875
2002-04-09,1742.5699462890625
2002-04-10,1767.0699462890625
2002-04-11,1725.239990234375
2002-04-12,1756.18994140625
2002-04-15,1753.780029296875
2002-04-16,1816.7900390625
2002-04-17,1810.6700439453125
2002-04-18,1802.4300537109375
2002-04-19,1796.8299560546875
2002-04-22,1758.6800537109375
2002-04-23,1730.2900390625
2002-04-24,1713.3399658203125
2002-04-25,1713.699951171875
2002-04-26,1663.8900146484375
2002-04-29,1656.9300537109375
2002-04-30,1688.22998046875
2002-05-01,1677.530029296875
2002-05-02,1644.8199462890625
2002-05-03,1613.030029296875
2002-05-06,1578.47998046875
2002-05-07,1573.8199462890625
2002-05-08,1696.2900390625
2002-05-09,1650.489990234375
2002-05-10,1600.8499755859375
2002-05-13,1652.5400390625
2002-05-14,1719.050048828125
2002-05-15,1725.56005859375
2002-05-16,1730.43994140625
2002-05-17,1741.3900146484375
2002-05-20,1701.5899658203125
2002-05-21,1664.1800537109375
2002-05-22,1673.449951171875
2002-05-23,1697.6300048828125
2002-05-24,1661.489990234375
2002-05-28,1652.1700439453125
2002-05-29,1624.3900146484375
2002-05-30,1631.9200439453125
2002-05-31,1615.72998046875
2002-06-03,1562.56005859375
2002-06-04,1578.1199951171875
2002-06-05,1595.260009765625
2002-06-06,1554.8800048828125
2002-06-07,1535.47998046875
2002-06-10,1530.68994140625
2002-06-11,1497.1800537109375
2002-06-12,1519.1199951171875
2002-06-13,1496.8800048828125
2002-06-14,1504.739990234375
2002-06-17,1553.2900390625
2002-06-18,1542.9599609375
2002-06-19,1496.8299560546875
2002-06-20,1464.75
2002-06-21,1440.9599609375
2002-06-24,1460.3399658203125
2002-06-25,1423.989990234375
2002-06-26,1429.3299560546875
2002-06-27,1459.199951171875
2002-06-28,1463.2099609375
2002-07-01,1403.800048828125
2002-07-02,1357.8199462890625
2002-07-03,1380.1700439453125
2002-07-05,1448.3599853515625
2002-07-08,1405.6099853515625
2002-07-09,1381.1199951171875
2002-07-10,1346.010009765625
2002-07-11,1374.4300537109375
2002-07-12,1373.5
2002-07-15,1382.6199951171875
2002-07-16,1375.260009765625
2002-07-17,1397.25
2002-07-18,1356.949951171875
2002-07-19,1319.1500244140625
2002-07-22,1282.6500244140625
2002-07-23,1229.050048828125
2002-07-24,1290.22998046875
2002-07-25,1240.0799560546875
2002-07-26,1262.1199951171875
2002-07-29,1335.25
2002-07-30,1344.18994140625
2002-07-31,1328.260009765625
2002-08-01,1280.0
2002-08-02,1247.9200439453125
2002-08-05,1206.010009765625
2002-08-06,1259.550048828125
2002-08-07,1280.9000244140625
2002-08-08,1316.52001953125
2002-08-09,1306.1199951171875
2002-08-12,1306.8399658203125
2002-08-13,1269.280029296875
2002-08-14,1334.300048828125
2002-08-15,1345.010009765625
2002-08-16,1361.010009765625
2002-08-19,1394.5400390625
2002-08-20,1376.5899658203125
2002-08-21,1409.25
2002-08-22,1422.949951171875
2002-08-23,1380.6199951171875
2002-08-26,1391.739990234375
2002-08-27,1347.780029296875
2002-08-28,1314.3800048828125
2002-08-29,1335.77001953125
2002-08-30,1314.8499755859375
2002-09-03,1263.8399658203125
2002-09-04,1292.31005859375
2002-09-05,1251.0
2002-09-06,1295.300048828125
2002-09-09,1304.5999755859375
2002-09-10,1320.0899658203125
2002-09-11,1315.449951171875
2002-09-12,1279.6800537109375
2002-09-13,1291.4000244140625
2002-09-16,1275.8800048828125
2002-09-17,1259.93994140625
2002-09-18,1252.1300048828125
2002-09-19,1216.449951171875
2002-09-20,1221.0899658203125
2002-09-23,1184.9300537109375
2002-09-24,1182.1700439453125
2002-09-25,1222.2900390625
2002-09-26,1221.6099853515625
2002-09-27,1199.1600341796875
2002-09-30,1172.06005859375
2002-10-01,1213.719970703125
2002-10-02,1187.300048828125
2002-10-03,1165.56005859375
2002-10-04,1139.9000244140625
2002-10-07,1119.4000244140625
2002-10-08,1129.219970703125
2002-10-09,1114.1099853515625
2002-10-10,1163.3699951171875
2002-10-11,1210.469970703125
2002-10-14,1220.530029296875
2002-10-15,1282.43994140625
2002-10-16,1232.4200439453125
2002-10-17,1272.2900390625
2002-10-18,1287.8599853515625
2002-10-21,1309.6700439453125
2002-10-22,1292.800048828125
2002-10-23,1320.22998046875
2002-10-24,1298.7099609375
2002-10-25,1331.1300048828125
2002-10-28,1315.8299560546875
2002-10-29,1300.5400390625
2002-10-30,1326.72998046875
2002-10-31,1329.75
2002-11-01,1360.699951171875
2002-11-04,1396.5400390625
2002-11-05,1401.1700439453125
2002-11-06,1418.989990234375
2002-11-07,1376.7099609375
2002-11-08,1359.280029296875
2002-11-11,1319.18994140625
2002-11-12,1349.56005859375
2002-11-13,1361.3299560546875
2002-11-14,1411.52001953125
2002-11-15,1411.1400146484375
2002-11-18,1393.68994140625
2002-11-19,1374.510009765625
2002-11-20,1419.3499755859375
2002-11-21,1467.550048828125
2002-11-22,1468.739990234375
2002-11-25,1481.9000244140625
2002-11-26,1444.4300537109375
2002-11-27,1487.93994140625
2002-11-29,1478.780029296875
2002-12-02,1484.780029296875
2002-12-03,1448.9599609375
2002-12-04,1430.3499755859375
2002-12-05,1410.75
2002-12-06,1422.43994140625
2002-12-09,1367.1400146484375
2002-12-10,1390.760009765625
2002-12-11,1396.5899658203125
2002-12-12,1399.550048828125
2002-12-13,1362.4200439453125
2002-12-16,1400.3299560546875
2002-12-17,1392.050048828125
2002-12-18,1361.510009765625
2002-12-19,1354.0999755859375
2002-12-20,1363.050048828125
2002-12-23,1381.68994140625
2002-12-24,1372.469970703125
2002-12-26,1367.8900146484375
2002-12-27,1348.31005859375
2002-12-30,1339.5400390625
2002-12-31,1335.510009765625
2003-01-02,1384.8499755859375
2003-01-03,1387.0799560546875
2003-01-06,1421.3199462890625
2003-01-07,1431.5699462890625
2003-01-08,1401.0699462890625
2003-01-09,1438.4599609375
2003-01-10,1447.719970703125
2003-01-13,1446.0400390625
2003-01-14,1460.989990234375
2003-01-15,1438.800048828125
2003-01-16,1423.75
2003-01-17,1376.18994140625
2003-01-21,1364.25
2003-01-22,1359.47998046875
2003-01-23,1388.27001953125
2003-01-24,1342.1400146484375
2003-01-27,1325.27001953125
2003-01-28,1342.1800537109375
2003-01-29,1358.06005859375
2003-01-30,1322.3499755859375
2003-01-31,1320.9100341796875
2003-02-03,1323.7900390625
2003-02-04,1306.1500244140625
2003-02-05,1301.5
2003-02-06,1301.72998046875
2003-02-07,1282.469970703125
2003-02-10,1296.6800537109375
2003-02-11,1295.4599609375
2003-02-12,1278.969970703125
2003-02-13,1277.43994140625
2003-02-14,1310.1700439453125
2003-02-18,1346.5400390625
2003-02-19,1334.3199462890625
2003-02-20,1331.22998046875
2003-02-21,1349.02001953125
2003-02-24,1322.3800048828125
2003-02-25,1328.97998046875
2003-02-26,1303.6800537109375
2003-02-27,1323.93994140625
2003-02-28,1337.52001953125
2003-03-03,1320.2900390625
2003-03-04,1307.77001953125
2003-03-05,1314.4000244140625
2003-03-06,1302.8900146484375
2003-03-07,1305.2900390625
2003-03-10,1278.3699951171875
2003-03-11,1271.469970703125
2003-03-12,1279.239990234375
2003-03-13,1340.77001953125
2003-03-14,1340.3299560546875
2003-03-17,1392.27001953125
2003-03-18,1400.550048828125
2003-03-19,1397.0699462890625
2003-03-20,1402.77001953125
2003-03-21,1421.8399658203125
2003-03-24,1369.780029296875
2003-03-25,1391.010009765625
2003-03-26,1387.449951171875
2003-03-27,1384.25
2003-03-28,1369.5999755859375
2003-03-31,1341.1700439453125
2003-04-01,1348.300048828125
2003-04-02,1396.719970703125
2003-04-03,1396.5799560546875
2003-04-04,1383.510009765625
2003-04-07,1389.510009765625
2003-04-08,1382.93994140625
2003-04-09,1356.739990234375
2003-04-10,1365.6099853515625
2003-04-11,1358.8499755859375
2003-04-14,1384.949951171875
2003-04-15,1391.010009765625
2003-04-16,1394.719970703125
2003-04-17,1425.5
2003-04-21,1424.3699951171875
2003-04-22,1451.3599853515625
2003-04-23,1466.1600341796875
2003-04-24,1457.22998046875
2003-04-25,1434.5400390625
2003-04-28,1462.239990234375
2003-04-29,1471.300048828125
2003-04-30,1464.31005859375
2003-05-01,1472.56005859375
2003-05-02,1502.8800048828125
2003-05-05,1504.0400390625
2003-05-06,1523.7099609375
2003-05-07,1506.760009765625
2003-05-08,1489.68994140625
2003-05-09,1520.1500244140625
2003-05-12,1541.4000244140625
2003-05-13,1539.6800537109375
2003-05-14,1534.9000244140625
2003-05-15,1551.3800048828125
2003-05-16,1538.530029296875
2003-05-19,1492.77001953125
2003-05-20,1491.0899658203125
2003-05-21,1489.8699951171875
2003-05-22,1507.550048828125
2003-05-23,1510.0899658203125
2003-05-27,1556.68994140625
2003-05-28,1563.239990234375
2003-05-29,1574.949951171875
2003-05-30,1595.9100341796875
2003-06-02,1590.75
2003-06-03,1603.56005859375
2003-06-04,1634.6500244140625
2003-06-05,1646.010009765625
2003-06-06,1627.4200439453125
2003-06-09,1603.969970703125
2003-06-10,1627.6700439453125
2003-06-11,1646.02001953125
2003-06-12,1653.6199951171875
2003-06-13,1626.489990234375
2003-06-16,1666.5799560546875
2003-06-17,1668.43994140625
2003-06-18,1677.1400146484375
2003-06-19,1648.6400146484375
2003-06-20,1644.719970703125
2003-06-23,1610.75
2003-06-24,1605.6099853515625
2003-06-25,1602.6600341796875
2003-06-26,1634.010009765625
2003-06-27,1625.260009765625
2003-06-30,1622.800048828125
2003-07-01,1640.1300048828125
2003-07-02,1678.72998046875
2003-07-03,1663.4599609375
2003-07-07,1720.7099609375
2003-07-08,1746.4599609375
2003-07-09,1747.4599609375
2003-07-10,1715.8599853515625
2003-07-11,1733.9300537109375
2003-07-14,1754.8199462890625
2003-07-15,1753.2099609375
2003-07-16,1747.969970703125
2003-07-17,1698.02001953125
2003-07-18,1708.5
2003-07-21,1681.4100341796875
2003-07-22,1706.0999755859375
2003-07-23,1719.1800537109375
2003-07-24,1701.4200439453125
2003-07-25,1730.699951171875
2003-07-28,1735.3599853515625
2003-07-29,1731.3699951171875
2003-07-30,1720.9100341796875
2003-07-31,1735.02001953125
2003-08-01,1715.6199951171875
2003-08-04,1714.06005859375
2003-08-05,1673.5
2003-08-06,1652.6800537109375
2003-08-07,1652.1800537109375
2003-08-08,1644.030029296875
2003-08-11,1661.510009765625
2003-08-12,1687.010009765625
2003-08-13,1686.6099853515625
2003-08-14,1700.3399658203125
2003-08-15,1702.010009765625
2003-08-18,1739.489990234375
2003-08-19,1761.1099853515625
2003-08-20,1760.5400390625
2003-08-21,1777.550048828125
2003-08-22,1765.3199462890625
2003-08-25,1764.31005859375
2003-08-26,1770.6500244140625
2003-08-27,1782.1300048828125
2003-08-28,1800.1800537109375
2003-08-29,1810.449951171875
2003-09-02,1841.47998046875
2003-09-03,1852.9000244140625
2003-09-04,1868.969970703125
2003-09-05,1858.239990234375
2003-09-08,1888.6199951171875
2003-09-09,1873.4300537109375
2003-09-10,1823.81005859375
2003-09-11,1846.0899658203125
2003-09-12,1855.030029296875
2003-09-15,1845.699951171875
2003-09-16,1887.25
2003-09-17,1883.0999755859375
2003-09-18,1909.550048828125
2003-09-19,1905.699951171875
2003-09-22,1874.6199951171875
2003-09-23,1901.719970703125
2003-09-24,1843.699951171875
2003-09-25,1817.239990234375
2003-09-26,1792.0699462890625
2003-09-29,1824.56005859375
2003-09-30,1786.93994140625
2003-10-01,1832.25
2003-10-02,1836.219970703125
2003-10-03,1880.5699462890625
2003-10-06,1893.4599609375
2003-10-07,1907.8499755859375
2003-10-08,1893.780029296875
2003-10-09,1911.9000244140625
2003-10-10,1915.31005859375
2003-10-13,1933.530029296875
2003-10-14,1943.18994140625
2003-10-15,1939.0999755859375
2003-10-16,1950.1400146484375
2003-10-17,1912.3599853515625
2003-10-20,1925.1400146484375
2003-10-21,1940.9000244140625
2003-10-22,1898.0699462890625
2003-10-23,1885.510009765625
2003-10-24,1865.5899658203125
2003-10-27,1882.9100341796875
2003-10-28,1932.260009765625
2003-10-29,1936.56005859375
2003-10-30,1932.68994140625
2003-10-31,1932.2099609375
2003-11-03,1967.699951171875
2003-11-04,1957.969970703125
2003-11-05,1959.3699951171875
2003-11-06,1976.3699951171875
2003-11-07,1970.739990234375
2003-11-10,1941.6400146484375
2003-11-11,1930.75
2003-11-12,1973.1099853515625
2003-11-13,1967.3499755859375
2003-11-14,1930.260009765625
2003-11-17,1909.6099853515625
2003-11-18,1881.75
2003-11-19,1899.6500244140625
2003-11-20,1881.9200439453125
2003-11-21,1893.8800048828125
2003-11-24,1947.1400146484375
2003-11-25,1943.0400390625
2003-11-26,1953.31005859375
2003-11-28,1960.260009765625
2003-12-01,1989.8199462890625
2003-12-02,1980.0699462890625
2003-12-03,1960.25
2003-12-04,1968.800048828125
2003-12-05,1937.8199462890625
2003-12-08,1948.8499755859375
2003-12-09,1908.3199462890625
2003-12-10,1904.6500244140625
2003-12-11,1942.3199462890625
2003-12-12,1949.0
2003-12-15,1918.260009765625
2003-12-16,1924.2900390625
2003-12-17,1921.3299560546875
2003-12-18,1956.1800537109375
2003-12-19,1951.02001953125
2003-12-22,1955.800048828125
2003-12-23,1974.780029296875
2003-12-24,1969.22998046875
2003-12-26,1973.1400146484375
2003-12-29,2006.47998046875
2003-12-30,2009.8800048828125
2003-12-31,2003.3699951171875
2004-01-02,2006.6800537109375
2004-01-05,2047.3599853515625
2004-01-06,2057.3701171875
2004-01-07,2077.679931640625
2004-01-08,2100.25
2004-01-09,2086.919921875
2004-01-12,2111.780029296875
2004-01-13,2096.43994140625
2004-01-14,2111.1298828125
2004-01-15,2109.080078125
2004-01-16,2140.4599609375
2004-01-20,2147.97998046875
2004-01-21,2142.449951171875
2004-01-22,2119.010009765625
2004-01-23,2123.8701171875
2004-01-26,2153.830078125
2004-01-27,2116.0400390625
2004-01-28,2077.3701171875
2004-01-29,2068.22998046875
2004-01-30,2066.14990234375
2004-02-02,2063.14990234375
2004-02-03,2066.2099609375
2004-02-04,2014.1400146484375
2004-02-05,2019.56005859375
2004-02-06,2064.010009765625
2004-02-09,2060.570068359375
2004-02-10,2075.330078125
2004-02-11,2089.659912109375
2004-02-12,2073.610107421875
2004-02-13,2053.56005859375
2004-02-17,2080.35009765625
2004-02-18,2076.469970703125
2004-02-19,2045.9599609375
2004-02-20,2037.9300537109375
2004-02-23,2007.52001953125
2004-02-24,2005.43994140625
2004-02-25,2022.97998046875
2004-02-26,2032.5699462890625
2004-02-27,2029.8199462890625
2004-03-01,2057.800048828125
2004-03-02,2039.6500244140625
2004-03-03,2033.3599853515625
2004-03-04,2055.110107421875
2004-03-05,2047.6300048828125
2004-03-08,2008.780029296875
2004-03-09,1995.1600341796875
2004-03-10,1964.1500244140625
2004-03-11,1943.8900146484375
2004-03-12,1984.72998046875
2004-03-15,1939.199951171875
2004-03-16,1943.0899658203125
2004-03-17,1976.760009765625
2004-03-18,1962.43994140625
2004-03-19,1940.469970703125
2004-03-22,1909.9000244140625
2004-03-23,1901.800048828125
2004-03-24,1909.47998046875
2004-03-25,1967.1700439453125
2004-03-26,1960.02001953125
2004-03-29,1992.5699462890625
2004-03-30,2000.6300048828125
2004-03-31,1994.219970703125
2004-04-01,2015.010009765625
2004-04-02,2057.169921875
2004-04-05,2079.1201171875
2004-04-06,2059.89990234375
2004-04-07,2050.239990234375
2004-04-08,2052.8798828125
2004-04-12,2065.47998046875
2004-04-13,2030.0799560546875
2004-04-14,2024.8499755859375
2004-04-15,2002.1700439453125
2004-04-16,1995.739990234375
2004-04-19,2020.4300537109375
2004-04-20,1978.6300048828125
2004-04-21,1995.6300048828125
2004-04-22,2032.9100341796875
2004-04-23,2049.77001953125
2004-04-26,2036.77001953125
2004-04-27,2032.530029296875
2004-04-28,1989.5400390625
2004-04-29,1958.780029296875
2004-04-30,1920.1500244140625
2004-05-03,1938.719970703125
2004-05-04,1950.47998046875
2004-05-05,1957.260009765625
2004-05-06,1937.739990234375
2004-05-07,1917.9599609375
2004-05-10,1896.0699462890625
2004-05-11,1931.3499755859375
2004-05-12,1925.5899658203125
2004-05-13,1926.030029296875
2004-05-14,1904.25
2004-05-17,1876.6400146484375
2004-05-18,1897.8199462890625
2004-05-19,1898.1700439453125
2004-05-20,1896.5899658203125
2004-05-21,1912.0899658203125
2004-05-24,1922.97998046875
2004-05-25,1964.6500244140625
2004-05-26,1976.1500244140625
2004-05-27,1984.5
2004-05-28,1986.739990234375
2004-06-01,1990.77001953125
2004-06-02,1988.97998046875
2004-06-03,1960.260009765625
2004-06-04,1978.6199951171875
2004-06-07,2020.6199951171875
2004-06-08,2023.530029296875
2004-06-09,1990.6099853515625
2004-06-10,1999.8699951171875
2004-06-14,1969.989990234375
2004-06-15,1995.5999755859375
2004-06-16,1998.22998046875
2004-06-17,1983.6700439453125
2004-06-18,1986.72998046875
2004-06-21,1974.3800048828125
2004-06-22,1994.1500244140625
2004-06-23,2020.97998046875
2004-06-24,2015.5699462890625
2004-06-25,2025.469970703125
2004-06-28,2019.8199462890625
2004-06-29,2034.9300537109375
2004-06-30,2047.7900390625
2004-07-01,2015.550048828125
2004-07-02,2006.6600341796875
2004-07-06,1963.4300537109375
2004-07-07,1966.0799560546875
2004-07-08,1935.3199462890625
2004-07-09,1946.3299560546875
2004-07-12,1936.9200439453125
2004-07-13,1931.6600341796875
2004-07-14,1914.8800048828125
2004-07-15,1912.7099609375
2004-07-16,1883.1500244140625
2004-07-19,1883.8299560546875
2004-07-20,1917.0699462890625
2004-07-21,1874.3699951171875
2004-07-22,1889.06005859375
2004-07-23,1849.0899658203125
2004-07-26,1839.02001953125
2004-07-27,1869.0999755859375
2004-07-28,1858.260009765625
2004-07-29,1881.06005859375
2004-07-30,1887.3599853515625
2004-08-02,1892.0899658203125
2004-08-03,1859.4200439453125
2004-08-04,1855.06005859375
2004-08-05,1821.6300048828125
2004-08-06,1776.8900146484375
2004-08-09,1774.6400146484375
2004-08-10,1808.699951171875
2004-08-11,1782.4200439453125
2004-08-12,1752.489990234375
2004-08-13,1757.219970703125
2004-08-16,1782.8399658203125
2004-08-17,1795.25
2004-08-18,1831.3699951171875
2004-08-19,1819.8900146484375
2004-08-20,1838.02001953125
2004-08-23,1838.699951171875
2004-08-24,1836.8900146484375
2004-08-25,1860.719970703125
2004-08-26,1852.9200439453125
2004-08-27,1862.0899658203125
2004-08-30,1836.489990234375
2004-08-31,1838.0999755859375
2004-09-01,1850.4100341796875
2004-09-02,1873.4300537109375
2004-09-03,1844.47998046875
2004-09-07,1858.56005859375
2004-09-08,1850.6400146484375
2004-09-09,1869.6500244140625
2004-09-10,1894.31005859375
2004-09-13,1910.3800048828125
2004-09-14,1915.4000244140625
2004-09-15,1896.52001953125
2004-09-16,1904.0799560546875
2004-09-17,1910.0899658203125
2004-09-20,1908.0699462890625
2004-09-21,1921.1800537109375
2004-09-22,1885.7099609375
2004-09-23,1886.4300537109375
2004-09-24,1879.47998046875
2004-09-27,1859.8800048828125
2004-09-28,1869.8699951171875
2004-09-29,1893.93994140625
2004-09-30,1896.8399658203125
2004-10-01,1942.199951171875
2004-10-04,1952.4000244140625
2004-10-05,1955.5
2004-10-06,1971.030029296875
2004-10-07,1948.52001953125
2004-10-08,1919.969970703125
2004-10-11,1928.760009765625
2004-10-12,1925.1700439453125
2004-10-13,1920.530029296875
2004-10-14,1903.02001953125
2004-10-15,1911.5
2004-10-18,1936.52001953125
2004-10-19,1922.9000244140625
2004-10-20,1932.969970703125
2004-10-21,1953.6199951171875
2004-10-22,1915.1400146484375
2004-10-25,1914.0400390625
2004-10-26,1928.7900390625
2004-10-27,1969.989990234375
2004-10-28,1975.739990234375
2004-10-29,1974.989990234375
2004-11-01,1979.8699951171875
2004-11-02,1984.7900390625
2004-11-03,2004.3299560546875
2004-11-04,2023.6300048828125
2004-11-05,2038.93994140625
2004-11-08,2039.25
2004-11-09,2043.3299560546875
2004-11-10,2034.56005859375
2004-11-11,2061.27001953125
2004-11-12,2085.340087890625
2004-11-15,2094.090087890625
2004-11-16,2078.6201171875
2004-11-17,2099.679931640625
2004-11-18,2104.280029296875
2004-11-19,2070.6298828125
2004-11-22,2085.18994140625
2004-11-23,2084.280029296875
2004-11-24,2102.5400390625
2004-11-26,2101.969970703125
2004-11-29,2106.8701171875
2004-11-30,2096.81005859375
2004-12-01,2138.22998046875
2004-12-02,2143.570068359375
2004-12-03,2147.9599609375
2004-12-06,2151.25
2004-12-07,2114.659912109375
2004-12-08,2126.110107421875
2004-12-09,2129.010009765625
2004-12-10,2128.070068359375
2004-12-13,2148.5
2004-12-14,2159.840087890625
2004-12-15,2162.550048828125
2004-12-16,2146.14990234375
2004-12-17,2135.199951171875
2004-12-20,2127.85009765625
2004-12-21,2150.909912109375
2004-12-22,2157.030029296875
2004-12-23,2160.6201171875
2004-12-27,2154.219970703125
2004-12-28,2177.18994140625
2004-12-29,2177.0
2004-12-30,2178.340087890625
2004-12-31,2175.43994140625
2005-01-03,2152.14990234375
2005-01-04,2107.860107421875
2005-01-05,2091.239990234375
2005-01-06,2090.0
2005-01-07,2088.610107421875
2005-01-10,2097.0400390625
2005-01-11,2079.6201171875
2005-01-12,2092.530029296875
2005-01-13,2070.56005859375
2005-01-14,2087.909912109375
2005-01-18,2106.0400390625
2005-01-19,2073.590087890625
2005-01-20,2045.8800048828125
2005-01-21,2034.27001953125
2005-01-24,2008.699951171875
2005-01-25,2019.949951171875
2005-01-26,2046.0899658203125
2005-01-27,2047.1500244140625
2005-01-28,2035.8299560546875
2005-01-31,2062.409912109375
2005-02-01,2068.699951171875
2005-02-02,2075.06005859375
2005-02-03,2057.639892578125
2005-02-04,2086.659912109375
2005-02-07,2082.030029296875
2005-02-08,2086.679931640625
2005-02-09,2052.550048828125
2005-02-10,2053.10009765625
2005-02-11,2076.659912109375
2005-02-14,2082.909912109375
2005-02-15,2089.2099609375
2005-02-16,2087.429931640625
2005-02-17,2061.340087890625
2005-02-18,2058.6201171875
2005-02-22,2030.3199462890625
2005-02-23,2031.25
2005-02-24,2051.699951171875
2005-02-25,2065.39990234375
2005-02-28,2051.719970703125
2005-03-01,2071.25
2005-03-02,2067.5
2005-03-03,2058.39990234375
2005-03-04,2070.610107421875
2005-03-07,2090.2099609375
2005-03-08,2073.550048828125
2005-03-09,2061.2900390625
2005-03-10,2059.719970703125
2005-03-11,2041.5999755859375
2005-03-14,2051.0400390625
2005-03-15,2034.97998046875
2005-03-16,2015.75
2005-03-17,2016.4200439453125
2005-03-18,2007.7900390625
2005-03-21,2007.510009765625
2005-03-22,1989.3399658203125
2005-03-23,1990.219970703125
2005-03-24,1991.06005859375
2005-03-28,1992.52001953125
2005-03-29,1973.8800048828125
2005-03-30,2005.6700439453125
2005-03-31,1999.22998046875
2005-04-01,1984.81005859375
2005-04-04,1991.0699462890625
2005-04-05,1999.3199462890625
2005-04-06,1999.1400146484375
2005-04-07,2018.7900390625
2005-04-08,1999.3499755859375
2005-04-11,1992.1199951171875
2005-04-12,2005.4000244140625
2005-04-13,1974.3699951171875
2005-04-14,1946.7099609375
2005-04-15,1908.1500244140625
2005-04-18,1912.9200439453125
2005-04-19,1932.3599853515625
2005-04-20,1913.760009765625
2005-04-21,1962.4100341796875
2005-04-22,1932.18994140625
2005-04-25,1950.780029296875
2005-04-26,1927.43994140625
2005-04-27,1930.4300537109375
2005-04-28,1904.1800537109375
2005-04-29,1921.6500244140625
2005-05-02,1928.6500244140625
2005-05-03,1933.0699462890625
2005-05-04,1962.22998046875
2005-05-05,1961.800048828125
2005-05-06,1967.3499755859375
2005-05-09,1979.6700439453125
2005-05-10,1962.77001953125
2005-05-11,1971.550048828125
2005-05-12,1963.8800048828125
2005-05-13,1976.780029296875
2005-05-16,1994.4300537109375
2005-05-17,2004.1500244140625
2005-05-18,2030.6500244140625
2005-05-19,2042.5799560546875
2005-05-20,2046.4200439453125
2005-05-23,2056.64990234375
2005-05-24,2061.6201171875
2005-05-25,2050.1201171875
2005-05-26,2071.239990234375
2005-05-27,2075.72998046875
2005-05-31,2068.219970703125
2005-06-01,2087.860107421875
2005-06-02,2097.800048828125
2005-06-03,2071.429931640625
2005-06-06,2075.760009765625
2005-06-07,2067.159912109375
2005-06-08,2060.179931640625
2005-06-09,2076.909912109375
2005-06-10,2063.0
2005-06-13,2068.9599609375
2005-06-14,2069.0400390625
2005-06-15,2074.919921875
2005-06-16,2089.14990234375
2005-06-17,2090.110107421875
2005-06-20,2088.1298828125
2005-06-21,2091.070068359375
2005-06-22,2092.030029296875
2005-06-23,2070.659912109375
2005-06-24,2053.27001953125
2005-06-27,2045.199951171875
2005-06-28,2069.889892578125
2005-06-29,2068.889892578125
2005-06-30,2056.9599609375
2005-07-01,2057.3701171875
2005-07-05,2078.75
2005-07-06,2068.64990234375
2005-07-07,2075.659912109375
2005-07-08,2112.8798828125
2005-07-11,2135.429931640625
2005-07-12,2143.14990234375
2005-07-13,2144.110107421875
2005-07-14,2152.820068359375
2005-07-15,2156.780029296875
2005-07-18,2144.8701171875
2005-07-19,2173.179931640625
2005-07-20,2188.570068359375
2005-07-21,2178.60009765625
2005-07-22,2179.739990234375
2005-07-25,2166.739990234375
2005-07-26,2175.989990234375
2005-07-27,2186.219970703125
2005-07-28,2198.43994140625
2005-07-29,2184.830078125
2005-08-01,2195.3798828125
2005-08-02,2218.14990234375
2005-08-03,2216.81005859375
2005-08-04,2191.320068359375
2005-08-05,2177.909912109375
2005-08-08,2164.389892578125
2005-08-09,2174.18994140625
2005-08-10,2157.81005859375
2005-08-11,2174.550048828125
2005-08-12,2156.89990234375
2005-08-15,2167.0400390625
2005-08-16,2137.06005859375
2005-08-17,2145.14990234375
2005-08-18,2136.080078125
2005-08-19,2135.56005859375
2005-08-22,2141.409912109375
2005-08-23,2137.25
2005-08-24,2128.909912109375
2005-08-25,2134.3701171875
2005-08-26,2120.77001953125
2005-08-29,2137.64990234375
2005-08-30,2129.760009765625
2005-08-31,2152.090087890625
2005-09-01,2147.89990234375
2005-09-02,2141.070068359375
2005-09-06,2166.860107421875
2005-09-07,2172.030029296875
2005-09-08,2166.030029296875
2005-09-09,2175.510009765625
2005-09-12,2182.830078125
2005-09-13,2171.75
2005-09-14,2149.330078125
2005-09-15,2146.14990234375
2005-09-16,2160.35009765625
2005-09-19,2145.260009765625
2005-09-20,2131.330078125
2005-09-21,2106.639892578125
2005-09-22,2110.780029296875
2005-09-23,2116.840087890625
2005-09-26,2121.4599609375
2005-09-27,2116.419921875
2005-09-28,2115.39990234375
2005-09-29,2141.219970703125
2005-09-30,2151.68994140625
2005-10-03,2155.429931640625
2005-10-04,2139.360107421875
2005-10-05,2103.02001953125
2005-10-06,2084.080078125
2005-10-07,2090.35009765625
2005-10-10,2078.919921875
2005-10-11,2061.090087890625
2005-10-12,2037.469970703125
2005-10-13,2047.219970703125
2005-10-14,2064.830078125
2005-10-17,2070.300048828125
2005-10-18,2056.0
2005-10-19,2091.239990234375
2005-10-20,2068.110107421875
2005-10-21,2082.2099609375
2005-10-24,2115.830078125
2005-10-25,2109.449951171875
2005-10-26,2100.050048828125
2005-10-27,2063.81005859375
2005-10-28,2089.8798828125
2005-10-31,2120.300048828125
2005-11-01,2114.050048828125
2005-11-02,2144.31005859375
2005-11-03,2160.219970703125
2005-11-04,2169.429931640625
2005-11-07,2178.239990234375
2005-11-08,2172.070068359375
2005-11-09,2175.81005859375
2005-11-10,2196.679931640625
2005-11-11,2202.469970703125
2005-11-14,2200.949951171875
2005-11-15,2186.739990234375
2005-11-16,2187.929931640625
2005-11-17,2220.4599609375
2005-11-18,2227.070068359375
2005-11-21,2241.669921875
2005-11-22,2253.56005859375
2005-11-23,2259.97998046875
2005-11-25,2263.010009765625
2005-11-28,2239.3701171875
2005-11-29,2232.7099609375
2005-11-30,2232.820068359375
2005-12-01,2267.169921875
2005-12-02,2273.3701171875
2005-12-05,2257.639892578125
2005-12-06,2260.760009765625
2005-12-07,2252.010009765625
2005-12-08,2246.4599609375
2005-12-09,2256.72998046875
2005-12-12,2260.949951171875
2005-12-13,2265.0
2005-12-14,2262.590087890625
2005-12-15,2260.6298828125
2005-12-16,2252.47998046875
2005-12-19,2222.739990234375
2005-12-20,2222.419921875
2005-12-21,2231.659912109375
2005-12-22,2246.489990234375
2005-12-23,2249.419921875
2005-12-27,2226.889892578125
2005-12-28,2228.93994140625
2005-12-29,2218.159912109375
2005-12-30,2205.320068359375
2006-01-03,2243.739990234375
2006-01-04,2263.4599609375
2006-01-05,2276.8701171875
2006-01-06,2305.6201171875
2006-01-09,2318.68994140625
2006-01-10,2320.320068359375
2006-01-11,2331.360107421875
2006-01-12,2316.68994140625
2006-01-13,2317.0400390625
2006-01-17,2302.68994140625
2006-01-18,2279.639892578125
2006-01-19,2301.81005859375
2006-01-20,2247.699951171875
2006-01-23,2248.469970703125
2006-01-24,2265.25
2006-01-25,2260.64990234375
2006-01-26,2283.0
2006-01-27,2304.22998046875
2006-01-30,2306.780029296875
2006-01-31,2305.820068359375
2006-02-01,2310.56005859375
2006-02-02,2281.570068359375
2006-02-03,2262.580078125
2006-02-06,2258.800048828125
2006-02-07,2244.9599609375
2006-02-08,2266.97998046875
2006-02-09,2255.8701171875
2006-02-10,2261.8798828125
2006-02-13,2239.81005859375
2006-02-14,2262.169921875
2006-02-15,2276.429931640625
2006-02-16,2294.6298828125
2006-02-17,2282.360107421875
2006-02-21,2262.9599609375
2006-02-22,2283.169921875
2006-02-23,2279.320068359375
2006-02-24,2287.0400390625
2006-02-27,2307.179931640625
2006-02-28,2281.389892578125
2006-03-01,2314.639892578125
2006-03-02,2311.110107421875
2006-03-03,2302.60009765625
2006-03-06,2286.030029296875
2006-03-07,2268.3798828125
2006-03-08,2267.4599609375
2006-03-09,2249.719970703125
2006-03-10,2262.0400390625
2006-03-13,2267.030029296875
2006-03-14,2295.89990234375
2006-03-15,2311.840087890625
2006-03-16,2299.56005859375
2006-03-17,2306.47998046875
2006-03-20,2314.110107421875
2006-03-21,2294.22998046875
2006-03-22,2303.35009765625
2006-03-23,2300.14990234375
2006-03-24,2312.820068359375
2006-03-27,2315.580078125
2006-03-28,2304.4599609375
2006-03-29,2337.780029296875
2006-03-30,2340.820068359375
2006-03-31,2339.7900390625
2006-04-03,2336.739990234375
2006-04-04,2345.360107421875
2006-04-05,2359.75
2006-04-06,2361.169921875
2006-04-07,2339.02001953125
2006-04-10,2333.27001953125
2006-04-11,2310.35009765625
2006-04-12,2314.679931640625
2006-04-13,2326.110107421875
2006-04-17,2311.159912109375
2006-04-18,2356.139892578125
2006-04-19,2370.8798828125
2006-04-20,2362.550048828125
2006-04-21,2342.860107421875
2006-04-24,2333.3798828125
2006-04-25,2330.300048828125
2006-04-26,2333.6298828125
2006-04-27,2344.949951171875
2006-04-28,2322.570068359375
2006-05-01,2304.7900390625
2006-05-02,2309.840087890625
2006-05-03,2303.969970703125
2006-05-04,2323.89990234375
2006-05-05,2342.570068359375
2006-05-08,2344.989990234375
2006-05-09,2338.25
2006-05-10,2320.739990234375
2006-05-11,2272.699951171875
2006-05-12,2243.780029296875
2006-05-15,2238.52001953125
2006-05-16,2229.1298828125
2006-05-17,2195.800048828125
2006-05-18,2180.320068359375
2006-05-19,2193.8798828125
2006-05-22,2172.860107421875
2006-05-23,2158.760009765625
2006-05-24,2169.169921875
2006-05-25,2198.239990234375
2006-05-26,2210.3701171875
2006-05-30,2164.739990234375
2006-05-31,2178.8798828125
2006-06-01,2219.860107421875
2006-06-02,2219.409912109375
2006-06-05,2169.6201171875
2006-06-06,2162.780029296875
2006-06-07,2151.800048828125
2006-06-08,2145.320068359375
2006-06-09,2135.06005859375
2006-06-12,2091.320068359375
2006-06-13,2072.469970703125
2006-06-14,2086.0
2006-06-15,2144.14990234375
2006-06-16,2129.949951171875
2006-06-19,2110.419921875
2006-06-20,2107.06005859375
2006-06-21,2141.199951171875
2006-06-22,2122.97998046875
2006-06-23,2121.469970703125
2006-06-26,2133.669921875
2006-06-27,2100.25
2006-06-28,2111.840087890625
2006-06-29,2174.3798828125
2006-06-30,2172.090087890625
2006-07-03,2190.429931640625
2006-07-05,2153.340087890625
2006-07-06,2155.090087890625
2006-07-07,2130.06005859375
2006-07-10,2116.929931640625
2006-07-11,2128.860107421875
2006-07-12,2090.239990234375
2006-07-13,2054.110107421875
2006-07-14,2037.3499755859375
2006-07-17,2037.719970703125
2006-07-18,2043.219970703125
2006-07-19,2080.7099609375
2006-07-20,2039.4200439453125
2006-07-21,2020.3900146484375
2006-07-24,2061.840087890625
2006-07-25,2073.89990234375
2006-07-26,2070.4599609375
2006-07-27,2054.469970703125
2006-07-28,2094.139892578125
2006-07-31,2091.469970703125
2006-08-01,2061.989990234375
2006-08-02,2078.81005859375
2006-08-03,2092.340087890625
2006-08-04,2085.050048828125
2006-08-07,2072.5
2006-08-08,2060.85009765625
2006-08-09,2060.280029296875
2006-08-10,2071.739990234375
2006-08-11,2057.7099609375
2006-08-14,2069.0400390625
2006-08-15,2115.010009765625
2006-08-16,2149.5400390625
2006-08-17,2157.610107421875
2006-08-18,2163.949951171875
2006-08-21,2147.75
2006-08-22,2150.02001953125
2006-08-23,2134.659912109375
2006-08-24,2137.110107421875
2006-08-25,2140.2900390625
2006-08-28,2160.699951171875
2006-08-29,2172.300048828125
2006-08-30,2185.72998046875
2006-08-31,2183.75
2006-09-01,2193.159912109375
2006-09-05,2205.699951171875
2006-09-06,2167.840087890625
2006-09-07,2155.2900390625
2006-09-08,2165.7900390625
2006-09-11,2173.25
2006-09-12,2215.820068359375
2006-09-13,2227.669921875
2006-09-14,2228.72998046875
2006-09-15,2235.590087890625
2006-09-18,2235.75
2006-09-19,2222.3701171875
2006-09-20,2252.889892578125
2006-09-21,2237.75
2006-09-22,2218.929931640625
2006-09-25,2249.070068359375
2006-09-26,2261.340087890625
2006-09-27,2263.389892578125
2006-09-28,2270.02001953125
2006-09-29,2258.429931640625
2006-10-02,2237.60009765625
2006-10-03,2243.64990234375
2006-10-04,2290.949951171875
2006-10-05,2306.340087890625
2006-10-06,2299.989990234375
2006-10-09,2311.77001953125
2006-10-10,2315.429931640625
2006-10-11,2308.27001953125
2006-10-12,2346.179931640625
2006-10-13,2357.2900390625
2006-10-16,2363.840087890625
2006-10-17,2344.949951171875
2006-10-18,2337.14990234375
2006-10-19,2340.93994140625
2006-10-20,2342.300048828125
2006-10-23,2355.56005859375
2006-10-24,2344.840087890625
2006-10-25,2356.590087890625
2006-10-26,2379.10009765625
2006-10-27,2350.6201171875
2006-10-30,2363.77001953125
2006-10-31,2366.7099609375
2006-11-01,2334.35009765625
2006-11-02,2334.02001953125
2006-11-03,2330.7900390625
2006-11-06,2365.949951171875
2006-11-07,2375.8798828125
2006-11-08,2384.93994140625
2006-11-09,2376.010009765625
2006-11-10,2389.719970703125
2006-11-13,2406.3798828125
2006-11-14,2430.659912109375
2006-11-15,2442.75
2006-11-16,2449.06005859375
2006-11-17,2445.860107421875
2006-11-20,2452.719970703125
2006-11-21,2454.840087890625
2006-11-22,2465.97998046875
2006-11-24,2460.260009765625
2006-11-27,2405.919921875
2006-11-28,2412.610107421875
2006-11-29,2432.22998046875
2006-11-30,2431.77001953125
2006-12-01,2413.2099609375
2006-12-04,2448.389892578125
2006-12-05,2452.3798828125
2006-12-06,2445.860107421875
2006-12-07,2427.68994140625
2006-12-08,2437.360107421875
2006-12-11,2442.860107421875
2006-12-12,2431.60009765625
2006-12-13,2432.409912109375
2006-12-14,2453.85009765625
2006-12-15,2457.199951171875
2006-12-18,2435.570068359375
2006-12-19,2429.550048828125
2006-12-20,2427.610107421875
2006-12-21,2415.85009765625
2006-12-22,2401.179931640625
2006-12-26,2413.510009765625
2006-12-27,2431.219970703125
2006-12-28,2425.570068359375
2006-12-29,2415.2900390625
2007-01-03,2423.159912109375
2007-01-04,2453.429931640625
2007-01-05,2434.25
2007-01-08,2438.199951171875
2007-01-09,2443.830078125
2007-01-10,2459.330078125
2007-01-11,2484.85009765625
2007-01-12,2502.820068359375
2007-01-16,2497.780029296875
2007-01-17,2479.419921875
2007-01-18,2443.2099609375
2007-01-19,2451.31005859375
2007-01-22,2431.070068359375
2007-01-23,2431.409912109375
2007-01-24,2466.280029296875
2007-01-25,2434.239990234375
2007-01-26,2435.489990234375
2007-01-29,2441.090087890625
2007-01-30,2448.639892578125
2007-01-31,2463.929931640625
2007-02-01,2468.3798828125
2007-02-02,2475.8798828125
2007-02-05,2470.60009765625
2007-02-06,2471.489990234375
2007-02-07,2490.5
2007-02-08,2488.669921875
2007-02-09,2459.820068359375
2007-02-12,2450.3798828125
2007-02-13,2459.8798828125
2007-02-14,2488.3798828125
2007-02-15,2497.10009765625
2007-02-16,2496.31005859375
2007-02-20,2513.0400390625
2007-02-21,2518.419921875
2007-02-22,2524.93994140625
2007-02-23,2515.10009765625
2007-02-26,2504.52001953125
2007-02-27,2407.860107421875
2007-02-28,2416.14990234375
2007-03-01,2404.2099609375
2007-03-02,2368.0
2007-03-05,2340.679931640625
2007-03-06,2385.139892578125
2007-03-07,2374.639892578125
2007-03-08,2387.72998046875
2007-03-09,2387.550048828125
2007-03-12,2402.2900390625
2007-03-13,2350.570068359375
2007-03-14,2371.739990234375
2007-03-15,2378.699951171875
2007-03-16,2372.659912109375
2007-03-19,2394.409912109375
2007-03-20,2408.2099609375
2007-03-21,2455.919921875
2007-03-22,2451.739990234375
2007-03-23,2448.929931640625
2007-03-26,2455.6298828125
2007-03-27,2437.429931640625
2007-03-28,2417.10009765625
2007-03-29,2417.8798828125
2007-03-30,2421.639892578125
2007-04-02,2422.260009765625
2007-04-03,2450.330078125
2007-04-04,2458.68994140625
2007-04-05,2471.340087890625
2007-04-09,2469.179931640625
2007-04-10,2477.610107421875
2007-04-11,2459.31005859375
2007-04-12,2480.320068359375
2007-04-13,2491.93994140625
2007-04-16,2518.330078125
2007-04-17,2516.949951171875
2007-04-18,2510.5
2007-04-19,2505.35009765625
2007-04-20,2526.389892578125
2007-04-23,2523.669921875
2007-04-24,2524.5400390625
2007-04-25,2547.889892578125
2007-04-26,2554.4599609375
2007-04-27,2557.2099609375
2007-04-30,2525.090087890625
2007-05-01,2531.530029296875
2007-05-02,2557.840087890625
2007-05-03,2565.4599609375
2007-05-04,2572.14990234375
2007-05-07,2570.949951171875
2007-05-08,2571.75
2007-05-09,2576.340087890625
2007-05-10,2533.739990234375
2007-05-11,2562.219970703125
2007-05-14,2546.43994140625
2007-05-15,2525.2900390625
2007-05-16,2547.419921875
2007-05-17,2539.3798828125
2007-05-18,2558.449951171875
2007-05-21,2578.7900390625
2007-05-22,2588.02001953125
2007-05-23,2577.050048828125
2007-05-24,2537.919921875
2007-05-25,2557.18994140625
2007-05-29,2572.06005859375
2007-05-30,2592.590087890625
2007-05-31,2604.52001953125
2007-06-01,2613.919921875
2007-06-04,2618.2900390625
2007-06-05,2611.22998046875
2007-06-06,2587.179931640625
2007-06-07,2541.3798828125
2007-06-08,2573.5400390625
2007-06-11,2572.14990234375
2007-06-12,2549.77001953125
2007-06-13,2582.31005859375
2007-06-14,2599.409912109375
2007-06-15,2626.7099609375
2007-06-18,2626.60009765625
2007-06-19,2626.760009765625
2007-06-20,2599.9599609375
2007-06-21,2616.9599609375
2007-06-22,2588.9599609375
2007-06-25,2577.080078125
2007-06-26,2574.159912109375
2007-06-27,2605.35009765625
2007-06-28,2608.3701171875
2007-06-29,2603.22998046875
2007-07-02,2632.300048828125
2007-07-03,2644.949951171875
2007-07-05,2656.64990234375
2007-07-06,2666.510009765625
2007-07-09,2670.02001953125
2007-07-10,2639.159912109375
2007-07-11,2651.7900390625
2007-07-12,2701.72998046875
2007-07-13,2707.0
2007-07-16,2697.330078125
2007-07-17,2712.2900390625
2007-07-18,2699.489990234375
2007-07-19,2720.0400390625
2007-07-20,2687.60009765625
2007-07-23,2690.580078125
2007-07-24,2639.860107421875
2007-07-25,2648.169921875
2007-07-26,2599.340087890625
2007-07-27,2562.239990234375
2007-07-30,2583.280029296875
2007-07-31,2546.27001953125
2007-08-01,2553.8701171875
2007-08-02,2575.97998046875
2007-08-03,2511.25
2007-08-06,2547.330078125
2007-08-07,2561.60009765625
2007-08-08,2612.97998046875
2007-08-09,2556.489990234375
2007-08-10,2544.889892578125
2007-08-13,2542.239990234375
2007-08-14,2499.1201171875
2007-08-15,2458.830078125
2007-08-16,2451.070068359375
2007-08-17,2505.030029296875
2007-08-20,2508.590087890625
2007-08-21,2521.300048828125
2007-08-22,2552.800048828125
2007-08-23,2541.699951171875
2007-08-24,2576.68994140625
2007-08-27,2561.25
2007-08-28,2500.639892578125
2007-08-29,2563.159912109375
2007-08-30,2565.300048828125
2007-08-31,2596.360107421875
2007-09-04,2630.239990234375
2007-09-05,2605.949951171875
2007-09-06,2614.320068359375
2007-09-07,2565.699951171875
2007-09-10,2559.110107421875
2007-09-11,2597.469970703125
2007-09-12,2592.070068359375
2007-09-13,2601.06005859375
2007-09-14,2602.179931640625
2007-09-17,2581.659912109375
2007-09-18,2651.659912109375
2007-09-19,2666.47998046875
2007-09-20,2654.2900390625
2007-09-21,2671.219970703125
2007-09-24,2667.949951171875
2007-09-25,2683.449951171875
2007-09-26,2699.030029296875
2007-09-27,2709.590087890625
2007-09-28,2701.5
2007-10-01,2740.989990234375
2007-10-02,2747.110107421875
2007-10-03,2729.429931640625
2007-10-04,2733.570068359375
2007-10-05,2780.320068359375
2007-10-08,2787.3701171875
2007-10-09,2803.909912109375
2007-10-10,2811.610107421875
2007-10-11,2772.199951171875
2007-10-12,2805.679931640625
2007-10-15,2780.050048828125
2007-10-16,2763.909912109375
2007-10-17,2792.669921875
2007-10-18,2799.31005859375
2007-10-19,2725.159912109375
2007-10-22,2753.929931640625
2007-10-23,2799.260009765625
2007-10-24,2774.760009765625
2007-10-25,2750.860107421875
2007-10-26,2804.18994140625
2007-10-29,2817.43994140625
2007-10-30,2816.7099609375
2007-10-31,2859.1201171875
2007-11-01,2794.830078125
2007-11-02,2810.3798828125
2007-11-05,2795.179931640625
2007-11-06,2825.179931640625
2007-11-07,2748.760009765625
2007-11-08,2696.0
2007-11-09,2627.93994140625
2007-11-12,2584.1298828125
2007-11-13,2673.64990234375
2007-11-14,2644.320068359375
2007-11-15,2618.510009765625
2007-11-16,2637.239990234375
2007-11-19,2593.3798828125
2007-11-20,2596.81005859375
2007-11-21,2562.14990234375
2007-11-23,2596.60009765625
2007-11-26,2540.989990234375
2007-11-27,2580.800048828125
2007-11-28,2662.909912109375
2007-11-29,2668.1298828125
2007-11-30,2660.9599609375
2007-12-03,2637.1298828125
2007-12-04,2619.830078125
2007-12-05,2666.360107421875
2007-12-06,2709.030029296875
2007-12-07,2706.159912109375
2007-12-10,2718.949951171875
2007-12-11,2652.35009765625
2007-12-12,2671.139892578125
2007-12-13,2668.489990234375
2007-12-14,2635.739990234375
2007-12-17,2574.4599609375
2007-12-18,2596.030029296875
2007-12-19,2601.010009765625
2007-12-20,2640.860107421875
2007-12-21,2691.989990234375
2007-12-24,2713.5
2007-12-26,2724.409912109375
2007-12-27,2676.7900390625
2007-12-28,2674.4599609375
2007-12-31,2652.280029296875
2008-01-02,2609.6298828125
2008-01-03,2602.679931640625
2008-01-04,2504.64990234375
2008-01-07,2499.4599609375
2008-01-08,2440.510009765625
2008-01-09,2474.550048828125
2008-01-10,2488.52001953125
2008-01-11,2439.93994140625
2008-01-14,2478.300048828125
2008-01-15,2417.590087890625
2008-01-16,2394.590087890625
2008-01-17,2346.89990234375
2008-01-18,2340.02001953125
2008-01-22,2292.27001953125
2008-01-23,2316.409912109375
2008-01-24,2360.919921875
2008-01-25,2326.199951171875
2008-01-28,2349.909912109375
2008-01-29,2358.06005859375
2008-01-30,2349.0
2008-01-31,2389.860107421875
2008-02-01,2413.360107421875
2008-02-04,2382.85009765625
2008-02-05,2309.570068359375
2008-02-06,2278.75
2008-02-07,2293.030029296875
2008-02-08,2304.85009765625
2008-02-11,2320.06005859375
2008-02-12,2320.0400390625
2008-02-13,2373.929931640625
2008-02-14,2332.5400390625
2008-02-15,2321.800048828125
2008-02-19,2306.199951171875
2008-02-20,2327.10009765625
2008-02-21,2299.780029296875
2008-02-22,2303.35009765625
2008-02-25,2327.47998046875
2008-02-26,2344.989990234375
2008-02-27,2353.780029296875
2008-02-28,2331.570068359375
2008-02-29,2271.47998046875
2008-03-03,2258.60009765625
2008-03-04,2260.280029296875
2008-03-05,2272.81005859375
2008-03-06,2220.5
2008-03-07,2212.489990234375
2008-03-10,2169.340087890625
2008-03-11,2255.760009765625
2008-03-12,2243.8701171875
2008-03-13,2263.610107421875
2008-03-14,2212.489990234375
2008-03-17,2177.010009765625
2008-03-18,2268.260009765625
2008-03-19,2209.9599609375
2008-03-20,2258.110107421875
2008-03-24,2326.75
2008-03-25,2341.050048828125
2008-03-26,2324.360107421875
2008-03-27,2280.830078125
2008-03-28,2261.179931640625
2008-03-31,2279.10009765625
2008-04-01,2362.75
2008-04-02,2361.39990234375
2008-04-03,2363.300048828125
2008-04-04,2370.97998046875
2008-04-07,2364.830078125
2008-04-08,2348.760009765625
2008-04-09,2322.1201171875
2008-04-10,2351.699951171875
2008-04-11,2290.239990234375
2008-04-14,2275.820068359375
2008-04-15,2286.0400390625
2008-04-16,2350.110107421875
2008-04-17,2341.830078125
2008-04-18,2402.969970703125
2008-04-21,2408.0400390625
2008-04-22,2376.93994140625
2008-04-23,2405.2099609375
2008-04-24,2428.919921875
2008-04-25,2422.929931640625
2008-04-28,2424.39990234375
2008-04-29,2426.10009765625
2008-04-30,2412.800048828125
2008-05-01,2480.7099609375
2008-05-02,2476.989990234375
2008-05-05,2464.1201171875
2008-05-06,2483.31005859375
2008-05-07,2438.489990234375
2008-05-08,2451.239990234375
2008-05-09,2445.52001953125
2008-05-12,2488.489990234375
2008-05-13,2495.1201171875
2008-05-14,2496.699951171875
2008-05-15,2533.72998046875
2008-05-16,2528.85009765625
2008-05-19,2516.090087890625
2008-05-20,2492.260009765625
2008-05-21,2448.27001953125
2008-05-22,2464.580078125
2008-05-23,2444.669921875
2008-05-27,2481.239990234375
2008-05-28,2486.699951171875
2008-05-29,2508.320068359375
2008-05-30,2522.659912109375
2008-06-02,2491.530029296875
2008-06-03,2480.47998046875
2008-06-04,2503.139892578125
2008-06-05,2549.93994140625
2008-06-06,2474.56005859375
2008-06-09,2459.4599609375
2008-06-10,2448.93994140625
2008-06-11,2394.010009765625
2008-06-12,2404.35009765625
2008-06-13,2454.5
2008-06-16,2474.780029296875
2008-06-17,2457.72998046875
2008-06-18,2429.7099609375
2008-06-19,2462.06005859375
2008-06-20,2406.090087890625
2008-06-23,2385.739990234375
2008-06-24,2368.280029296875
2008-06-25,2401.260009765625
2008-06-26,2321.3701171875
2008-06-27,2315.6298828125
2008-06-30,2292.97998046875
2008-07-01,2304.969970703125
2008-07-02,2251.4599609375
2008-07-03,2245.3798828125
2008-07-07,2243.320068359375
2008-07-08,2294.43994140625
2008-07-09,2234.889892578125
2008-07-10,2257.85009765625
2008-07-11,2239.080078125
2008-07-14,2212.8701171875
2008-07-15,2215.7099609375
2008-07-16,2284.85009765625
2008-07-17,2312.300048828125
2008-07-18,2282.780029296875
2008-07-21,2279.530029296875
2008-07-22,2303.9599609375
2008-07-23,2325.8798828125
2008-07-24,2280.110107421875
2008-07-25,2310.530029296875
2008-07-28,2264.219970703125
2008-07-29,2319.6201171875
2008-07-30,2329.719970703125
2008-07-31,2325.550048828125
2008-08-01,2310.9599609375
2008-08-04,2285.56005859375
2008-08-05,2349.830078125
2008-08-06,2378.3701171875
2008-08-07,2355.72998046875
2008-08-08,2414.10009765625
2008-08-11,2439.949951171875
2008-08-12,2430.610107421875
2008-08-13,2428.6201171875
2008-08-14,2453.669921875
2008-08-15,2452.52001953125
2008-08-18,2416.97998046875
2008-08-19,2384.360107421875
2008-08-20,2389.080078125
2008-08-21,2380.3798828125
2008-08-22,2414.7099609375
2008-08-25,2365.590087890625
2008-08-26,2361.969970703125
2008-08-27,2382.4599609375
2008-08-28,2411.639892578125
2008-08-29,2367.52001953125
2008-09-02,2349.239990234375
2008-09-03,2333.72998046875
2008-09-04,2259.0400390625
2008-09-05,2255.8798828125
2008-09-08,2269.760009765625
2008-09-09,2209.81005859375
2008-09-10,2228.699951171875
2008-09-11,2258.219970703125
2008-09-12,2261.27001953125
2008-09-15,2179.909912109375
2008-09-16,2207.89990234375
2008-09-17,2098.85009765625
2008-09-18,2199.10009765625
2008-09-19,2273.89990234375
2008-09-22,2178.97998046875
2008-09-23,2153.330078125
2008-09-24,2155.679931640625
2008-09-25,2186.570068359375
2008-09-26,2183.340087890625
2008-09-29,1983.72998046875
2008-09-30,2091.8798828125
2008-10-01,2069.39990234375
2008-10-02,1976.719970703125
2008-10-03,1947.3900146484375
2008-10-06,1862.9599609375
2008-10-07,1754.8800048828125
2008-10-08,1740.3299560546875
2008-10-09,1645.1199951171875
2008-10-10,1649.510009765625
2008-10-13,1844.25
2008-10-14,1779.010009765625
2008-10-15,1628.3299560546875
2008-10-16,1717.7099609375
2008-10-17,1711.2900390625
2008-10-20,1770.030029296875
2008-10-21,1696.6800537109375
2008-10-22,1615.75
2008-10-23,1603.9100341796875
2008-10-24,1552.030029296875
2008-10-27,1505.9000244140625
2008-10-28,1649.469970703125
2008-10-29,1657.2099609375
2008-10-30,1698.52001953125
2008-10-31,1720.949951171875
2008-11-03,1726.3299560546875
2008-11-04,1780.1199951171875
2008-11-05,1681.6400146484375
2008-11-06,1608.699951171875
2008-11-07,1647.4000244140625
2008-11-10,1616.739990234375
2008-11-11,1580.9000244140625
2008-11-12,1499.2099609375
2008-11-13,1596.699951171875
2008-11-14,1516.8499755859375
2008-11-17,1482.050048828125
2008-11-18,1483.27001953125
2008-11-19,1386.4200439453125
2008-11-20,1316.1199951171875
2008-11-21,1384.3499755859375
2008-11-24,1472.02001953125
2008-11-25,1464.72998046875
2008-11-26,1532.0999755859375
2008-11-28,1535.5699462890625
2008-12-01,1398.0699462890625
2008-12-02,1449.800048828125
2008-12-03,1492.3800048828125
2008-12-04,1445.56005859375
2008-12-05,1509.31005859375
2008-12-08,1571.739990234375
2008-12-09,1547.3399658203125
2008-12-10,1565.47998046875
2008-12-11,1507.8800048828125
2008-12-12,1540.719970703125
2008-12-15,1508.3399658203125
2008-12-16,1589.8900146484375
2008-12-17,1579.31005859375
2008-12-18,1552.3699951171875
2008-12-19,1564.3199462890625
2008-12-22,1532.3499755859375
2008-12-23,1521.5400390625
2008-12-24,1524.9000244140625
2008-12-26,1530.239990234375
2008-12-29,1510.3199462890625
2008-12-30,1550.699951171875
2008-12-31,1577.030029296875
2009-01-02,1632.2099609375
2009-01-05,1628.030029296875
2009-01-06,1652.3800048828125
2009-01-07,1599.06005859375
2009-01-08,1617.010009765625
2009-01-09,1571.5899658203125
2009-01-12,1538.7900390625
2009-01-13,1546.4599609375
2009-01-14,1489.6400146484375
2009-01-15,1511.8399658203125
2009-01-16,1529.3299560546875
2009-01-20,1440.8599853515625
2009-01-21,1507.0699462890625
2009-01-22,1465.489990234375
2009-01-23,1477.2900390625
2009-01-26,1489.4599609375
2009-01-27,1504.9000244140625
2009-01-28,1558.3399658203125
2009-01-29,1507.8399658203125
2009-01-30,1476.4200439453125
2009-02-02,1494.4300537109375
2009-02-03,1516.300048828125
2009-02-04,1515.050048828125
2009-02-05,1546.239990234375
2009-02-06,1591.7099609375
2009-02-09,1591.56005859375
2009-02-10,1524.72998046875
2009-02-11,1530.5
2009-02-12,1541.7099609375
2009-02-13,1534.3599853515625
2009-02-17,1470.6600341796875
2009-02-18,1467.969970703125
2009-02-19,1442.8199462890625
2009-02-20,1441.22998046875
2009-02-23,1387.719970703125
2009-02-24,1441.8299560546875
2009-02-25,1425.4300537109375
2009-02-26,1391.469970703125
2009-02-27,1377.8399658203125
2009-03-02,1322.8499755859375
2009-03-03,1321.010009765625
2009-03-04,1353.739990234375
2009-03-05,1299.5899658203125
2009-03-06,1293.8499755859375
2009-03-09,1268.6400146484375
2009-03-10,1358.280029296875
2009-03-11,1371.6400146484375
2009-03-12,1426.0999755859375
2009-03-13,1431.5
2009-03-16,1404.02001953125
2009-03-17,1462.1099853515625
2009-03-18,1491.219970703125
2009-03-19,1483.47998046875
2009-03-20,1457.27001953125
2009-03-23,1555.77001953125
2009-03-24,1516.52001953125
2009-03-25,1528.949951171875
2009-03-26,1587.0
2009-03-27,1545.199951171875
2009-03-30,1501.800048828125
2009-03-31,1528.5899658203125
2009-04-01,1551.5999755859375
2009-04-02,1602.6300048828125
2009-04-03,1621.8699951171875
2009-04-06,1606.7099609375
2009-04-07,1561.6099853515625
2009-04-08,1590.6600341796875
2009-04-09,1652.5400390625
2009-04-13,1653.31005859375
2009-04-14,1625.719970703125
2009-04-15,1626.800048828125
2009-04-16,1670.43994140625
2009-04-17,1673.0699462890625
2009-04-20,1608.2099609375
2009-04-21,1643.8499755859375
2009-04-22,1646.1199951171875
2009-04-23,1652.2099609375
2009-04-24,1694.2900390625
2009-04-27,1679.4100341796875
2009-04-28,1673.81005859375
2009-04-29,1711.93994140625
2009-04-30,1717.300048828125
2009-05-01,1719.199951171875
2009-05-04,1763.56005859375
2009-05-05,1754.1199951171875
2009-05-06,1759.0999755859375
2009-05-07,1716.239990234375
2009-05-08,1739.0
2009-05-11,1731.239990234375
2009-05-12,1715.9200439453125
2009-05-13,1664.18994140625
2009-05-14,1689.2099609375
2009-05-15,1680.1400146484375
2009-05-18,1732.3599853515625
2009-05-19,1734.5400390625
2009-05-20,1727.8399658203125
2009-05-21,1695.25
2009-05-22,1692.010009765625
2009-05-26,1750.4300537109375
2009-05-27,1731.0799560546875
2009-05-28,1751.7900390625
2009-05-29,1774.3299560546875
2009-06-01,1828.6800537109375
2009-06-02,1836.800048828125
2009-06-03,1825.9200439453125
2009-06-04,1850.02001953125
2009-06-05,1849.4200439453125
2009-06-08,1842.4000244140625
2009-06-09,1860.1300048828125
2009-06-10,1853.0799560546875
2009-06-11,1862.3699951171875
2009-06-12,1858.800048828125
2009-06-15,1816.3800048828125
2009-06-16,1796.1800537109375
2009-06-17,1808.06005859375
2009-06-18,1807.719970703125
2009-06-19,1827.469970703125
2009-06-22,1766.18994140625
2009-06-23,1764.9200439453125
2009-06-24,1792.3399658203125
2009-06-25,1829.5400390625
2009-06-26,1838.219970703125
2009-06-29,1844.06005859375
2009-06-30,1835.0400390625
2009-07-01,1845.719970703125
2009-07-02,1796.52001953125
2009-07-06,1787.4000244140625
2009-07-07,1746.1700439453125
2009-07-08,1747.1700439453125
2009-07-09,1752.550048828125
2009-07-10,1756.030029296875
2009-07-13,1793.2099609375
2009-07-14,1799.72998046875
2009-07-15,1862.9000244140625
2009-07-16,1885.030029296875
2009-07-17,1886.6099853515625
2009-07-20,1909.2900390625
2009-07-21,1916.199951171875
2009-07-22,1926.3800048828125
2009-07-23,1973.5999755859375
2009-07-24,1965.9599609375
2009-07-27,1967.8900146484375
2009-07-28,1975.510009765625
2009-07-29,1967.760009765625
2009-07-30,1984.300048828125
2009-07-31,1978.5
2009-08-03,2008.6099853515625
2009-08-04,2011.31005859375
2009-08-05,1993.050048828125
2009-08-06,1973.1600341796875
2009-08-07,2000.25
2009-08-10,1992.239990234375
2009-08-11,1969.72998046875
2009-08-12,1998.719970703125
2009-08-13,2009.3499755859375
2009-08-14,1985.52001953125
2009-08-17,1930.8399658203125
2009-08-18,1955.9200439453125
2009-08-19,1969.239990234375
2009-08-20,1989.219970703125
2009-08-21,2020.9000244140625
2009-08-24,2017.97998046875
2009-08-25,2024.22998046875
2009-08-26,2024.4300537109375
2009-08-27,2027.72998046875
2009-08-28,2028.77001953125
2009-08-31,2009.06005859375
2009-09-01,1968.8900146484375
2009-09-02,1967.0699462890625
2009-09-03,1983.199951171875
2009-09-04,2018.780029296875
2009-09-08,2037.77001953125
2009-09-09,2060.389892578125
2009-09-10,2084.02001953125
2009-09-11,2080.89990234375
2009-09-14,2091.780029296875
2009-09-15,2102.639892578125
2009-09-16,2133.14990234375
2009-09-17,2126.75
2009-09-18,2132.860107421875
2009-09-21,2138.0400390625
2009-09-22,2146.300048828125
2009-09-23,2131.419921875
2009-09-24,2107.610107421875
2009-09-25,2090.919921875
2009-09-28,2130.739990234375
2009-09-29,2124.0400390625
2009-09-30,2122.419921875
2009-10-01,2057.47998046875
2009-10-02,2048.110107421875
2009-10-05,2068.14990234375
2009-10-06,2103.570068359375
2009-10-07,2110.330078125
2009-10-08,2123.929931640625
2009-10-09,2139.280029296875
2009-10-12,2139.139892578125
2009-10-13,2139.889892578125
2009-10-14,2172.22998046875
2009-10-15,2173.2900390625
2009-10-16,2156.800048828125
2009-10-19,2176.320068359375
2009-10-20,2163.469970703125
2009-10-21,2150.72998046875
2009-10-22,2165.2900390625
2009-10-23,2154.469970703125
2009-10-26,2141.85009765625
2009-10-27,2116.090087890625
2009-10-28,2059.610107421875
2009-10-29,2097.550048828125
2009-10-30,2045.1099853515625
2009-11-02,2049.199951171875
2009-11-03,2057.320068359375
2009-11-04,2055.52001953125
2009-11-05,2105.320068359375
2009-11-06,2112.43994140625
2009-11-09,2154.06005859375
2009-11-10,2151.080078125
2009-11-11,2166.89990234375
2009-11-12,2149.02001953125
2009-11-13,2167.8798828125
2009-11-16,2197.85009765625
2009-11-17,2203.780029296875
2009-11-18,2193.139892578125
2009-11-19,2156.820068359375
2009-11-20,2146.0400390625
2009-11-23,2176.010009765625
2009-11-24,2169.179931640625
2009-11-25,2176.050048828125
2009-11-27,2138.43994140625
2009-11-30,2144.60009765625
2009-12-01,2175.81005859375
2009-12-02,2185.030029296875
2009-12-03,2173.139892578125
2009-12-04,2194.35009765625
2009-12-07,2189.610107421875
2009-12-08,2172.989990234375
2009-12-09,2183.72998046875
2009-12-10,2190.860107421875
2009-12-11,2190.31005859375
2009-12-14,2212.10009765625
2009-12-15,2201.050048828125
2009-12-16,2206.909912109375
2009-12-17,2180.050048828125
2009-12-18,2211.68994140625
2009-12-21,2237.659912109375
2009-12-22,2252.669921875
2009-12-23,2269.639892578125
2009-12-24,2285.68994140625
2009-12-28,2291.080078125
2009-12-29,2288.39990234375
2009-12-30,2291.280029296875
2009-12-31,2269.14990234375
2010-01-04,2308.419921875
2010-01-05,2308.7099609375
2010-01-06,2301.090087890625
2010-01-07,2300.050048828125
2010-01-08,2317.169921875
2010-01-11,2312.409912109375
2010-01-12,2282.31005859375
2010-01-13,2307.89990234375
2010-01-14,2316.739990234375
2010-01-15,2287.989990234375
2010-01-19,2320.39990234375
2010-01-20,2291.25
2010-01-21,2265.699951171875
2010-01-22,2205.2900390625
2010-01-25,2210.800048828125
2010-01-26,2203.72998046875
2010-01-27,2221.409912109375
2010-01-28,2179.0
2010-01-29,2147.35009765625
2010-02-01,2171.199951171875
2010-02-02,2190.06005859375
2010-02-03,2190.909912109375
2010-02-04,2125.429931640625
2010-02-05,2141.1201171875
2010-02-08,2126.050048828125
2010-02-09,2150.8701171875
2010-02-10,2147.8701171875
2010-02-11,2177.409912109375
2010-02-12,2183.530029296875
2010-02-16,2214.18994140625
2010-02-17,2226.2900390625
2010-02-18,2241.7099609375
2010-02-19,2243.8701171875
2010-02-22,2242.030029296875
2010-02-23,2213.43994140625
2010-02-24,2235.89990234375
2010-02-25,2234.219970703125
2010-02-26,2238.260009765625
2010-03-01,2273.570068359375
2010-03-02,2280.7900390625
2010-03-03,2280.679931640625
2010-03-04,2292.31005859375
2010-03-05,2326.35009765625
2010-03-08,2332.2099609375
2010-03-09,2340.679931640625
2010-03-10,2358.949951171875
2010-03-11,2368.4599609375
2010-03-12,2367.659912109375
2010-03-15,2362.2099609375
2010-03-16,2378.010009765625
2010-03-17,2389.090087890625
2010-03-18,2391.280029296875
2010-03-19,2374.409912109375
2010-03-22,2395.39990234375
2010-03-23,2415.239990234375
2010-03-24,2398.760009765625
2010-03-25,2397.409912109375
2010-03-26,2395.1298828125
2010-03-29,2404.360107421875
2010-03-30,2410.68994140625
2010-03-31,2397.9599609375
2010-04-01,2402.580078125
2010-04-05,2429.530029296875
2010-04-06,2436.81005859375
2010-04-07,2431.159912109375
2010-04-08,2436.81005859375
2010-04-09,2454.050048828125
2010-04-12,2457.8701171875
2010-04-13,2465.989990234375
2010-04-14,2504.860107421875
2010-04-15,2515.68994140625
2010-04-16,2481.260009765625
2010-04-19,2480.110107421875
2010-04-20,2500.31005859375
2010-04-21,2504.610107421875
2010-04-22,2519.070068359375
2010-04-23,2530.14990234375
2010-04-26,2522.949951171875
2010-04-27,2471.469970703125
2010-04-28,2471.72998046875
2010-04-29,2511.919921875
2010-04-30,2461.18994140625
2010-05-03,2498.739990234375
2010-05-04,2424.25
2010-05-05,2402.2900390625
2010-05-06,2319.639892578125
2010-05-07,2265.639892578125
2010-05-10,2374.669921875
2010-05-11,2375.31005859375
2010-05-12,2425.02001953125
2010-05-13,2394.360107421875
2010-05-14,2346.85009765625
2010-05-17,2354.22998046875
2010-05-18,2317.260009765625
2010-05-19,2298.3701171875
2010-05-20,2204.010009765625
2010-05-21,2229.0400390625
2010-05-24,2213.550048828125
2010-05-25,2210.949951171875
2010-05-26,2195.8798828125
2010-05-27,2277.679931640625
2010-05-28,2257.0400390625
2010-06-01,2222.330078125
2010-06-02,2281.070068359375
2010-06-03,2303.030029296875
2010-06-04,2219.169921875
2010-06-07,2173.89990234375
2010-06-08,2170.570068359375
2010-06-09,2158.85009765625
2010-06-10,2218.7099609375
2010-06-11,2243.60009765625
2010-06-14,2243.9599609375
2010-06-15,2305.8798828125
2010-06-16,2305.929931640625
2010-06-17,2307.159912109375
2010-06-18,2309.800048828125
2010-06-21,2289.090087890625
2010-06-22,2261.800048828125
2010-06-23,2254.22998046875
2010-06-24,2217.419921875
2010-06-25,2223.47998046875
2010-06-28,2220.64990234375
2010-06-29,2135.179931640625
2010-06-30,2109.239990234375
2010-07-01,2101.360107421875
2010-07-02,2091.7900390625
2010-07-06,2093.8798828125
2010-07-07,2159.469970703125
2010-07-08,2175.39990234375
2010-07-09,2196.449951171875
2010-07-12,2198.360107421875
2010-07-13,2242.030029296875
2010-07-14,2249.840087890625
2010-07-15,2249.080078125
2010-07-16,2179.050048828125
2010-07-19,2198.22998046875
2010-07-20,2222.489990234375
2010-07-21,2187.330078125
2010-07-22,2245.889892578125
2010-07-23,2269.469970703125
2010-07-26,2296.429931640625
2010-07-27,2288.25
2010-07-28,2264.56005859375
2010-07-29,2251.68994140625
2010-07-30,2254.699951171875
2010-08-02,2295.360107421875
2010-08-03,2283.52001953125
2010-08-04,2303.570068359375
2010-08-05,2293.06005859375
2010-08-06,2288.469970703125
2010-08-09,2305.68994140625
2010-08-10,2277.169921875
2010-08-11,2208.6298828125
2010-08-12,2190.27001953125
2010-08-13,2173.47998046875
2010-08-16,2181.8701171875
2010-08-17,2209.43994140625
2010-08-18,2215.699951171875
2010-08-19,2178.949951171875
2010-08-20,2179.760009765625
2010-08-23,2159.6298828125
2010-08-24,2123.760009765625
2010-08-25,2141.5400390625
2010-08-26,2118.68994140625
2010-08-27,2153.6298828125
2010-08-30,2119.969970703125
2010-08-31,2114.030029296875
2010-09-01,2176.840087890625
2010-09-02,2200.010009765625
2010-09-03,2233.75
2010-09-07,2208.889892578125
2010-09-08,2228.8701171875
2010-09-09,2236.199951171875
2010-09-10,2242.47998046875
2010-09-13,2285.7099609375
2010-09-14,2289.77001953125
2010-09-15,2301.320068359375
2010-09-16,2303.25
2010-09-17,2315.610107421875
2010-09-20,2355.830078125
2010-09-21,2349.35009765625
2010-09-22,2334.550048828125
2010-09-23,2327.080078125
2010-09-24,2381.219970703125
2010-09-27,2369.77001953125
2010-09-28,2379.590087890625
2010-09-29,2376.56005859375
2010-09-30,2368.6201171875
2010-10-01,2370.75
2010-10-04,2344.52001953125
2010-10-05,2399.830078125
2010-10-06,2380.659912109375
2010-10-07,2383.669921875
2010-10-08,2401.909912109375
2010-10-11,2402.330078125
2010-10-12,2417.919921875
2010-10-13,2441.22998046875
2010-10-14,2435.3798828125
2010-10-15,2468.77001953125
2010-10-18,2480.659912109375
2010-10-19,2436.949951171875
2010-10-20,2457.389892578125
2010-10-21,2459.669921875
2010-10-22,2479.389892578125
2010-10-25,2490.85009765625
2010-10-26,2497.2900390625
2010-10-27,2503.260009765625
2010-10-28,2507.3701171875
2010-10-29,2507.409912109375
2010-11-01,2504.840087890625
2010-11-02,2533.52001953125
2010-11-03,2540.27001953125
2010-11-04,2577.340087890625
2010-11-05,2578.97998046875
2010-11-08,2580.050048828125
2010-11-09,2562.97998046875
2010-11-10,2578.780029296875
2010-11-11,2555.52001953125
2010-11-12,2518.2099609375
2010-11-15,2513.820068359375
2010-11-16,2469.840087890625
2010-11-17,2476.010009765625
2010-11-18,2514.39990234375
2010-11-19,2518.1201171875
2010-11-22,2532.02001953125
2010-11-23,2494.949951171875
2010-11-24,2543.1201171875
2010-11-26,2534.56005859375
2010-11-29,2525.219970703125
2010-11-30,2498.22998046875
2010-12-01,2549.429931640625
2010-12-02,2579.35009765625
2010-12-03,2591.4599609375
2010-12-06,2594.919921875
2010-12-07,2598.489990234375
2010-12-08,2609.159912109375
2010-12-09,2616.669921875
2010-12-10,2637.5400390625
2010-12-13,2624.909912109375
2010-12-14,2627.719970703125
2010-12-15,2617.219970703125
2010-12-16,2637.31005859375
2010-12-17,2642.969970703125
2010-12-20,2649.56005859375
2010-12-21,2667.610107421875
2010-12-22,2671.47998046875
2010-12-23,2665.60009765625
2010-12-27,2667.27001953125
2010-12-28,2662.8798828125
2010-12-29,2666.929931640625
2010-12-30,2662.97998046875
2010-12-31,2652.8701171875
2011-01-03,2691.52001953125
2011-01-04,2681.25
2011-01-05,2702.199951171875
2011-01-06,2709.889892578125
2011-01-07,2703.169921875
2011-01-10,2707.800048828125
2011-01-11,2716.830078125
2011-01-12,2737.330078125
2011-01-13,2735.2900390625
2011-01-14,2755.300048828125
2011-01-18,2765.85009765625
2011-01-19,2725.360107421875
2011-01-20,2704.2900390625
2011-01-21,2689.5400390625
2011-01-24,2717.550048828125
2011-01-25,2719.25
2011-01-26,2739.5
2011-01-27,2755.280029296875
2011-01-28,2686.889892578125
2011-01-31,2700.080078125
2011-02-01,2751.18994140625
2011-02-02,2749.56005859375
2011-02-03,2753.8798828125
2011-02-04,2769.300048828125
2011-02-07,2783.989990234375
2011-02-08,2797.050048828125
2011-02-09,2789.070068359375
2011-02-10,2790.449951171875
2011-02-11,2809.43994140625
2011-02-14,2817.179931640625
2011-02-15,2804.35009765625
2011-02-16,2825.56005859375
2011-02-17,2831.580078125
2011-02-18,2833.949951171875
2011-02-22,2756.419921875
2011-02-23,2722.989990234375
2011-02-24,2737.89990234375
2011-02-25,2781.050048828125
2011-02-28,2782.27001953125
2011-03-01,2737.409912109375
2011-03-02,2748.070068359375
2011-03-03,2798.739990234375
2011-03-04,2784.669921875
2011-03-07,2745.6298828125
2011-03-08,2765.77001953125
2011-03-09,2751.719970703125
2011-03-10,2701.02001953125
2011-03-11,2715.610107421875
2011-03-14,2700.969970703125
2011-03-15,2667.330078125
2011-03-16,2616.820068359375
2011-03-17,2636.050048828125
2011-03-18,2643.669921875
2011-03-21,2692.090087890625
2011-03-22,2683.8701171875
2011-03-23,2698.300048828125
2011-03-24,2736.419921875
2011-03-25,2743.06005859375
2011-03-28,2730.679931640625
2011-03-29,2756.889892578125
2011-03-30,2776.7900390625
2011-03-31,2781.070068359375
2011-04-01,2789.60009765625
2011-04-04,2789.18994140625
2011-04-05,2791.18994140625
2011-04-06,2799.820068359375
2011-04-07,2796.139892578125
2011-04-08,2780.419921875
2011-04-11,2771.510009765625
2011-04-12,2744.7900390625
2011-04-13,2761.52001953125
2011-04-14,2760.219970703125
2011-04-15,2764.64990234375
2011-04-18,2735.3798828125
2011-04-19,2744.969970703125
2011-04-20,2802.510009765625
2011-04-21,2820.159912109375
2011-04-25,2825.8798828125
2011-04-26,2847.5400390625
2011-04-27,2869.8798828125
2011-04-28,2872.530029296875
2011-04-29,2873.5400390625
2011-05-02,2864.080078125
2011-05-03,2841.6201171875
2011-05-04,2828.22998046875
2011-05-05,2814.719970703125
2011-05-06,2827.56005859375
2011-05-09,2843.25
2011-05-10,2871.889892578125
2011-05-11,2845.06005859375
2011-05-12,2863.0400390625
2011-05-13,2828.469970703125
2011-05-16,2782.31005859375
2011-05-17,2783.2099609375
2011-05-18,2815.0
2011-05-19,2823.31005859375
2011-05-20,2803.320068359375
2011-05-23,2758.89990234375
2011-05-24,2746.159912109375
2011-05-25,2761.3798828125
2011-05-26,2782.919921875
2011-05-27,2796.860107421875
2011-05-31,2835.300048828125
2011-06-01,2769.18994140625
2011-06-02,2773.31005859375
2011-06-03,2732.780029296875
2011-06-06,2702.56005859375
2011-06-07,2701.56005859375
2011-06-08,2675.3798828125
2011-06-09,2684.8701171875
2011-06-10,2643.72998046875
2011-06-13,2639.68994140625
2011-06-14,2678.719970703125
2011-06-15,2631.4599609375
2011-06-16,2623.699951171875
2011-06-17,2616.47998046875
2011-06-20,2629.659912109375
2011-06-21,2687.260009765625
2011-06-22,2669.18994140625
2011-06-23,2686.75
2011-06-24,2652.889892578125
2011-06-27,2688.280029296875
2011-06-28,2729.31005859375
2011-06-29,2740.489990234375
2011-06-30,2773.52001953125
2011-07-01,2816.030029296875
2011-07-05,2825.77001953125
2011-07-06,2834.02001953125
2011-07-07,2872.659912109375
2011-07-08,2859.81005859375
2011-07-11,2802.6201171875
2011-07-12,2781.909912109375
2011-07-13,2796.919921875
2011-07-14,2762.669921875
2011-07-15,2789.800048828125
2011-07-18,2765.110107421875
2011-07-19,2826.52001953125
2011-07-20,2814.22998046875
2011-07-21,2834.429931640625
2011-07-22,2858.830078125
2011-07-25,2842.800048828125
2011-07-26,2839.9599609375
2011-07-27,2764.7900390625
2011-07-28,2766.25
2011-07-29,2756.3798828125
2011-08-01,2744.610107421875
2011-08-02,2669.239990234375
2011-08-03,2693.070068359375
2011-08-04,2556.389892578125
2011-08-05,2532.409912109375
2011-08-08,2357.68994140625
2011-08-09,2482.52001953125
2011-08-10,2381.050048828125
2011-08-11,2492.679931640625
2011-08-12,2507.97998046875
2011-08-15,2555.199951171875
2011-08-16,2523.449951171875
2011-08-17,2511.47998046875
2011-08-18,2380.429931640625
2011-08-19,2341.840087890625
2011-08-22,2345.3798828125
2011-08-23,2446.06005859375
2011-08-24,2467.68994140625
2011-08-25,2419.6298828125
2011-08-26,2479.85009765625
2011-08-29,2562.110107421875
2011-08-30,2576.110107421875
2011-08-31,2579.4599609375
2011-09-01,2546.0400390625
2011-09-02,2480.330078125
2011-09-06,2473.830078125
2011-09-07,2548.93994140625
2011-09-08,2529.139892578125
2011-09-09,2467.989990234375
2011-09-12,2495.090087890625
2011-09-13,2532.14990234375
2011-09-14,2572.550048828125
2011-09-15,2607.070068359375
2011-09-16,2622.31005859375
2011-09-19,2612.830078125
2011-09-20,2590.239990234375
2011-09-21,2538.18994140625
2011-09-22,2455.669921875
2011-09-23,2483.22998046875
2011-09-26,2516.68994140625
2011-09-27,2546.830078125
2011-09-28,2491.580078125
2011-09-29,2480.760009765625
2011-09-30,2415.39990234375
2011-10-03,2335.830078125
2011-10-04,2404.820068359375
2011-10-05,2460.510009765625
2011-10-06,2506.820068359375
2011-10-07,2479.35009765625
2011-10-10,2566.050048828125
2011-10-11,2583.030029296875
2011-10-12,2604.72998046875
2011-10-13,2620.239990234375
2011-10-14,2667.85009765625
2011-10-17,2614.919921875
2011-10-18,2657.429931640625
2011-10-19,2604.0400390625
2011-10-20,2598.6201171875
2011-10-21,2637.4599609375
2011-10-24,2699.43994140625
2011-10-25,2638.419921875
2011-10-26,2650.669921875
2011-10-27,2738.6298828125
2011-10-28,2737.14990234375
2011-10-31,2684.409912109375
2011-11-01,2606.9599609375
2011-11-02,2639.97998046875
2011-11-03,2697.969970703125
2011-11-04,2686.14990234375
2011-11-07,2695.25
2011-11-08,2727.489990234375
2011-11-09,2621.64990234375
2011-11-10,2625.14990234375
2011-11-11,2678.75
2011-11-14,2657.219970703125
2011-11-15,2686.199951171875
2011-11-16,2639.610107421875
2011-11-17,2587.989990234375
2011-11-18,2572.5
2011-11-21,2523.139892578125
2011-11-22,2521.280029296875
2011-11-23,2460.080078125
2011-11-25,2441.510009765625
2011-11-28,2527.340087890625
2011-11-29,2515.510009765625
2011-11-30,2620.340087890625
2011-12-01,2626.199951171875
2011-12-02,2626.929931640625
2011-12-05,2655.760009765625
2011-12-06,2649.56005859375
2011-12-07,2649.2099609375
2011-12-08,2596.3798828125
2011-12-09,2646.85009765625
2011-12-12,2612.260009765625
2011-12-13,2579.27001953125
2011-12-14,2539.31005859375
2011-12-15,2541.010009765625
2011-12-16,2555.330078125
2011-12-19,2523.139892578125
2011-12-20,2603.72998046875
2011-12-21,2577.969970703125
2011-12-22,2599.449951171875
2011-12-23,2618.639892578125
2011-12-27,2625.199951171875
2011-12-28,2589.97998046875
2011-12-29,2613.739990234375
2011-12-30,2605.14990234375
2012-01-03,2648.719970703125
2012-01-04,2648.360107421875
2012-01-05,2669.860107421875
2012-01-06,2674.219970703125
2012-01-09,2676.56005859375
2012-01-10,2702.5
2012-01-11,2710.760009765625
2012-01-12,2724.699951171875
2012-01-13,2710.669921875
2012-01-17,2728.080078125
2012-01-18,2769.7099609375
2012-01-19,2788.330078125
2012-01-20,2786.699951171875
2012-01-23,2784.169921875
2012-01-24,2786.639892578125
2012-01-25,2818.31005859375
2012-01-26,2805.280029296875
2012-01-27,2816.550048828125
2012-01-30,2811.93994140625
2012-01-31,2813.840087890625
2012-02-01,2848.27001953125
2012-02-02,2859.679931640625
2012-02-03,2905.659912109375
2012-02-06,2901.989990234375
2012-02-07,2904.080078125
2012-02-08,2915.860107421875
2012-02-09,2927.22998046875
2012-02-10,2903.8798828125
2012-02-13,2931.389892578125
2012-02-14,2931.830078125
2012-02-15,2915.830078125
2012-02-16,2959.85009765625
2012-02-17,2951.780029296875
2012-02-21,2948.570068359375
2012-02-22,2933.169921875
2012-02-23,2956.97998046875
2012-02-24,2963.75
2012-02-27,2966.159912109375
2012-02-28,2986.760009765625
2012-02-29,2966.889892578125
2012-03-01,2988.969970703125
2012-03-02,2976.18994140625
2012-03-05,2950.47998046875
2012-03-06,2910.320068359375
2012-03-07,2935.68994140625
2012-03-08,2970.419921875
2012-03-09,2988.340087890625
2012-03-12,2983.659912109375
2012-03-13,3039.8798828125
2012-03-14,3040.72998046875
2012-03-15,3056.3701171875
2012-03-16,3055.260009765625
2012-03-19,3078.320068359375
2012-03-20,3074.14990234375
2012-03-21,3075.320068359375
2012-03-22,3063.320068359375
2012-03-23,3067.919921875
2012-03-26,3122.570068359375
2012-03-27,3120.35009765625
2012-03-28,3104.9599609375
2012-03-29,3095.360107421875
2012-03-30,3091.570068359375
2012-04-02,3119.699951171875
2012-04-03,3113.570068359375
2012-04-04,3068.090087890625
2012-04-05,3080.5
2012-04-09,3047.080078125
2012-04-10,2991.219970703125
2012-04-11,3016.4599609375
2012-04-12,3055.550048828125
2012-04-13,3011.330078125
2012-04-16,2988.39990234375
2012-04-17,3042.820068359375
2012-04-18,3031.449951171875
2012-04-19,3007.56005859375
2012-04-20,3000.449951171875
2012-04-23,2970.449951171875
2012-04-24,2961.60009765625
2012-04-25,3029.6298828125
2012-04-26,3050.610107421875
2012-04-27,3069.199951171875
2012-04-30,3046.360107421875
2012-05-01,3050.43994140625
2012-05-02,3059.85009765625
2012-05-03,3024.300048828125
2012-05-04,2956.340087890625
2012-05-07,2957.760009765625
2012-05-08,2946.27001953125
2012-05-09,2934.7099609375
2012-05-10,2933.639892578125
2012-05-11,2933.820068359375
2012-05-14,2902.580078125
2012-05-15,2893.760009765625
2012-05-16,2874.0400390625
2012-05-17,2813.68994140625
2012-05-18,2778.7900390625
2012-05-21,2847.2099609375
2012-05-22,2839.080078125
2012-05-23,2850.1201171875
2012-05-24,2839.3798828125
2012-05-25,2837.530029296875
2012-05-29,2870.989990234375
2012-05-30,2837.360107421875
2012-05-31,2827.340087890625
2012-06-01,2747.47998046875
2012-06-04,2760.010009765625
2012-06-05,2778.110107421875
2012-06-06,2844.719970703125
2012-06-07,2831.02001953125
2012-06-08,2858.419921875
2012-06-11,2809.72998046875
2012-06-12,2843.070068359375
2012-06-13,2818.610107421875
2012-06-14,2836.330078125
2012-06-15,2872.800048828125
2012-06-18,2895.330078125
2012-06-19,2929.760009765625
2012-06-20,2930.449951171875
2012-06-21,2859.090087890625
2012-06-22,2892.419921875
2012-06-25,2836.159912109375
2012-06-26,2854.06005859375
2012-06-27,2875.320068359375
2012-06-28,2849.489990234375
2012-06-29,2935.050048828125
2012-07-02,2951.22998046875
2012-07-03,2976.080078125
2012-07-05,2976.1201171875
2012-07-06,2937.330078125
2012-07-09,2931.77001953125
2012-07-10,2902.330078125
2012-07-11,2887.97998046875
2012-07-12,2866.18994140625
2012-07-13,2908.469970703125
2012-07-16,2896.93994140625
2012-07-17,2910.0400390625
2012-07-18,2942.60009765625
2012-07-19,2965.89990234375
2012-07-20,2925.300048828125
2012-07-23,2890.14990234375
2012-07-24,2862.989990234375
2012-07-25,2854.239990234375
2012-07-26,2893.25
2012-07-27,2958.090087890625
2012-07-30,2945.840087890625
2012-07-31,2939.52001953125
2012-08-01,2920.2099609375
2012-08-02,2909.77001953125
2012-08-03,2967.89990234375
2012-08-06,2989.909912109375
2012-08-07,3015.860107421875
2012-08-08,3011.25
2012-08-09,3018.639892578125
2012-08-10,3020.860107421875
2012-08-13,3022.52001953125
2012-08-14,3016.97998046875
2012-08-15,3030.929931640625
2012-08-16,3062.389892578125
2012-08-17,3076.590087890625
2012-08-20,3076.2099609375
2012-08-21,3067.260009765625
2012-08-22,3073.669921875
2012-08-23,3053.39990234375
2012-08-24,3069.7900390625
2012-08-27,3073.18994140625
2012-08-28,3077.139892578125
2012-08-29,3081.18994140625
2012-08-30,3048.7099609375
2012-08-31,3066.9599609375
2012-09-04,3075.06005859375
2012-09-05,3069.27001953125
2012-09-06,3135.81005859375
2012-09-07,3136.419921875
2012-09-10,3104.02001953125
2012-09-11,3104.530029296875
2012-09-12,3114.31005859375
2012-09-13,3155.830078125
2012-09-14,3183.949951171875
2012-09-17,3178.669921875
2012-09-18,3177.800048828125
2012-09-19,3182.6201171875
2012-09-20,3175.9599609375
2012-09-21,3179.9599609375
2012-09-24,3160.780029296875
2012-09-25,3117.72998046875
2012-09-26,3093.699951171875
2012-09-27,3136.60009765625
2012-09-28,3116.22998046875
2012-10-01,3113.530029296875
2012-10-02,3120.0400390625
2012-10-03,3135.22998046875
2012-10-04,3149.4599609375
2012-10-05,3136.18994140625
2012-10-08,3112.35009765625
2012-10-09,3065.02001953125
2012-10-10,3051.780029296875
2012-10-11,3049.409912109375
2012-10-12,3044.110107421875
2012-10-15,3064.179931640625
2012-10-16,3101.169921875
2012-10-17,3104.1201171875
2012-10-18,3072.8701171875
2012-10-19,3005.6201171875
2012-10-22,3016.9599609375
2012-10-23,2990.4599609375
2012-10-24,2981.699951171875
2012-10-25,2986.1201171875
2012-10-26,2987.949951171875
2012-10-31,2977.22998046875
2012-11-01,3020.06005859375
2012-11-02,2982.1298828125
2012-11-05,2999.659912109375
2012-11-06,3011.929931640625
2012-11-07,2937.2900390625
2012-11-08,2895.580078125
2012-11-09,2904.8701171875
2012-11-12,2904.25
2012-11-13,2883.889892578125
2012-11-14,2846.81005859375
2012-11-15,2836.93994140625
2012-11-16,2853.1298828125
2012-11-19,2916.070068359375
2012-11-20,2916.679931640625
2012-11-21,2926.550048828125
2012-11-23,2966.85009765625
2012-11-26,2976.780029296875
2012-11-27,2967.7900390625
2012-11-28,2991.780029296875
2012-11-29,3012.030029296875
2012-11-30,3010.239990234375
2012-12-03,3002.199951171875
2012-12-04,2996.68994140625
2012-12-05,2973.699951171875
2012-12-06,2989.27001953125
2012-12-07,2978.0400390625
2012-12-10,2986.9599609375
2012-12-11,3022.300048828125
2012-12-12,3013.81005859375
2012-12-13,2992.159912109375
2012-12-14,2971.330078125
2012-12-17,3010.60009765625
2012-12-18,3054.530029296875
2012-12-19,3044.360107421875
2012-12-20,3050.389892578125
2012-12-21,3021.010009765625
2012-12-24,3012.60009765625
2012-12-26,2990.159912109375
2012-12-27,2985.909912109375
2012-12-28,2960.31005859375
2012-12-31,3019.510009765625
2013-01-02,3112.260009765625
2013-01-03,3100.570068359375
2013-01-04,3101.659912109375
2013-01-07,3098.81005859375
2013-01-08,3091.81005859375
2013-01-09,3105.81005859375
2013-01-10,3121.760009765625
2013-01-11,3125.6298828125
2013-01-14,3117.5
2013-01-15,3110.780029296875
2013-01-16,3117.5400390625
2013-01-17,3136.0
2013-01-18,3134.7099609375
2013-01-22,3143.179931640625
2013-01-23,3153.669921875
2013-01-24,3130.3798828125
2013-01-25,3149.7099609375
2013-01-28,3154.300048828125
2013-01-29,3153.659912109375
2013-01-30,3142.31005859375
2013-01-31,3142.1298828125
2013-02-01,3179.10009765625
2013-02-04,3131.169921875
2013-02-05,3171.580078125
2013-02-06,3168.47998046875
2013-02-07,3165.1298828125
2013-02-08,3193.8701171875
2013-02-11,3192.0
2013-02-12,3186.489990234375
2013-02-13,3196.8798828125
2013-02-14,3198.659912109375
2013-02-15,3192.030029296875
2013-02-19,3213.590087890625
2013-02-20,3164.409912109375
2013-02-21,3131.489990234375
2013-02-22,3161.820068359375
2013-02-25,3116.25
2013-02-26,3129.64990234375
2013-02-27,3162.260009765625
2013-02-28,3160.18994140625
2013-03-01,3169.739990234375
2013-03-04,3182.030029296875
2013-03-05,3224.1298828125
2013-03-06,3222.3701171875
2013-03-07,3232.090087890625
2013-03-08,3244.3701171875
2013-03-11,3252.8701171875
2013-03-12,3242.320068359375
2013-03-13,3245.1201171875
2013-03-14,3258.929931640625
2013-03-15,3249.070068359375
2013-03-18,3237.590087890625
2013-03-19,3229.10009765625
2013-03-20,3254.18994140625
2013-03-21,3222.60009765625
2013-03-22,3245.0
2013-03-25,3235.300048828125
2013-03-26,3252.47998046875
2013-03-27,3256.52001953125
2013-03-28,3267.52001953125
2013-04-01,3239.169921875
2013-04-02,3254.860107421875
2013-04-03,3218.60009765625
2013-04-04,3224.97998046875
2013-04-05,3203.860107421875
2013-04-08,3222.25
2013-04-09,3237.860107421875
2013-04-10,3297.25
2013-04-11,3300.159912109375
2013-04-12,3294.949951171875
2013-04-15,3216.489990234375
2013-04-16,3264.6298828125
2013-04-17,3204.669921875
2013-04-18,3166.360107421875
2013-04-19,3206.06005859375
2013-04-22,3233.550048828125
2013-04-23,3269.330078125
2013-04-24,3269.64990234375
2013-04-25,3289.989990234375
2013-04-26,3279.260009765625
2013-04-29,3307.02001953125
2013-04-30,3328.7900390625
2013-05-01,3299.1298828125
2013-05-02,3340.6201171875
2013-05-03,3378.6298828125
2013-05-06,3392.969970703125
2013-05-07,3396.6298828125
2013-05-08,3413.27001953125
2013-05-09,3409.169921875
2013-05-10,3436.580078125
2013-05-13,3438.7900390625
2013-05-14,3462.610107421875
2013-05-15,3471.6201171875
2013-05-16,3465.239990234375
2013-05-17,3498.969970703125
2013-05-20,3496.429931640625
2013-05-21,3502.1201171875
2013-05-22,3463.300048828125
2013-05-23,3459.419921875
2013-05-24,3459.139892578125
2013-05-28,3488.889892578125
2013-05-29,3467.52001953125
2013-05-30,3491.300048828125
2013-05-31,3455.909912109375
2013-06-03,3465.3701171875
2013-06-04,3445.260009765625
2013-06-05,3401.47998046875
2013-06-06,3424.050048828125
2013-06-07,3469.219970703125
2013-06-10,3473.77001953125
2013-06-11,3436.949951171875
2013-06-12,3400.429931640625
2013-06-13,3445.360107421875
2013-06-14,3423.56005859375
2013-06-17,3452.1298828125
2013-06-18,3482.179931640625
2013-06-19,3443.199951171875
2013-06-20,3364.639892578125
2013-06-21,3357.25
2013-06-24,3320.760009765625
2013-06-25,3347.889892578125
2013-06-26,3376.219970703125
2013-06-27,3401.860107421875
2013-06-28,3403.25
2013-07-01,3434.489990234375
2013-07-02,3433.39990234375
2013-07-03,3443.669921875
2013-07-05,3479.3798828125
2013-07-08,3484.830078125
2013-07-09,3504.260009765625
2013-07-10,3520.760009765625
2013-07-11,3578.300048828125
2013-07-12,3600.080078125
2013-07-15,3607.489990234375
2013-07-16,3598.5
2013-07-17,3610.0
2013-07-18,3611.280029296875
2013-07-19,3587.610107421875
2013-07-22,3600.389892578125
2013-07-23,3579.27001953125
2013-07-24,3579.60009765625
2013-07-25,3605.18994140625
2013-07-26,3613.159912109375
2013-07-29,3599.139892578125
2013-07-30,3616.469970703125
2013-07-31,3626.3701171875
2013-08-01,3675.739990234375
2013-08-02,3689.590087890625
2013-08-05,3692.949951171875
2013-08-06,3665.77001953125
2013-08-07,3654.010009765625
2013-08-08,3669.1201171875
2013-08-09,3660.110107421875
2013-08-12,3669.949951171875
2013-08-13,3684.43994140625
2013-08-14,3669.27001953125
2013-08-15,3606.1201171875
2013-08-16,3602.780029296875
2013-08-19,3589.090087890625
2013-08-20,3613.590087890625
2013-08-21,3599.7900390625
2013-08-22,3638.7099609375
2013-08-23,3657.7900390625
2013-08-26,3657.570068359375
2013-08-27,3578.52001953125
2013-08-28,3593.35009765625
2013-08-29,3620.300048828125
2013-08-30,3589.8701171875
2013-09-03,3612.610107421875
2013-09-04,3649.0400390625
2013-09-05,3658.780029296875
2013-09-06,3660.010009765625
2013-09-09,3706.179931640625
2013-09-10,3729.02001953125
2013-09-11,3725.010009765625
2013-09-12,3715.969970703125
2013-09-13,3722.179931640625
2013-09-16,3717.85009765625
2013-09-17,3745.699951171875
2013-09-18,3783.639892578125
2013-09-19,3789.3798828125
2013-09-20,3774.72998046875
2013-09-23,3765.2900390625
2013-09-24,3768.25
2013-09-25,3761.10009765625
2013-09-26,3787.429931640625
2013-09-27,3781.590087890625
2013-09-30,3771.47998046875
2013-10-01,3817.97998046875
2013-10-02,3815.02001953125
2013-10-03,3774.340087890625
2013-10-04,3807.75
2013-10-07,3770.3798828125
2013-10-08,3694.830078125
2013-10-09,3677.780029296875
2013-10-10,3760.75
2013-10-11,3791.8701171875
2013-10-14,3815.280029296875
2013-10-15,3794.010009765625
2013-10-16,3839.429931640625
2013-10-17,3863.14990234375
2013-10-18,3914.280029296875
2013-10-21,3920.050048828125
2013-10-22,3929.570068359375
2013-10-23,3907.070068359375
2013-10-24,3928.9599609375
2013-10-25,3943.360107421875
2013-10-28,3940.1298828125
2013-10-29,3952.340087890625
2013-10-30,3930.6201171875
2013-10-31,3919.7099609375
2013-11-01,3922.0400390625
2013-11-04,3936.590087890625
2013-11-05,3939.860107421875
2013-11-06,3931.949951171875
2013-11-07,3857.330078125
2013-11-08,3919.22998046875
2013-11-11,3919.7900390625
2013-11-12,3919.919921875
2013-11-13,3965.580078125
2013-11-14,3972.739990234375
2013-11-15,3985.969970703125
2013-11-18,3949.070068359375
2013-11-19,3931.550048828125
2013-11-20,3921.27001953125
2013-11-21,3969.159912109375
2013-11-22,3991.64990234375
2013-11-25,3994.570068359375
2013-11-26,4017.75
2013-11-27,4044.75
2013-11-29,4059.889892578125
2013-12-02,4045.260009765625
2013-12-03,4037.199951171875
2013-12-04,4038.0
2013-12-05,4033.169921875
2013-12-06,4062.52001953125
2013-12-09,4068.75
2013-12-10,4060.489990234375
2013-12-11,4003.81005859375
2013-12-12,3998.39990234375
2013-12-13,4000.97998046875
2013-12-16,4029.52001953125
2013-12-17,4023.679931640625
2013-12-18,4070.06005859375
2013-12-19,4058.139892578125
2013-12-20,4104.740234375
2013-12-23,4148.89990234375
2013-12-24,4155.419921875
2013-12-26,4167.18017578125
2013-12-27,4156.58984375
2013-12-30,4154.2001953125
2013-12-31,4176.58984375
2014-01-02,4143.06982421875
2014-01-03,4131.91015625
2014-01-06,4113.68017578125
2014-01-07,4153.18017578125
2014-01-08,4165.60986328125
2014-01-09,4156.18994140625
2014-01-10,4174.669921875
2014-01-13,4113.2998046875
2014-01-14,4183.02001953125
2014-01-15,4214.8798828125
2014-01-16,4218.68994140625
2014-01-17,4197.580078125
2014-01-21,4225.759765625
2014-01-22,4243.0
2014-01-23,4218.8798828125
2014-01-24,4128.169921875
2014-01-27,4083.610107421875
2014-01-28,4097.9599609375
2014-01-29,4051.429931640625
2014-01-30,4123.1298828125
2014-01-31,4103.8798828125
2014-02-03,3996.9599609375
2014-02-04,4031.52001953125
2014-02-05,4011.550048828125
2014-02-06,4057.1201171875
2014-02-07,4125.85986328125
2014-02-10,4148.169921875
2014-02-11,4191.0498046875
2014-02-12,4201.2900390625
2014-02-13,4240.669921875
2014-02-14,4244.02001953125
2014-02-18,4272.77978515625
2014-02-19,4237.9501953125
2014-02-20,4267.5498046875
2014-02-21,4263.41015625
2014-02-24,4292.97021484375
2014-02-25,4287.58984375
2014-02-26,4292.06005859375
2014-02-27,4318.93017578125
2014-02-28,4308.1201171875
2014-03-03,4277.2998046875
2014-03-04,4351.97021484375
2014-03-05,4357.97021484375
2014-03-06,4352.1298828125
2014-03-07,4336.22021484375
2014-03-10,4334.4501953125
2014-03-11,4307.18994140625
2014-03-12,4323.330078125
2014-03-13,4260.419921875
2014-03-14,4245.39990234375
2014-03-17,4279.9501953125
2014-03-18,4333.31005859375
2014-03-19,4307.60009765625
2014-03-20,4319.2900390625
2014-03-21,4276.7900390625
2014-03-24,4226.39013671875
2014-03-25,4234.27001953125
2014-03-26,4173.580078125
2014-03-27,4151.22998046875
2014-03-28,4155.759765625
2014-03-31,4198.990234375
2014-04-01,4268.0400390625
2014-04-02,4276.4599609375
2014-04-03,4237.740234375
2014-04-04,4127.72998046875
2014-04-07,4079.75
2014-04-08,4112.990234375
2014-04-09,4183.89990234375
2014-04-10,4054.110107421875
2014-04-11,3999.72998046875
2014-04-14,4022.68994140625
2014-04-15,4034.159912109375
2014-04-16,4086.22998046875
2014-04-17,4095.52001953125
2014-04-21,4121.5498046875
2014-04-22,4161.4599609375
2014-04-23,4126.97021484375
2014-04-24,4148.33984375
2014-04-25,4075.56005859375
2014-04-28,4074.39990234375
2014-04-29,4103.5400390625
2014-04-30,4114.56005859375
2014-05-01,4127.4501953125
2014-05-02,4123.89990234375
2014-05-05,4138.06005859375
2014-05-06,4080.760009765625
2014-05-07,4067.669921875
2014-05-08,4051.5
2014-05-09,4071.8701171875
2014-05-12,4143.85986328125
2014-05-13,4130.169921875
2014-05-14,4100.6298828125
2014-05-15,4069.2900390625
2014-05-16,4090.590087890625
2014-05-19,4125.81005859375
2014-05-20,4096.89013671875
2014-05-21,4131.5400390625
2014-05-22,4154.33984375
2014-05-23,4185.81005859375
2014-05-27,4237.06982421875
2014-05-28,4225.080078125
2014-05-29,4247.9501953125
2014-05-30,4242.6201171875
2014-06-02,4237.2001953125
2014-06-03,4234.080078125
2014-06-04,4251.64013671875
2014-06-05,4296.22998046875
2014-06-06,4321.39990234375
2014-06-09,4336.240234375
2014-06-10,4338.0
2014-06-11,4331.93017578125
2014-06-12,4297.6298828125
2014-06-13,4310.64990234375
2014-06-16,4321.10009765625
2014-06-17,4337.22998046875
2014-06-18,4362.83984375
2014-06-19,4359.330078125
2014-06-20,4368.0400390625
2014-06-23,4368.68017578125
2014-06-24,4350.35009765625
2014-06-25,4379.759765625
2014-06-26,4379.0498046875
2014-06-27,4397.93017578125
2014-06-30,4408.18017578125
2014-07-01,4458.64990234375
2014-07-02,4457.72998046875
2014-07-03,4485.93017578125
2014-07-07,4451.52978515625
2014-07-08,4391.4599609375
2014-07-09,4419.02978515625
2014-07-10,4396.2001953125
2014-07-11,4415.490234375
2014-07-14,4440.419921875
2014-07-15,4416.39013671875
2014-07-16,4425.97021484375
2014-07-17,4363.4501953125
2014-07-18,4432.14990234375
2014-07-21,4424.7001953125
2014-07-22,4456.02001953125
2014-07-23,4473.7001953125
2014-07-24,4472.10986328125
2014-07-25,4449.56005859375
2014-07-28,4444.91015625
2014-07-29,4442.7001953125
2014-07-30,4462.89990234375
2014-07-31,4369.77001953125
2014-08-01,4352.64013671875
2014-08-04,4383.89013671875
2014-08-05,4352.83984375
2014-08-06,4355.0498046875
2014-08-07,4334.97021484375
2014-08-08,4370.89990234375
2014-08-11,4401.330078125
2014-08-12,4389.25
2014-08-13,4434.1298828125
2014-08-14,4453.0
2014-08-15,4464.93017578125
2014-08-18,4508.31005859375
2014-08-19,4527.509765625
2014-08-20,4526.47998046875
2014-08-21,4532.10009765625
2014-08-22,4538.5498046875
2014-08-25,4557.35009765625
2014-08-26,4570.64013671875
2014-08-27,4569.6201171875
2014-08-28,4557.7001953125
2014-08-29,4580.27001953125
2014-09-02,4598.18994140625
2014-09-03,4572.56005859375
2014-09-04,4562.2900390625
2014-09-05,4582.89990234375
2014-09-08,4592.2900390625
2014-09-09,4552.2900390625
2014-09-10,4586.52001953125
2014-09-11,4591.81005859375
2014-09-12,4567.60009765625
2014-09-15,4518.89990234375
2014-09-16,4552.759765625
2014-09-17,4562.18994140625
2014-09-18,4593.43017578125
2014-09-19,4579.7900390625
2014-09-22,4527.68994140625
2014-09-23,4508.68994140625
2014-09-24,4555.22021484375
2014-09-25,4466.75
2014-09-26,4512.18994140625
2014-09-29,4505.85009765625
2014-09-30,4493.39013671875
2014-10-01,4422.08984375
2014-10-02,4430.2001953125
2014-10-03,4475.6201171875
2014-10-06,4454.7998046875
2014-10-07,4385.2001953125
2014-10-08,4468.58984375
2014-10-09,4378.33984375
2014-10-10,4276.240234375
2014-10-13,4213.66015625
2014-10-14,4227.169921875
2014-10-15,4215.31982421875
2014-10-16,4217.39013671875
2014-10-17,4258.43994140625
2014-10-20,4316.06982421875
2014-10-21,4419.47998046875
2014-10-22,4382.85009765625
2014-10-23,4452.7900390625
2014-10-24,4483.72021484375
2014-10-27,4485.93017578125
2014-10-28,4564.2900390625
2014-10-29,4549.22998046875
2014-10-30,4566.14013671875
2014-10-31,4630.740234375
2014-11-03,4638.91015625
2014-11-04,4623.64013671875
2014-11-05,4620.72021484375
2014-11-06,4638.47021484375
2014-11-07,4632.52978515625
2014-11-10,4651.6201171875
2014-11-11,4660.56005859375
2014-11-12,4675.14013671875
2014-11-13,4680.14013671875
2014-11-14,4688.5400390625
2014-11-17,4671.0
2014-11-18,4702.43994140625
2014-11-19,4675.7099609375
2014-11-20,4701.8701171875
2014-11-21,4712.97021484375
2014-11-24,4754.89013671875
2014-11-25,4758.25
2014-11-26,4787.31982421875
2014-11-28,4791.6298828125
2014-12-01,4727.35009765625
2014-12-02,4755.81005859375
2014-12-03,4774.47021484375
2014-12-04,4769.43994140625
2014-12-05,4780.759765625
2014-12-08,4740.68994140625
2014-12-09,4766.47021484375
2014-12-10,4684.02001953125
2014-12-11,4708.16015625
2014-12-12,4653.60009765625
2014-12-15,4605.16015625
2014-12-16,4547.830078125
2014-12-17,4644.31005859375
2014-12-18,4748.39990234375
2014-12-19,4765.3798828125
2014-12-22,4781.419921875
2014-12-23,4765.419921875
2014-12-24,4773.47021484375
2014-12-26,4806.85986328125
2014-12-29,4806.91015625
2014-12-30,4777.43994140625
2014-12-31,4736.0498046875
2015-01-02,4726.81005859375
2015-01-05,4652.56982421875
2015-01-06,4592.740234375
2015-01-07,4650.47021484375
2015-01-08,4736.18994140625
2015-01-09,4704.06982421875
2015-01-12,4664.7099609375
2015-01-13,4661.5
2015-01-14,4639.31982421875
2015-01-15,4570.81982421875
2015-01-16,4634.3798828125
2015-01-20,4654.85009765625
2015-01-21,4667.419921875
2015-01-22,4750.39990234375
2015-01-23,4757.8798828125
2015-01-26,4771.759765625
2015-01-27,4681.5
2015-01-28,4637.990234375
2015-01-29,4683.41015625
2015-01-30,4635.240234375
2015-02-02,4676.68994140625
2015-02-03,4727.740234375
2015-02-04,4716.7001953125
2015-02-05,4765.10009765625
2015-02-06,4744.39990234375
2015-02-09,4726.009765625
2015-02-10,4787.64013671875
2015-02-11,4801.18017578125
2015-02-12,4857.60986328125
2015-02-13,4893.83984375
2015-02-17,4899.27001953125
2015-02-18,4906.35986328125
2015-02-19,4924.7001953125
2015-02-20,4955.97021484375
2015-02-23,4960.97021484375
2015-02-24,4968.1201171875
2015-02-25,4967.14013671875
2015-02-26,4987.89013671875
2015-02-27,4963.52978515625
2015-03-02,5008.10009765625
2015-03-03,4979.89990234375
2015-03-04,4967.14013671875
2015-03-05,4982.81005859375
2015-03-06,4927.3701171875
2015-03-09,4942.43994140625
2015-03-10,4859.7900390625
2015-03-11,4849.93994140625
2015-03-12,4893.2900390625
2015-03-13,4871.759765625
2015-03-16,4929.509765625
2015-03-17,4937.43017578125
2015-03-18,4982.830078125
2015-03-19,4992.3798828125
2015-03-20,5026.419921875
2015-03-23,5010.97021484375
2015-03-24,4994.72998046875
2015-03-25,4876.52001953125
2015-03-26,4863.35986328125
2015-03-27,4891.22021484375
2015-03-30,4947.43994140625
2015-03-31,4900.8798828125
2015-04-01,4880.22998046875
2015-04-02,4886.93994140625
2015-04-06,4917.31982421875
2015-04-07,4910.22998046875
2015-04-08,4950.81982421875
2015-04-09,4974.56005859375
2015-04-10,4995.97998046875
2015-04-13,4988.25
2015-04-14,4977.2900390625
2015-04-15,5011.02001953125
2015-04-16,5007.7900390625
2015-04-17,4931.81005859375
2015-04-20,4994.60009765625
2015-04-21,5014.10009765625
2015-04-22,5035.169921875
2015-04-23,5056.06005859375
2015-04-24,5092.080078125
2015-04-27,5060.25
2015-04-28,5055.419921875
2015-04-29,5023.64013671875
2015-04-30,4941.419921875
2015-05-01,5005.39013671875
2015-05-04,5016.93017578125
2015-05-05,4939.330078125
2015-05-06,4919.64013671875
2015-05-07,4945.5400390625
2015-05-08,5003.5498046875
2015-05-11,4993.56982421875
2015-05-12,4976.18994140625
2015-05-13,4981.68994140625
2015-05-14,5050.7998046875
2015-05-15,5048.2900390625
2015-05-18,5078.43994140625
2015-05-19,5070.02978515625
2015-05-20,5071.740234375
2015-05-21,5090.7900390625
2015-05-22,5089.35986328125
2015-05-26,5032.75
2015-05-27,5106.58984375
2015-05-28,5097.97998046875
2015-05-29,5070.02978515625
2015-06-01,5082.93017578125
2015-06-02,5076.52001953125
2015-06-03,5099.22998046875
2015-06-04,5059.1201171875
2015-06-05,5068.4599609375
2015-06-08,5021.6298828125
2015-06-09,5013.8701171875
2015-06-10,5076.68994140625
2015-06-11,5082.509765625
2015-06-12,5051.10009765625
2015-06-15,5029.97021484375
2015-06-16,5055.5498046875
2015-06-17,5064.8798828125
2015-06-18,5132.9501953125
2015-06-19,5117.0
2015-06-22,5153.97021484375
2015-06-23,5160.08984375
2015-06-24,5122.41015625
2015-06-25,5112.18994140625
2015-06-26,5080.509765625
2015-06-29,4958.47021484375
2015-06-30,4986.8701171875
2015-07-01,5013.1201171875
2015-07-02,5009.2099609375
2015-07-06,4991.93994140625
2015-07-07,4997.4599609375
2015-07-08,4909.759765625
2015-07-09,4922.39990234375
2015-07-10,4997.7001953125
2015-07-13,5071.509765625
2015-07-14,5104.89013671875
2015-07-15,5098.93994140625
2015-07-16,5163.18017578125
2015-07-17,5210.14013671875
2015-07-20,5218.85986328125
2015-07-21,5208.1201171875
2015-07-22,5171.77001953125
2015-07-23,5146.41015625
2015-07-24,5088.6298828125
2015-07-27,5039.77978515625
2015-07-28,5089.2099609375
2015-07-29,5111.72998046875
2015-07-30,5128.77978515625
2015-07-31,5128.27978515625
2015-08-03,5115.3798828125
2015-08-04,5105.5498046875
2015-08-05,5139.93994140625
2015-08-06,5056.43994140625
2015-08-07,5043.5400390625
2015-08-10,5101.7998046875
2015-08-11,5036.7900390625
2015-08-12,5044.39013671875
2015-08-13,5033.56005859375
2015-08-14,5048.240234375
2015-08-17,5091.7001953125
2015-08-18,5059.35009765625
2015-08-19,5019.0498046875
2015-08-20,4877.490234375
2015-08-21,4706.0400390625
2015-08-24,4526.25
2015-08-25,4506.490234375
2015-08-26,4697.5400390625
2015-08-27,4812.7099609375
2015-08-28,4828.31982421875
2015-08-31,4776.509765625
2015-09-01,4636.10009765625
2015-09-02,4749.97998046875
2015-09-03,4733.5
2015-09-04,4683.919921875
2015-09-08,4811.93017578125
2015-09-09,4756.52978515625
2015-09-10,4796.25
2015-09-11,4822.33984375
2015-09-14,4805.759765625
2015-09-15,4860.52001953125
2015-09-16,4889.240234375
2015-09-17,4893.9501953125
2015-09-18,4827.22998046875
2015-09-21,4828.9501953125
2015-09-22,4756.72021484375
2015-09-23,4752.740234375
2015-09-24,4734.47998046875
2015-09-25,4686.5
2015-09-28,4543.97021484375
2015-09-29,4517.31982421875
2015-09-30,4620.16015625
2015-10-01,4627.080078125
2015-10-02,4707.77978515625
2015-10-05,4781.259765625
2015-10-06,4748.35986328125
2015-10-07,4791.14990234375
2015-10-08,4810.7900390625
2015-10-09,4830.47021484375
2015-10-12,4838.64013671875
2015-10-13,4796.60986328125
2015-10-14,4782.85009765625
2015-10-15,4870.10009765625
2015-10-16,4886.68994140625
2015-10-19,4905.47021484375
2015-10-20,4880.97021484375
2015-10-21,4840.1201171875
2015-10-22,4920.0498046875
2015-10-23,5031.85986328125
2015-10-26,5034.7001953125
2015-10-27,5030.14990234375
2015-10-28,5095.68994140625
2015-10-29,5074.27001953125
2015-10-30,5053.75
2015-11-02,5127.14990234375
2015-11-03,5145.1298828125
2015-11-04,5142.47998046875
2015-11-05,5127.740234375
2015-11-06,5147.1201171875
2015-11-09,5095.2998046875
2015-11-10,5083.240234375
2015-11-11,5067.02001953125
2015-11-12,5005.080078125
2015-11-13,4927.8798828125
2015-11-16,4984.6201171875
2015-11-17,4986.02001953125
2015-11-18,5075.2001953125
2015-11-19,5073.64013671875
2015-11-20,5104.919921875
2015-11-23,5102.47998046875
2015-11-24,5102.81005859375
2015-11-25,5116.14013671875
2015-11-27,5127.52001953125
2015-11-30,5108.669921875
2015-12-01,5156.31005859375
2015-12-02,5123.22021484375
2015-12-03,5037.52978515625
2015-12-04,5142.27001953125
2015-12-07,5101.81005859375
2015-12-08,5098.240234375
2015-12-09,5022.8701171875
2015-12-10,5045.169921875
2015-12-11,4933.47021484375
2015-12-14,4952.22998046875
2015-12-15,4995.35986328125
2015-12-16,5071.1298828125
2015-12-17,5002.5498046875
2015-12-18,4923.080078125
2015-12-21,4968.919921875
2015-12-22,5001.10986328125
2015-12-23,5045.93017578125
2015-12-24,5048.490234375
2015-12-28,5040.990234375
2015-12-29,5107.93994140625
2015-12-30,5065.85009765625
2015-12-31,5007.41015625
2016-01-04,4903.08984375
2016-01-05,4891.43017578125
2016-01-06,4835.759765625
2016-01-07,4689.43017578125
2016-01-08,4643.6298828125
2016-01-11,4637.990234375
2016-01-12,4685.919921875
2016-01-13,4526.06005859375
2016-01-14,4615.0
2016-01-15,4488.419921875
2016-01-19,4476.9501953125
2016-01-20,4471.68994140625
2016-01-21,4472.06005859375
2016-01-22,4591.18017578125
2016-01-25,4518.490234375
2016-01-26,4567.669921875
2016-01-27,4468.169921875
2016-01-28,4506.68017578125
2016-01-29,4613.9501953125
2016-02-01,4620.3701171875
2016-02-02,4516.9501953125
2016-02-03,4504.240234375
2016-02-04,4509.56005859375
2016-02-05,4363.14013671875
2016-02-08,4283.75
2016-02-09,4268.759765625
2016-02-10,4283.58984375
2016-02-11,4266.83984375
2016-02-12,4337.509765625
2016-02-16,4435.9599609375
2016-02-17,4534.06005859375
2016-02-18,4487.5400390625
2016-02-19,4504.43017578125
2016-02-22,4570.60986328125
2016-02-23,4503.580078125
2016-02-24,4542.60986328125
2016-02-25,4582.2001953125
2016-02-26,4590.47021484375
2016-02-29,4557.9501953125
2016-03-01,4689.60009765625
2016-03-02,4703.419921875
2016-03-03,4707.419921875
2016-03-04,4717.02001953125
2016-03-07,4708.25
2016-03-08,4648.81982421875
2016-03-09,4674.3798828125
2016-03-10,4662.16015625
2016-03-11,4748.47021484375
2016-03-14,4750.27978515625
2016-03-15,4728.669921875
2016-03-16,4763.97021484375
2016-03-17,4774.990234375
2016-03-18,4795.64990234375
2016-03-21,4808.8701171875
2016-03-22,4821.66015625
2016-03-23,4768.85986328125
2016-03-24,4773.5
2016-03-28,4766.7900390625
2016-03-29,4846.6201171875
2016-03-30,4869.2900390625
2016-03-31,4869.85009765625
2016-04-01,4914.5400390625
2016-04-04,4891.7998046875
2016-04-05,4843.93017578125
2016-04-06,4920.72021484375
2016-04-07,4848.3701171875
2016-04-08,4850.68994140625
2016-04-11,4833.39990234375
2016-04-12,4872.08984375
2016-04-13,4947.419921875
2016-04-14,4945.89013671875
2016-04-15,4938.22021484375
2016-04-18,4960.02001953125
2016-04-19,4940.330078125
2016-04-20,4948.1298828125
2016-04-21,4945.89013671875
2016-04-22,4906.22998046875
2016-04-25,4895.7900390625
2016-04-26,4888.27978515625
2016-04-27,4863.14013671875
2016-04-28,4805.2900390625
2016-04-29,4775.35986328125
2016-05-02,4817.58984375
2016-05-03,4763.22021484375
2016-05-04,4725.64013671875
2016-05-05,4717.08984375
2016-05-06,4736.16015625
2016-05-09,4750.2099609375
2016-05-10,4809.8798828125
2016-05-11,4760.68994140625
2016-05-12,4737.330078125
2016-05-13,4717.68017578125
2016-05-16,4775.4599609375
2016-05-17,4715.72998046875
2016-05-18,4739.1201171875
2016-05-19,4712.52978515625
2016-05-20,4769.56005859375
2016-05-23,4765.77978515625
2016-05-24,4861.06005859375
2016-05-25,4894.89013671875
2016-05-26,4901.77001953125
2016-05-27,4933.5
2016-05-31,4948.0498046875
2016-06-01,4952.25
2016-06-02,4971.35986328125
2016-06-03,4942.52001953125
2016-06-06,4968.7099609375
2016-06-07,4961.75
2016-06-08,4974.64013671875
2016-06-09,4958.6201171875
2016-06-10,4894.5498046875
2016-06-13,4848.43994140625
2016-06-14,4843.5498046875
2016-06-15,4834.93017578125
2016-06-16,4844.919921875
2016-06-17,4800.33984375
2016-06-20,4837.2099609375
2016-06-21,4843.759765625
2016-06-22,4833.31982421875
2016-06-23,4910.0400390625
2016-06-24,4707.97998046875
2016-06-27,4594.43994140625
2016-06-28,4691.8701171875
2016-06-29,4779.25
2016-06-30,4842.669921875
2016-07-01,4862.56982421875
2016-07-05,4822.89990234375
2016-07-06,4859.16015625
2016-07-07,4876.81005859375
2016-07-08,4956.759765625
2016-07-11,4988.64013671875
2016-07-12,5022.81982421875
2016-07-13,5005.72998046875
2016-07-14,5034.06005859375
2016-07-15,5029.58984375
2016-07-18,5055.77978515625
2016-07-19,5036.3701171875
2016-07-20,5089.93017578125
2016-07-21,5073.89990234375
2016-07-22,5100.16015625
2016-07-25,5097.6298828125
2016-07-26,5110.0498046875
2016-07-27,5139.81005859375
2016-07-28,5154.97998046875
2016-07-29,5162.1298828125
2016-08-01,5184.2001953125
2016-08-02,5137.72998046875
2016-08-03,5159.740234375
2016-08-04,5166.25
2016-08-05,5221.1201171875
2016-08-08,5213.14013671875
2016-08-09,5225.47998046875
2016-08-10,5204.580078125
2016-08-11,5228.39990234375
2016-08-12,5232.89013671875
2016-08-15,5262.02001953125
2016-08-16,5227.10986328125
2016-08-17,5228.66015625
2016-08-18,5240.14990234375
2016-08-19,5238.3798828125
2016-08-22,5244.60009765625
2016-08-23,5260.080078125
2016-08-24,5217.68994140625
2016-08-25,5212.2001953125
2016-08-26,5218.919921875
2016-08-29,5232.330078125
2016-08-30,5222.990234375
2016-08-31,5213.22021484375
2016-09-01,5227.2099609375
2016-09-02,5249.89990234375
2016-09-06,5275.91015625
2016-09-07,5283.93017578125
2016-09-08,5259.47998046875
2016-09-09,5125.91015625
2016-09-12,5211.89013671875
2016-09-13,5155.25
2016-09-14,5173.77001953125
2016-09-15,5249.68994140625
2016-09-16,5244.56982421875
2016-09-19,5235.02978515625
2016-09-20,5241.35009765625
2016-09-21,5295.18017578125
2016-09-22,5339.52001953125
2016-09-23,5305.75
2016-09-26,5257.490234375
2016-09-27,5305.7099609375
2016-09-28,5318.5498046875
2016-09-29,5269.14990234375
2016-09-30,5312.0
2016-10-03,5300.8701171875
2016-10-04,5289.66015625
2016-10-05,5316.02001953125
2016-10-06,5306.85009765625
2016-10-07,5292.39990234375
2016-10-10,5328.669921875
2016-10-11,5246.7900390625
2016-10-12,5239.02001953125
2016-10-13,5213.330078125
2016-10-14,5214.16015625
2016-10-17,5199.81982421875
2016-10-18,5243.83984375
2016-10-19,5246.41015625
2016-10-20,5241.830078125
2016-10-21,5257.39990234375
2016-10-24,5309.830078125
2016-10-25,5283.39990234375
2016-10-26,5250.27001953125
2016-10-27,5215.97021484375
2016-10-28,5190.10009765625
2016-10-31,5189.14013671875
2016-11-01,5153.580078125
2016-11-02,5105.56982421875
2016-11-03,5058.41015625
2016-11-04,5046.3701171875
2016-11-07,5166.169921875
2016-11-08,5193.490234375
2016-11-09,5251.06982421875
2016-11-10,5208.7998046875
2016-11-11,5237.10986328125
2016-11-14,5218.39990234375
2016-11-15,5275.6201171875
2016-11-16,5294.580078125
2016-11-17,5333.97021484375
2016-11-18,5321.509765625
2016-11-21,5368.85986328125
2016-11-22,5386.35009765625
2016-11-23,5380.68017578125
2016-11-25,5398.919921875
2016-11-28,5368.81005859375
2016-11-29,5379.919921875
2016-11-30,5323.68017578125
2016-12-01,5251.10986328125
2016-12-02,5255.64990234375
2016-12-05,5308.89013671875
2016-12-06,5333.0
2016-12-07,5393.759765625
2016-12-08,5417.35986328125
2016-12-09,5444.5
2016-12-12,5412.5400390625
2016-12-13,5463.830078125
2016-12-14,5436.669921875
2016-12-15,5456.85009765625
2016-12-16,5437.16015625
2016-12-19,5457.43994140625
2016-12-20,5483.93994140625
2016-12-21,5471.43017578125
2016-12-22,5447.419921875
2016-12-23,5462.68994140625
2016-12-27,5487.43994140625
2016-12-28,5438.56005859375
2016-12-29,5432.08984375
2016-12-30,5383.1201171875
2017-01-03,5429.080078125
2017-01-04,5477.0
2017-01-05,5487.93994140625
2017-01-06,5521.06005859375
2017-01-09,5531.81982421875
2017-01-10,5551.81982421875
2017-01-11,5563.64990234375
2017-01-12,5547.490234375
2017-01-13,5574.1201171875
2017-01-17,5538.72998046875
2017-01-18,5555.64990234375
2017-01-19,5540.080078125
2017-01-20,5555.330078125
2017-01-23,5552.93994140625
2017-01-24,5600.9599609375
2017-01-25,5656.33984375
2017-01-26,5655.18017578125
2017-01-27,5660.77978515625
2017-01-30,5613.7099609375
2017-01-31,5614.7900390625
2017-02-01,5642.64990234375
2017-02-02,5636.2001953125
2017-02-03,5666.77001953125
2017-02-06,5663.5498046875
2017-02-07,5674.22021484375
2017-02-08,5682.4501953125
2017-02-09,5715.18017578125
2017-02-10,5734.1298828125
2017-02-13,5763.9599609375
2017-02-14,5782.56982421875
2017-02-15,5819.43994140625
2017-02-16,5814.89990234375
2017-02-17,5838.580078125
2017-02-21,5865.9501953125
2017-02-22,5860.6298828125
2017-02-23,5835.509765625
2017-02-24,5845.31005859375
2017-02-27,5861.89990234375
2017-02-28,5825.43994140625
2017-03-01,5904.02978515625
2017-03-02,5861.22021484375
2017-03-03,5870.75
2017-03-06,5849.18017578125
2017-03-07,5833.93017578125
2017-03-08,5837.5498046875
2017-03-09,5838.81005859375
2017-03-10,5861.72998046875
2017-03-13,5875.77978515625
2017-03-14,5856.81982421875
2017-03-15,5900.0498046875
2017-03-16,5900.759765625
2017-03-17,5901.0
2017-03-20,5901.52978515625
2017-03-21,5793.830078125
2017-03-22,5821.64013671875
2017-03-23,5817.68994140625
2017-03-24,5828.740234375
2017-03-27,5840.3701171875
2017-03-28,5875.14013671875
2017-03-29,5897.5498046875
2017-03-30,5914.33984375
2017-03-31,5911.740234375
2017-04-03,5894.68017578125
2017-04-04,5898.60986328125
2017-04-05,5864.47998046875
2017-04-06,5878.9501953125
2017-04-07,5877.81005859375
2017-04-10,5880.93017578125
2017-04-11,5866.77001953125
2017-04-12,5836.16015625
2017-04-13,5805.14990234375
2017-04-17,5856.7900390625
2017-04-18,5849.47021484375
2017-04-19,5863.02978515625
2017-04-20,5916.77978515625
2017-04-21,5910.52001953125
2017-04-24,5983.81982421875
2017-04-25,6025.490234375
2017-04-26,6025.22998046875
2017-04-27,6048.93994140625
2017-04-28,6047.60986328125
2017-05-01,6091.60009765625
2017-05-02,6095.3701171875
2017-05-03,6072.5498046875
2017-05-04,6075.33984375
2017-05-05,6100.759765625
2017-05-08,6102.66015625
2017-05-09,6120.58984375
2017-05-10,6129.14013671875
2017-05-11,6115.9599609375
2017-05-12,6121.22998046875
2017-05-15,6149.669921875
2017-05-16,6169.8701171875
2017-05-17,6011.240234375
2017-05-18,6055.1298828125
2017-05-19,6083.7001953125
2017-05-22,6133.6201171875
2017-05-23,6138.7099609375
2017-05-24,6163.02001953125
2017-05-25,6205.259765625
2017-05-26,6210.18994140625
2017-05-30,6203.18994140625
2017-05-31,6198.52001953125
2017-06-01,6246.830078125
2017-06-02,6305.7998046875
2017-06-05,6295.68017578125
2017-06-06,6275.06005859375
2017-06-07,6297.3798828125
2017-06-08,6321.759765625
2017-06-09,6207.919921875
2017-06-12,6175.4599609375
2017-06-13,6220.3701171875
2017-06-14,6194.89013671875
2017-06-15,6165.5
2017-06-16,6151.759765625
2017-06-19,6239.009765625
2017-06-20,6188.02978515625
2017-06-21,6233.9501953125
2017-06-22,6236.68994140625
2017-06-23,6265.25
2017-06-26,6247.14990234375
2017-06-27,6146.6201171875
2017-06-28,6234.41015625
2017-06-29,6144.35009765625
2017-06-30,6140.419921875
2017-07-03,6110.06005859375
2017-07-05,6150.85986328125
2017-07-06,6089.4599609375
2017-07-07,6153.080078125
2017-07-10,6176.39013671875
2017-07-11,6193.2998046875
2017-07-12,6261.169921875
2017-07-13,6274.43994140625
2017-07-14,6312.47021484375
2017-07-17,6314.43017578125
2017-07-18,6344.31005859375
2017-07-19,6385.0400390625
2017-07-20,6390.0
2017-07-21,6387.75
2017-07-24,6410.81005859375
2017-07-25,6412.169921875
2017-07-26,6422.75
2017-07-27,6382.18994140625
2017-07-28,6374.68017578125
2017-07-31,6348.1201171875
2017-08-01,6362.93994140625
2017-08-02,6362.64990234375
2017-08-03,6340.33984375
2017-08-04,6351.56005859375
2017-08-07,6383.77001953125
2017-08-08,6370.4599609375
2017-08-09,6352.330078125
2017-08-10,6216.8701171875
2017-08-11,6256.56005859375
2017-08-14,6340.22998046875
2017-08-15,6333.009765625
2017-08-16,6345.10986328125
2017-08-17,6221.91015625
2017-08-18,6216.52978515625
2017-08-21,6213.1298828125
2017-08-22,6297.47998046875
2017-08-23,6278.41015625
2017-08-24,6271.330078125
2017-08-25,6265.64013671875
2017-08-28,6283.02001953125
2017-08-29,6301.89013671875
2017-08-30,6368.31005859375
2017-08-31,6428.66015625
2017-09-01,6435.330078125
2017-09-05,6375.56982421875
2017-09-06,6393.31005859375
2017-09-07,6397.8701171875
2017-09-08,6360.18994140625
2017-09-11,6432.259765625
2017-09-12,6454.27978515625
2017-09-13,6460.18994140625
2017-09-14,6429.080078125
2017-09-15,6448.47021484375
2017-09-18,6454.64013671875
2017-09-19,6461.31982421875
2017-09-20,6456.0400390625
2017-09-21,6422.68994140625
2017-09-22,6426.919921875
2017-09-25,6370.58984375
2017-09-26,6380.16015625
2017-09-27,6453.259765625
2017-09-28,6453.4501953125
2017-09-29,6495.9599609375
2017-10-02,6516.72021484375
2017-10-03,6531.7099609375
2017-10-04,6534.6298828125
2017-10-05,6585.35986328125
2017-10-06,6590.18017578125
2017-10-09,6579.72998046875
2017-10-10,6587.25
2017-10-11,6603.5498046875
2017-10-12,6591.509765625
2017-10-13,6605.7998046875
2017-10-16,6624.0
2017-10-17,6623.66015625
2017-10-18,6624.22021484375
2017-10-19,6605.06982421875
2017-10-20,6629.0498046875
2017-10-23,6586.830078125
2017-10-24,6598.43017578125
2017-10-25,6563.89013671875
2017-10-26,6556.77001953125
2017-10-27,6701.259765625
2017-10-30,6698.9599609375
2017-10-31,6727.669921875
2017-11-01,6716.52978515625
2017-11-02,6714.93994140625
2017-11-03,6764.43994140625
2017-11-06,6786.43994140625
2017-11-07,6767.77978515625
2017-11-08,6789.1201171875
2017-11-09,6750.0498046875
2017-11-10,6750.93994140625
2017-11-13,6757.60009765625
2017-11-14,6737.8701171875
2017-11-15,6706.2099609375
2017-11-16,6793.2900390625
2017-11-17,6782.7900390625
2017-11-20,6790.7099609375
2017-11-21,6862.47998046875
2017-11-22,6867.35986328125
2017-11-24,6889.16015625
2017-11-27,6878.52001953125
2017-11-28,6912.35986328125
2017-11-29,6824.39013671875
2017-11-30,6873.97021484375
2017-12-01,6847.58984375
2017-12-04,6775.3701171875
2017-12-05,6762.2099609375
2017-12-06,6776.3798828125
2017-12-07,6812.83984375
2017-12-08,6840.080078125
2017-12-11,6875.080078125
2017-12-12,6862.31982421875
2017-12-13,6875.7998046875
2017-12-14,6856.52978515625
2017-12-15,6936.580078125
2017-12-18,6994.759765625
2017-12-19,6963.85009765625
2017-12-20,6960.9599609375
2017-12-21,6965.35986328125
2017-12-22,6959.9599609375
2017-12-26,6936.25
2017-12-27,6939.33984375
2017-12-28,6950.16015625
2017-12-29,6903.39013671875
2018-01-02,7006.89990234375
2018-01-03,7065.52978515625
2018-01-04,7077.91015625
2018-01-05,7136.56005859375
2018-01-08,7157.39013671875
2018-01-09,7163.580078125
2018-01-10,7153.56982421875
2018-01-11,7211.77978515625
2018-01-12,7261.06005859375
2018-01-16,7223.68994140625
2018-01-17,7298.27978515625
2018-01-18,7296.0498046875
2018-01-19,7336.3798828125
2018-01-22,7408.02978515625
2018-01-23,7460.2900390625
2018-01-24,7415.06005859375
2018-01-25,7411.16015625
2018-01-26,7505.77001953125
2018-01-29,7466.509765625
2018-01-30,7402.47998046875
2018-01-31,7411.47998046875
2018-02-01,7385.85986328125
2018-02-02,7240.9501953125
2018-02-05,6967.52978515625
2018-02-06,7115.8798828125
2018-02-07,7051.97998046875
2018-02-08,6777.16015625
2018-02-09,6874.490234375
2018-02-12,6981.9599609375
2018-02-13,7013.509765625
2018-02-14,7143.6201171875
2018-02-15,7256.43017578125
2018-02-16,7239.47021484375
2018-02-20,7234.31005859375
2018-02-21,7218.22998046875
2018-02-22,7210.08984375
2018-02-23,7337.39013671875
2018-02-26,7421.4599609375
2018-02-27,7330.35009765625
2018-02-28,7273.009765625
2018-03-01,7180.56005859375
2018-03-02,7257.8701171875
2018-03-05,7330.7099609375
2018-03-06,7372.009765625
2018-03-07,7396.64990234375
2018-03-08,7427.9501953125
2018-03-09,7560.81005859375
2018-03-12,7588.31982421875
2018-03-13,7511.009765625
2018-03-14,7496.81005859375
2018-03-15,7481.740234375
2018-03-16,7481.990234375
2018-03-19,7344.240234375
2018-03-20,7364.2998046875
2018-03-21,7345.2900390625
2018-03-22,7166.68017578125
2018-03-23,6992.669921875
2018-03-26,7220.5400390625
2018-03-27,7008.81005859375
2018-03-28,6949.22998046875
2018-03-29,7063.4501953125
2018-04-02,6870.1201171875
2018-04-03,6941.27978515625
2018-04-04,7042.10986328125
2018-04-05,7076.5498046875
2018-04-06,6915.10986328125
2018-04-09,6950.33984375
2018-04-10,7094.2998046875
2018-04-11,7069.02978515625
2018-04-12,7140.25
2018-04-13,7106.64990234375
2018-04-16,7156.27978515625
2018-04-17,7281.10009765625
2018-04-18,7295.240234375
2018-04-19,7238.06005859375
2018-04-20,7146.1298828125
2018-04-23,7128.60009765625
2018-04-24,7007.35009765625
2018-04-25,7003.740234375
2018-04-26,7118.68017578125
2018-04-27,7119.7998046875
2018-04-30,7066.27001953125
2018-05-01,7130.7001953125
2018-05-02,7100.89990234375
2018-05-03,7088.14990234375
2018-05-04,7209.6201171875
2018-05-07,7265.2099609375
2018-05-08,7266.89990234375
2018-05-09,7339.91015625
2018-05-10,7404.97021484375
2018-05-11,7402.8798828125
2018-05-14,7411.31982421875
2018-05-15,7351.6298828125
2018-05-16,7398.2998046875
2018-05-17,7382.47021484375
2018-05-18,7354.33984375
2018-05-21,7394.0400390625
2018-05-22,7378.4599609375
2018-05-23,7425.9599609375
2018-05-24,7424.43017578125
2018-05-25,7433.85009765625
2018-05-29,7396.58984375
2018-05-30,7462.4501953125
2018-05-31,7442.1201171875
2018-06-01,7554.330078125
2018-06-04,7606.4599609375
2018-06-05,7637.85986328125
2018-06-06,7689.240234375
2018-06-07,7635.06982421875
2018-06-08,7645.509765625
2018-06-11,7659.93017578125
2018-06-12,7703.7900390625
2018-06-13,7695.7001953125
2018-06-14,7761.0400390625
2018-06-15,7746.3798828125
2018-06-18,7747.02978515625
2018-06-19,7725.58984375
2018-06-20,7781.509765625
2018-06-21,7712.9501953125
2018-06-22,7692.81982421875
2018-06-25,7532.009765625
2018-06-26,7561.6298828125
2018-06-27,7445.080078125
2018-06-28,7503.68017578125
2018-06-29,7510.2998046875
2018-07-02,7567.68994140625
2018-07-03,7502.669921875
2018-07-05,7586.43017578125
2018-07-06,7688.39013671875
2018-07-09,7756.2001953125
2018-07-10,7759.2001953125
2018-07-11,7716.60986328125
2018-07-12,7823.919921875
2018-07-13,7825.97998046875
2018-07-16,7805.72021484375
2018-07-17,7855.1201171875
2018-07-18,7854.43994140625
2018-07-19,7825.2998046875
2018-07-20,7820.2001953125
2018-07-23,7841.8701171875
2018-07-24,7840.77001953125
2018-07-25,7932.240234375
2018-07-26,7852.18017578125
2018-07-27,7737.419921875
2018-07-30,7630.0
2018-07-31,7671.7900390625
2018-08-01,7707.2900390625
2018-08-02,7802.68994140625
2018-08-03,7812.009765625
2018-08-06,7859.68017578125
2018-08-07,7883.66015625
2018-08-08,7888.330078125
2018-08-09,7891.77978515625
2018-08-10,7839.10986328125
2018-08-13,7819.7099609375
2018-08-14,7870.89013671875
2018-08-15,7774.1201171875
2018-08-16,7806.52001953125
2018-08-17,7816.330078125
2018-08-20,7821.009765625
2018-08-21,7859.169921875
2018-08-22,7889.10009765625
2018-08-23,7878.4599609375
2018-08-24,7945.97998046875
2018-08-27,8017.89990234375
2018-08-28,8030.0400390625
2018-08-29,8109.68994140625
2018-08-30,8088.35986328125
2018-08-31,8109.5400390625
2018-09-04,8091.25
2018-09-05,7995.169921875
2018-09-06,7922.72998046875
2018-09-07,7902.5400390625
2018-09-10,7924.16015625
2018-09-11,7972.47021484375
2018-09-12,7954.22998046875
2018-09-13,8013.7099609375
2018-09-14,8010.0400390625
2018-09-17,7895.7900390625
2018-09-18,7956.10986328125
2018-09-19,7950.0400390625
2018-09-20,8028.22998046875
2018-09-21,7986.9599609375
2018-09-24,7993.25
2018-09-25,8007.47021484375
2018-09-26,7990.3701171875
2018-09-27,8041.97021484375
2018-09-28,8046.35009765625
2018-10-01,8037.2998046875
2018-10-02,7999.5498046875
2018-10-03,8025.08984375
2018-10-04,7879.509765625
2018-10-05,7788.4501953125
2018-10-08,7735.9501953125
2018-10-09,7738.02001953125
2018-10-10,7422.0498046875
2018-10-11,7329.06005859375
2018-10-12,7496.89013671875
2018-10-15,7430.740234375
2018-10-16,7645.490234375
2018-10-17,7642.7001953125
2018-10-18,7485.14013671875
2018-10-19,7449.02978515625
2018-10-22,7468.6298828125
2018-10-23,7437.5400390625
2018-10-24,7108.39990234375
2018-10-25,7318.33984375
2018-10-26,7167.2099609375
2018-10-29,7050.2900390625
2018-10-30,7161.64990234375
2018-10-31,7305.89990234375
2018-11-01,7434.06005859375
2018-11-02,7356.990234375
2018-11-05,7328.85009765625
2018-11-06,7375.9599609375
2018-11-07,7570.75
2018-11-08,7530.8798828125
2018-11-09,7406.89990234375
2018-11-12,7200.8701171875
2018-11-13,7200.8701171875
2018-11-14,7136.39013671875
2018-11-15,7259.02978515625
2018-11-16,7247.8701171875
2018-11-19,7028.47998046875
2018-11-20,6908.81982421875
2018-11-21,6972.25
2018-11-23,6938.97998046875
2018-11-26,7081.85009765625
2018-11-27,7082.7001953125
2018-11-28,7291.58984375
2018-11-29,7273.080078125
2018-11-30,7330.5400390625
2018-12-03,7441.509765625
2018-12-04,7158.43017578125
2018-12-06,7188.259765625
2018-12-07,6969.25
2018-12-10,7020.52001953125
2018-12-11,7031.830078125
2018-12-12,7098.31005859375
2018-12-13,7070.330078125
2018-12-14,6910.66015625
2018-12-17,6753.72998046875
2018-12-18,6783.91015625
2018-12-19,6636.830078125
2018-12-20,6528.41015625
2018-12-21,6332.990234375
2018-12-24,6192.919921875
2018-12-26,6554.35986328125
2018-12-27,6579.490234375
2018-12-28,6584.52001953125
2018-12-31,6635.27978515625
2019-01-02,6665.93994140625
2019-01-03,6463.5
2019-01-04,6738.85986328125
2019-01-07,6823.47021484375
2019-01-08,6897.0
2019-01-09,6957.080078125
2019-01-10,6986.06982421875
2019-01-11,6971.47998046875
2019-01-14,6905.919921875
2019-01-15,7023.830078125
2019-01-16,7034.68994140625
2019-01-17,7084.4599609375
2019-01-18,7157.22998046875
2019-01-22,7020.35986328125
2019-01-23,7025.77001953125
2019-01-24,7073.4599609375
2019-01-25,7164.85986328125
2019-01-28,7085.68017578125
2019-01-29,7028.2900390625
2019-01-30,7183.080078125
2019-01-31,7281.740234375
2019-02-01,7263.8701171875
2019-02-04,7347.5400390625
2019-02-05,7402.080078125
2019-02-06,7375.27978515625
2019-02-07,7288.35009765625
2019-02-08,7298.2001953125
2019-02-11,7307.89990234375
2019-02-12,7414.6201171875
2019-02-13,7420.3798828125
2019-02-14,7426.9501953125
2019-02-15,7472.41015625
2019-02-19,7486.77001953125
2019-02-20,7489.06982421875
2019-02-21,7459.7099609375
2019-02-22,7527.5400390625
2019-02-25,7554.4599609375
2019-02-26,7549.2998046875
2019-02-27,7554.509765625
2019-02-28,7532.52978515625
2019-03-01,7595.35009765625
2019-03-04,7577.56982421875
2019-03-05,7576.35986328125
2019-03-06,7505.919921875
2019-03-07,7421.4599609375
2019-03-08,7408.14013671875
2019-03-11,7558.06005859375
2019-03-12,7591.02978515625
2019-03-13,7643.41015625
2019-03-14,7630.91015625
2019-03-15,7688.52978515625
2019-03-18,7714.47998046875
2019-03-19,7723.9501953125
2019-03-20,7728.97021484375
2019-03-21,7838.9599609375
2019-03-22,7642.669921875
2019-03-25,7637.5400390625
2019-03-26,7691.52001953125
2019-03-27,7643.3798828125
2019-03-28,7669.169921875
2019-03-29,7729.31982421875
2019-04-01,7828.91015625
2019-04-02,7848.68994140625
2019-04-03,7895.5498046875
2019-04-04,7891.77978515625
2019-04-05,7938.68994140625
2019-04-08,7953.8798828125
2019-04-09,7909.27978515625
2019-04-10,7964.240234375
2019-04-11,7947.35986328125
2019-04-12,7984.16015625
2019-04-15,7976.009765625
2019-04-16,8000.22998046875
2019-04-17,7996.080078125
2019-04-18,7998.06005859375
2019-04-22,8015.27001953125
2019-04-23,8120.81982421875
2019-04-24,8102.009765625
2019-04-25,8118.68017578125
2019-04-26,8146.39990234375
2019-04-29,8161.85009765625
2019-04-30,8095.39013671875
2019-05-01,8049.64013671875
2019-05-02,8036.77001953125
2019-05-03,8164.0
2019-05-06,8123.2900390625
2019-05-07,7963.759765625
2019-05-08,7943.31982421875
2019-05-09,7910.58984375
2019-05-10,7916.93994140625
2019-05-13,7647.02001953125
2019-05-14,7734.490234375
2019-05-15,7822.14990234375
2019-05-16,7898.0498046875
2019-05-17,7816.27978515625
2019-05-20,7702.3798828125
2019-05-21,7785.72021484375
2019-05-22,7750.83984375
2019-05-23,7628.27978515625
2019-05-24,7637.009765625
2019-05-28,7607.35009765625
2019-05-29,7547.31005859375
2019-05-30,7567.72021484375
2019-05-31,7453.14990234375
2019-06-03,7333.02001953125
2019-06-04,7527.1201171875
2019-06-05,7575.47998046875
2019-06-06,7615.5498046875
2019-06-07,7742.10009765625
2019-06-10,7823.169921875
2019-06-11,7822.56982421875
2019-06-12,7792.72021484375
2019-06-13,7837.1298828125
2019-06-14,7796.66015625
2019-06-17,7845.02001953125
2019-06-18,7953.8798828125
2019-06-19,7987.31982421875
2019-06-20,8051.33984375
2019-06-21,8031.7099609375
2019-06-24,8005.7001953125
2019-06-25,7884.72021484375
2019-06-26,7909.97021484375
2019-06-27,7967.759765625
2019-06-28,8006.240234375
2019-07-01,8091.16015625
2019-07-02,8109.08984375
2019-07-03,8170.22998046875
2019-07-05,8161.7900390625
2019-07-08,8098.3798828125
2019-07-09,8141.72998046875
2019-07-10,8202.5302734375
2019-07-11,8196.0400390625
2019-07-12,8244.1396484375
2019-07-15,8258.1904296875
2019-07-16,8222.7998046875
2019-07-17,8185.2099609375
2019-07-18,8207.240234375
2019-07-19,8146.490234375
2019-07-22,8204.1396484375
2019-07-23,8251.400390625
2019-07-24,8321.5
2019-07-25,8238.5400390625
2019-07-26,8330.2099609375
2019-07-29,8293.330078125
2019-07-30,8273.6103515625
2019-07-31,8175.419921875
2019-08-01,8111.1201171875
2019-08-02,8004.06982421875
2019-08-05,7726.0400390625
2019-08-06,7833.27001953125
2019-08-07,7862.830078125
2019-08-08,8039.16015625
2019-08-09,7959.14013671875
2019-08-12,7863.41015625
2019-08-13,8016.35986328125
2019-08-14,7773.93994140625
2019-08-15,7766.6201171875
2019-08-16,7895.990234375
2019-08-19,8002.81005859375
2019-08-20,7948.56005859375
2019-08-21,8020.2099609375
2019-08-22,7991.39013671875
2019-08-23,7751.77001953125
2019-08-26,7853.740234375
2019-08-27,7826.9501953125
2019-08-28,7856.8798828125
2019-08-29,7973.39013671875
2019-08-30,7962.8798828125
2019-09-03,7874.16015625
2019-09-04,7976.8798828125
2019-09-05,8116.830078125
2019-09-06,8103.06982421875
2019-09-09,8087.43994140625
2019-09-10,8084.16015625
2019-09-11,8169.68017578125
2019-09-12,8194.4697265625
2019-09-13,8176.7099609375
2019-09-16,8153.5400390625
2019-09-17,8186.02001953125
2019-09-18,8177.39013671875
2019-09-19,8182.8798828125
2019-09-20,8117.669921875
2019-09-23,8112.4599609375
2019-09-24,7993.6298828125
2019-09-25,8077.3798828125
2019-09-26,8030.66015625
2019-09-27,7939.6298828125
2019-09-30,7999.33984375
2019-10-01,7908.68017578125
2019-10-02,7785.25
2019-10-03,7872.259765625
2019-10-04,7982.47021484375
2019-10-07,7956.2900390625
2019-10-08,7823.77978515625
2019-10-09,7903.740234375
2019-10-10,7950.77978515625
2019-10-11,8057.0400390625
2019-10-14,8048.64990234375
2019-10-15,8148.7099609375
2019-10-16,8124.18017578125
2019-10-17,8156.85009765625
2019-10-18,8089.5400390625
2019-10-21,8162.990234375
2019-10-22,8104.2998046875
2019-10-23,8119.7900390625
2019-10-24,8185.7998046875
2019-10-25,8243.1201171875
2019-10-28,8325.990234375
2019-10-29,8276.849609375
2019-10-30,8303.98046875
2019-10-31,8292.3603515625
2019-11-01,8386.400390625
2019-11-04,8433.2001953125
2019-11-05,8434.6796875
2019-11-06,8410.6298828125
2019-11-07,8434.51953125
2019-11-08,8475.3095703125
2019-11-11,8464.2802734375
2019-11-12,8486.08984375
2019-11-13,8482.099609375
2019-11-14,8479.01953125
2019-11-15,8540.830078125
2019-11-18,8549.9404296875
2019-11-19,8570.66015625
2019-11-20,8526.73046875
2019-11-21,8506.2099609375
2019-11-22,8519.8798828125
2019-11-25,8632.490234375
2019-11-26,8647.9296875
2019-11-27,8705.1796875
2019-11-29,8665.4697265625
2019-12-02,8567.990234375
2019-12-03,8520.6396484375
2019-12-04,8566.669921875
2019-12-05,8570.7001953125
2019-12-06,8656.5302734375
2019-12-09,8621.830078125
2019-12-10,8616.1796875
2019-12-11,8654.0498046875
2019-12-12,8717.3203125
2019-12-13,8734.8798828125
2019-12-16,8814.23046875
2019-12-17,8823.3603515625
2019-12-18,8827.740234375
2019-12-19,8887.2197265625
2019-12-20,8924.9599609375
2019-12-23,8945.650390625
2019-12-24,8952.8798828125
2019-12-26,9022.3896484375
2019-12-27,9006.6201171875
2019-12-30,8945.990234375
2019-12-31,8972.599609375
2020-01-02,9092.1904296875
2020-01-03,9020.76953125
2020-01-06,9071.4697265625
2020-01-07,9068.580078125
2020-01-08,9129.240234375
2020-01-09,9203.4296875
2020-01-10,9178.8603515625
2020-01-13,9273.9296875
2020-01-14,9251.330078125
2020-01-15,9258.7001953125
2020-01-16,9357.1298828125
2020-01-17,9388.9404296875
2020-01-21,9370.8095703125
2020-01-22,9383.76953125
2020-01-23,9402.48046875
2020-01-24,9314.91015625
2020-01-27,9139.3095703125
2020-01-28,9269.6796875
2020-01-29,9275.16015625
2020-01-30,9298.9296875
2020-01-31,9150.9404296875
2020-02-03,9273.400390625
2020-02-04,9467.9697265625
2020-02-05,9508.6796875
2020-02-06,9572.150390625
2020-02-07,9520.509765625
2020-02-10,9628.3896484375
2020-02-11,9638.9404296875
2020-02-12,9725.9599609375
2020-02-13,9711.9697265625
2020-02-14,9731.1796875
2020-02-18,9732.740234375
2020-02-19,9817.1796875
2020-02-20,9750.9697265625
2020-02-21,9576.58984375
2020-02-24,9221.2802734375
2020-02-25,8965.6103515625
2020-02-26,8980.7802734375
2020-02-27,8566.48046875
2020-02-28,8567.3701171875
2020-03-02,8952.169921875
2020-03-03,8684.08984375
2020-03-04,9018.08984375
2020-03-05,8738.58984375
2020-03-06,8575.6201171875
2020-03-09,7950.68017578125
2020-03-10,8344.25
2020-03-11,7952.0498046875
2020-03-12,7201.7998046875
2020-03-13,7874.8798828125
2020-03-16,6904.58984375
2020-03-17,7334.77978515625
2020-03-18,6989.83984375
2020-03-19,7150.580078125
2020-03-20,6879.52001953125
2020-03-23,6860.669921875
2020-03-24,7417.85986328125
2020-03-25,7384.2998046875
2020-03-26,7797.5400390625
2020-03-27,7502.3798828125
2020-03-30,7774.14990234375
2020-03-31,7700.10009765625
2020-04-01,7360.580078125
2020-04-02,7487.31005859375
2020-04-03,7373.080078125
2020-04-06,7913.240234375
2020-04-07,7887.259765625
2020-04-08,8090.89990234375
2020-04-09,8153.580078125
2020-04-13,8192.419921875
2020-04-14,8515.740234375
2020-04-15,8393.1796875
2020-04-16,8532.3603515625
2020-04-17,8650.1396484375
2020-04-20,8560.73046875
2020-04-21,8263.23046875
2020-04-22,8495.3798828125
2020-04-23,8494.75
2020-04-24,8634.51953125
2020-04-27,8730.16015625
2020-04-28,8607.73046875
2020-04-29,8914.7099609375
2020-04-30,8889.5498046875
2020-05-01,8604.9501953125
2020-05-04,8710.7099609375
2020-05-05,8809.1201171875
2020-05-06,8854.3896484375
2020-05-07,8979.66015625
2020-05-08,9121.3203125
2020-05-11,9192.33984375
2020-05-12,9002.5498046875
2020-05-13,8863.169921875
2020-05-14,8943.7197265625
2020-05-15,9014.5595703125
2020-05-18,9234.830078125
2020-05-19,9185.099609375
2020-05-20,9375.7802734375
2020-05-21,9284.8798828125
2020-05-22,9324.58984375
2020-05-26,9340.2197265625
2020-05-27,9412.3603515625
2020-05-28,9368.990234375
2020-05-29,9489.8701171875
2020-06-01,9552.0498046875
2020-06-02,9608.3798828125
2020-06-03,9682.91015625
2020-06-04,9615.8095703125
2020-06-05,9814.080078125
2020-06-08,9924.75
2020-06-09,9953.75
2020-06-10,10020.349609375
2020-06-11,9492.73046875
2020-06-12,9588.8095703125
2020-06-15,9726.01953125
2020-06-16,9895.8701171875
2020-06-17,9910.5302734375
2020-06-18,9943.0498046875
2020-06-19,9946.1201171875
2020-06-22,10056.48046875
2020-06-23,10131.3701171875
2020-06-24,9909.169921875
2020-06-25,10017.0
2020-06-26,9757.2197265625
2020-06-29,9874.150390625
2020-06-30,10058.76953125
2020-07-01,10154.6298828125
2020-07-02,10207.6298828125
2020-07-06,10433.650390625
2020-07-07,10343.8896484375
2020-07-08,10492.5
2020-07-09,10547.75
2020-07-10,10617.4404296875
2020-07-13,10390.83984375
2020-07-14,10488.580078125
2020-07-15,10550.490234375
2020-07-16,10473.830078125
2020-07-17,10503.1904296875
2020-07-20,10767.08984375
2020-07-21,10680.3603515625
2020-07-22,10706.1298828125
2020-07-23,10461.419921875
2020-07-24,10363.1796875
2020-07-27,10536.26953125
2020-07-28,10402.08984375
2020-07-29,10542.9404296875
2020-07-30,10587.8095703125
2020-07-31,10745.26953125
2020-08-03,10902.7998046875
2020-08-04,10941.169921875
2020-08-05,10998.400390625
2020-08-06,11108.0703125
2020-08-07,11010.98046875
2020-08-10,10968.3603515625
2020-08-11,10782.8203125
2020-08-12,11012.240234375
2020-08-13,11042.5
2020-08-14,11019.2998046875
2020-08-17,11129.73046875
2020-08-18,11210.83984375
2020-08-19,11146.4599609375
2020-08-20,11264.9501953125
2020-08-21,11311.7998046875
2020-08-24,11379.7197265625
2020-08-25,11466.4697265625
2020-08-26,11665.0595703125
2020-08-27,11625.33984375
2020-08-28,11695.6298828125
2020-08-31,11775.4599609375
2020-09-01,11939.669921875
2020-09-02,12056.4404296875
2020-09-03,11458.099609375
2020-09-04,11313.1298828125
2020-09-08,10847.6904296875
2020-09-09,11141.5595703125
2020-09-10,10919.58984375
2020-09-11,10853.5498046875
2020-09-14,11056.650390625
2020-09-15,11190.3203125
2020-09-16,11050.4697265625
2020-09-17,10910.2802734375
2020-09-18,10793.2802734375
2020-09-21,10778.7998046875
2020-09-22,10963.6396484375
2020-09-23,10632.990234375
2020-09-24,10672.26953125
2020-09-25,10913.5595703125
2020-09-28,11117.5302734375
2020-09-29,11085.25
2020-09-30,11167.509765625
2020-10-01,11326.509765625
2020-10-02,11075.01953125
2020-10-05,11332.490234375
2020-10-06,11154.599609375
2020-10-07,11364.599609375
2020-10-08,11420.98046875
2020-10-09,11579.9404296875
2020-10-12,11876.259765625
2020-10-13,11863.900390625
2020-10-14,11768.73046875
2020-10-15,11713.8701171875
2020-10-16,11671.5595703125
2020-10-19,11478.8798828125
2020-10-20,11516.490234375
2020-10-21,11484.6904296875
2020-10-22,11506.009765625
2020-10-23,11548.2802734375
2020-10-26,11358.9404296875
2020-10-27,11431.349609375
2020-10-28,11004.8701171875
2020-10-29,11185.58984375
2020-10-30,10911.58984375
2020-11-02,10957.6103515625
2020-11-03,11160.5703125
2020-11-04,11590.7802734375
2020-11-05,11890.9296875
2020-11-06,11895.23046875
2020-11-09,11713.7802734375
2020-11-10,11553.8603515625
2020-11-11,11786.4296875
2020-11-12,11709.58984375
2020-11-13,11829.2900390625
2020-11-16,11924.1298828125
2020-11-17,11899.33984375
2020-11-18,11801.599609375
2020-11-19,11904.7099609375
2020-11-20,11854.9697265625
2020-11-23,11880.6298828125
2020-11-24,12036.7900390625
2020-11-25,12094.400390625
2020-11-27,12205.849609375
2020-11-30,12198.740234375
2020-12-01,12355.1103515625
2020-12-02,12349.3701171875
2020-12-03,12377.1796875
2020-12-04,12464.23046875
2020-12-07,12519.9501953125
2020-12-08,12582.76953125
2020-12-09,12338.9501953125
2020-12-10,12405.8095703125
2020-12-11,12377.8701171875
2020-12-14,12440.0400390625
2020-12-15,12595.0595703125
2020-12-16,12658.1904296875
2020-12-17,12764.75
2020-12-18,12755.6396484375
2020-12-21,12742.51953125
2020-12-22,12807.919921875
2020-12-23,12771.1103515625
2020-12-24,12804.73046875
2020-12-28,12899.419921875
2020-12-29,12850.2197265625
2020-12-30,12870.0
2020-12-31,12888.2802734375
2021-01-04,12698.4501953125
2021-01-05,12818.9599609375
2021-01-06,12740.7900390625
2021-01-07,13067.48046875
2021-01-08,13201.98046875
2021-01-11,13036.4296875
2021-01-12,13072.4296875
2021-01-13,13128.9501953125
2021-01-14,13112.6396484375
2021-01-15,12998.5
2021-01-19,13197.1796875
2021-01-20,13457.25
2021-01-21,13530.91015625
2021-01-22,13543.0595703125
2021-01-25,13635.990234375
2021-01-26,13626.0595703125
2021-01-27,13270.599609375
2021-01-28,13337.16015625
2021-01-29,13070.6904296875
2021-02-01,13403.3896484375
2021-02-02,13612.7802734375
2021-02-03,13610.5400390625
2021-02-04,13777.740234375
2021-02-05,13856.2998046875
2021-02-08,13987.6396484375
2021-02-09,14007.7001953125
2021-02-10,13972.5302734375
2021-02-11,14025.76953125
2021-02-12,14095.4697265625
2021-02-16,14047.5
2021-02-17,13965.490234375
2021-02-18,13865.3603515625
2021-02-19,13874.4599609375
2021-02-22,13533.0498046875
2021-02-23,13465.2001953125
2021-02-24,13597.9697265625
2021-02-25,13119.4296875
2021-02-26,13192.349609375
2021-03-01,13588.830078125
2021-03-02,13358.7900390625
2021-03-03,12997.75
2021-03-04,12723.4697265625
2021-03-05,12920.150390625
2021-03-08,12609.16015625
2021-03-09,13073.8203125
2021-03-10,13068.830078125
2021-03-11,13398.669921875
2021-03-12,13319.8603515625
2021-03-15,13459.7099609375
2021-03-16,13471.5703125
2021-03-17,13525.2001953125
2021-03-18,13116.169921875
2021-03-19,13215.240234375
2021-03-22,13377.5400390625
2021-03-23,13227.7001953125
2021-03-24,12961.8896484375
2021-03-25,12977.6796875
2021-03-26,13138.73046875
2021-03-29,13059.650390625
2021-03-30,13045.3896484375
2021-03-31,13246.8701171875
2021-04-01,13480.1103515625
2021-04-05,13705.58984375
2021-04-06,13698.3798828125
2021-04-07,13688.83984375
2021-04-08,13829.3095703125
2021-04-09,13900.1904296875
2021-04-12,13850.0
2021-04-13,13996.099609375
2021-04-14,13857.83984375
2021-04-15,14038.759765625
2021-04-16,14052.33984375
2021-04-19,13914.76953125
2021-04-20,13786.26953125
2021-04-21,13950.2197265625
2021-04-22,13818.41015625
2021-04-23,14016.8095703125
2021-04-26,14138.7802734375
2021-04-27,14090.2197265625
2021-04-28,14051.0302734375
2021-04-29,14082.5498046875
2021-04-30,13962.6796875
2021-05-03,13895.1201171875
2021-05-04,13633.5
2021-05-05,13582.419921875
2021-05-06,13632.83984375
2021-05-07,13752.240234375
2021-05-10,13401.8603515625
2021-05-11,13389.4296875
2021-05-12,13031.6796875
2021-05-13,13124.990234375
2021-05-14,13429.98046875
2021-05-17,13379.0498046875
2021-05-18,13303.6396484375
2021-05-19,13299.740234375
2021-05-20,13535.740234375
2021-05-21,13470.990234375
2021-05-24,13661.169921875
2021-05-25,13657.169921875
2021-05-26,13738.0
2021-05-27,13736.2802734375
2021-05-28,13748.740234375
2021-06-01,13736.48046875
2021-06-02,13756.330078125
2021-06-03,13614.509765625
2021-06-04,13814.490234375
2021-06-07,13881.7197265625
2021-06-08,13924.91015625
2021-06-09,13911.75
2021-06-10,14020.330078125
2021-06-11,14069.419921875
2021-06-14,14174.1396484375
2021-06-15,14072.8603515625
2021-06-16,14039.6796875
2021-06-17,14161.349609375
2021-06-18,14030.3798828125
2021-06-21,14141.48046875
2021-06-22,14253.26953125
2021-06-23,14271.73046875
2021-06-24,14369.7099609375
2021-06-25,14360.3896484375
2021-06-28,14500.509765625
2021-06-29,14528.330078125
2021-06-30,14503.9501953125
2021-07-01,14522.3798828125
2021-07-02,14639.330078125
2021-07-06,14663.6396484375
2021-07-07,14665.0595703125
2021-07-08,14559.7802734375
2021-07-09,14701.919921875
2021-07-12,14733.240234375
2021-07-13,14677.650390625
2021-07-14,14644.9501953125
2021-07-15,14543.1298828125
2021-07-16,14427.240234375
2021-07-19,14274.98046875
2021-07-20,14498.8798828125
2021-07-21,14631.9501953125
2021-07-22,14684.599609375
2021-07-23,14836.990234375
2021-07-26,14840.7099609375
2021-07-27,14660.580078125
2021-07-28,14762.580078125
2021-07-29,14778.259765625
2021-07-30,14672.6796875
2021-08-02,14681.0703125
2021-08-03,14761.2900390625
2021-08-04,14780.5302734375
2021-08-05,14895.1201171875
2021-08-06,14835.759765625
2021-08-09,14860.1796875
2021-08-10,14788.08984375
2021-08-11,14765.1396484375
2021-08-12,14816.259765625
2021-08-13,14822.900390625
2021-08-16,14793.759765625
2021-08-17,14656.1796875
2021-08-18,14525.91015625
2021-08-19,14541.7900390625
2021-08-20,14714.66015625
2021-08-23,14942.650390625
2021-08-24,15019.7998046875
2021-08-25,15041.8603515625
2021-08-26,14945.8095703125
2021-08-27,15129.5
2021-08-30,15265.8896484375
2021-08-31,15259.240234375
2021-09-01,15309.3798828125
2021-09-02,15331.1796875
2021-09-03,15363.51953125
2021-09-07,15374.330078125
2021-09-08,15286.6396484375
2021-09-09,15248.25
2021-09-10,15115.490234375
2021-09-13,15105.580078125
2021-09-14,15037.759765625
2021-09-15,15161.5302734375
2021-09-16,15181.919921875
2021-09-17,15043.9697265625
2021-09-20,14713.900390625
2021-09-21,14746.400390625
2021-09-22,14896.849609375
2021-09-23,15052.240234375
2021-09-24,15047.7001953125
2021-09-27,14969.9697265625
2021-09-28,14546.6796875
2021-09-29,14512.4404296875
2021-09-30,14448.580078125
2021-10-01,14566.7001953125
2021-10-04,14255.48046875
2021-10-05,14433.830078125
2021-10-06,14501.91015625
2021-10-07,14654.01953125
2021-10-08,14579.5400390625
2021-10-11,14486.2001953125
2021-10-12,14465.919921875
2021-10-13,14571.6396484375
2021-10-14,14823.4296875
2021-10-15,14897.33984375
2021-10-18,15021.8095703125
2021-10-19,15129.08984375
2021-10-20,15121.6796875
2021-10-21,15215.7001953125
2021-10-22,15090.2001953125
2021-10-25,15226.7099609375
2021-10-26,15235.7099609375
2021-10-27,15235.83984375
2021-10-28,15448.1201171875
2021-10-29,15498.3896484375
2021-11-01,15595.919921875
2021-11-02,15649.599609375
2021-11-03,15811.580078125
2021-11-04,15940.3095703125
2021-11-05,15971.58984375
2021-11-08,15982.3603515625
2021-11-09,15886.5400390625
2021-11-10,15622.7099609375
2021-11-11,15704.2802734375
2021-11-12,15860.9599609375
2021-11-15,15853.849609375
2021-11-16,15973.8603515625
2021-11-17,15921.5703125
2021-11-18,15993.7099609375
2021-11-19,16057.4404296875
2021-11-22,15854.759765625
2021-11-23,15775.1396484375
2021-11-24,15845.23046875
2021-11-26,15491.66015625
2021-11-29,15782.830078125
2021-11-30,15537.6904296875
2021-12-01,15254.0498046875
2021-12-02,15381.3203125
2021-12-03,15085.4697265625
2021-12-06,15225.150390625
2021-12-07,15686.919921875
2021-12-08,15786.990234375
2021-12-09,15517.3701171875
2021-12-10,15630.599609375
2021-12-13,15413.2802734375
2021-12-14,15237.6396484375
2021-12-15,15565.580078125
2021-12-16,15180.4296875
2021-12-17,15169.6796875
2021-12-20,14980.9404296875
2021-12-21,15341.08984375
2021-12-22,15521.8896484375
2021-12-23,15653.3701171875
2021-12-27,15871.259765625
2021-12-28,15781.7197265625
2021-12-29,15766.2197265625
2021-12-30,15741.5595703125
2021-12-31,15644.9697265625
2022-01-03,15832.7998046875
2022-01-04,15622.7197265625
2022-01-05,15100.169921875
2022-01-06,15080.8603515625
2022-01-07,14935.900390625
2022-01-10,14942.830078125
2022-01-11,15153.4501953125
2022-01-12,15188.3896484375
2022-01-13,14806.8095703125
2022-01-14,14893.75
2022-01-18,14506.900390625
2022-01-19,14340.259765625
2022-01-20,14154.01953125
2022-01-21,13768.919921875
2022-01-24,13855.1298828125
2022-01-25,13539.2900390625
2022-01-26,13542.1201171875
2022-01-27,13352.7802734375
2022-01-28,13770.5703125
2022-01-31,14239.8798828125
2022-02-01,14346.0
2022-02-02,14417.5498046875
2022-02-03,13878.8203125
2022-02-04,14098.009765625
2022-02-07,14015.669921875
2022-02-08,14194.4501953125
2022-02-09,14490.3701171875
2022-02-10,14185.6396484375
2022-02-11,13791.150390625
2022-02-14,13790.919921875
2022-02-15,14139.759765625
2022-02-16,14124.08984375
2022-02-17,13716.7197265625
2022-02-18,13548.0703125
2022-02-22,13381.51953125
2022-02-23,13037.490234375
2022-02-24,13473.58984375
2022-02-25,13694.6201171875
2022-02-28,13751.400390625
2022-03-01,13532.4599609375
2022-03-02,13752.01953125
2022-03-03,13537.9404296875
2022-03-04,13313.4404296875
2022-03-07,12830.9599609375
2022-03-08,12795.5498046875
2022-03-09,13255.5498046875
2022-03-10,13129.9599609375
2022-03-11,12843.8095703125
2022-03-14,12581.2197265625
2022-03-15,12948.6201171875
2022-03-16,13436.5498046875
2022-03-17,13614.7802734375
2022-03-18,13893.83984375
2022-03-21,13838.4599609375
2022-03-22,14108.8203125
2022-03-23,13922.599609375
2022-03-24,14191.83984375
2022-03-25,14169.2998046875
2022-03-28,14354.900390625
2022-03-29,14619.6396484375
2022-03-30,14442.26953125
2022-03-31,14220.51953125
2022-04-01,14261.5
2022-04-04,14532.5498046875
2022-04-05,14204.169921875
2022-04-06,13888.8203125
2022-04-07,13897.2998046875
2022-04-08,13711.0
2022-04-11,13411.9599609375
2022-04-12,13371.5703125
2022-04-13,13643.58984375
2022-04-14,13351.080078125
2022-04-18,13332.3603515625
2022-04-19,13619.66015625
2022-04-20,13453.0703125
2022-04-21,13174.650390625
2022-04-22,12839.2900390625
2022-04-25,13004.849609375
2022-04-26,12490.740234375
2022-04-27,12488.9296875
2022-04-28,12871.5302734375
2022-04-29,12334.6396484375
2022-05-02,12536.01953125
2022-05-03,12563.759765625
2022-05-04,12964.8603515625
2022-05-05,12317.6904296875
2022-05-06,12144.66015625
2022-05-09,11623.25
2022-05-10,11737.669921875
2022-05-11,11364.240234375
2022-05-12,11370.9599609375
2022-05-13,11805.0
2022-05-16,11662.7900390625
2022-05-17,11984.51953125
2022-05-18,11418.150390625
2022-05-19,11388.5
2022-05-20,11354.6201171875
2022-05-23,11535.26953125
2022-05-24,11264.4501953125
2022-05-25,11434.740234375
2022-05-26,11740.650390625
2022-05-27,12131.1298828125
2022-05-31,12081.3896484375
2022-06-01,11994.4599609375
2022-06-02,12316.900390625
2022-06-03,12012.73046875
2022-06-06,12061.3701171875
2022-06-07,12175.23046875
2022-06-08,12086.26953125
2022-06-09,11754.23046875
2022-06-10,11340.01953125
2022-06-13,10809.23046875
2022-06-14,10828.349609375
2022-06-15,11099.150390625
2022-06-16,10646.099609375
2022-06-17,10798.349609375
2022-06-21,11069.2998046875
2022-06-22,11053.080078125
2022-06-23,11232.1904296875
2022-06-24,11607.6201171875
2022-06-27,11524.5498046875
2022-06-28,11181.5400390625
2022-06-29,11177.8896484375
2022-06-30,11028.740234375
2022-07-01,11127.849609375
2022-07-05,11322.240234375
2022-07-06,11361.849609375
2022-07-07,11621.349609375
2022-07-08,11635.3095703125
2022-07-11,11372.599609375
2022-07-12,11264.73046875
2022-07-13,11247.580078125
2022-07-14,11251.1904296875
2022-07-15,11452.419921875
2022-07-18,11360.0498046875
2022-07-19,11713.150390625
2022-07-20,11897.650390625
2022-07-21,12059.6103515625
2022-07-22,11834.1103515625
2022-07-25,11782.669921875
2022-07-26,11562.5703125
2022-07-27,12032.419921875
2022-07-28,12162.58984375
2022-07-29,12390.6904296875
2022-08-01,12368.98046875
2022-08-02,12348.759765625
2022-08-03,12668.16015625
2022-08-04,12720.580078125
2022-08-05,12657.5498046875
2022-08-08,12644.4599609375
2022-08-09,12493.9296875
2022-08-10,12854.7998046875
2022-08-11,12779.91015625
2022-08-12,13047.1904296875
2022-08-15,13128.0498046875
2022-08-16,13102.5498046875
2022-08-17,12938.1201171875
2022-08-18,12965.33984375
2022-08-19,12705.2197265625
2022-08-22,12381.5703125
2022-08-23,12381.2998046875
2022-08-24,12431.5302734375
2022-08-25,12639.26953125
2022-08-26,12141.7099609375
2022-08-29,12017.669921875
2022-08-30,11883.1396484375
2022-08-31,11816.2001953125
2022-09-01,11785.1298828125
2022-09-02,11630.8603515625
2022-09-06,11544.91015625
2022-09-07,11791.900390625
2022-09-08,11862.1298828125
2022-09-09,12112.3095703125
2022-09-12,12266.41015625
2022-09-13,11633.5703125
2022-09-14,11719.6796875
2022-09-15,11552.3603515625
2022-09-16,11448.400390625
2022-09-19,11535.01953125
2022-09-20,11425.0498046875
2022-09-21,11220.1904296875
2022-09-22,11066.8095703125
2022-09-23,10867.9296875
2022-09-26,10802.919921875
2022-09-27,10829.5
2022-09-28,11051.6396484375
2022-09-29,10737.509765625
2022-09-30,10575.6201171875
2022-10-03,10815.4296875
2022-10-04,11176.41015625
2022-10-05,11148.6396484375
2022-10-06,11073.3095703125
2022-10-07,10652.400390625
2022-10-10,10542.099609375
2022-10-11,10426.1904296875
2022-10-12,10417.099609375
2022-10-13,10649.150390625
2022-10-14,10321.3896484375
2022-10-17,10675.7998046875
2022-10-18,10772.400390625
2022-10-19,10680.509765625
2022-10-20,10614.83984375
2022-10-21,10859.7197265625
2022-10-24,10952.6103515625
2022-10-25,11199.1201171875
2022-10-26,10970.990234375
2022-10-27,10792.669921875
2022-10-28,11102.4501953125
2022-10-31,10988.150390625
2022-11-01,10890.849609375
2022-11-02,10524.7998046875
2022-11-03,10342.9404296875
2022-11-04,10475.25
2022-11-07,10564.51953125
2022-11-08,10616.2001953125
2022-11-09,10353.169921875
2022-11-10,11114.150390625
2022-11-11,11323.330078125
2022-11-14,11196.2197265625
2022-11-15,11358.41015625
2022-11-16,11183.66015625
2022-11-17,11144.9599609375
2022-11-18,11146.0595703125
2022-11-21,11024.509765625
2022-11-22,11174.41015625
2022-11-23,11285.3203125
2022-11-25,11226.3603515625
2022-11-28,11049.5
2022-11-29,10983.7802734375
2022-11-30,11468.0
2022-12-01,11482.4501953125
2022-12-02,11461.5
2022-12-05,11239.9404296875
2022-12-06,11014.8896484375
2022-12-07,10958.5498046875
2022-12-08,11082.0
2022-12-09,11004.6201171875
2022-12-12,11143.740234375
2022-12-13,11256.8095703125
2022-12-14,11170.8896484375
2022-12-15,10810.5302734375
2022-12-16,10705.41015625
2022-12-19,10546.0302734375
2022-12-20,10547.1103515625
2022-12-21,10709.3701171875
2022-12-22,10476.1201171875
2022-12-23,10497.8603515625
2022-12-27,10353.23046875
2022-12-28,10213.2900390625
2022-12-29,10478.08984375
2022-12-30,10466.48046875
2023-01-03,10386.98046875
2023-01-04,10458.759765625
2023-01-05,10305.240234375
2023-01-06,10569.2900390625
2023-01-09,10635.650390625
2023-01-10,10742.6298828125
2023-01-11,10931.669921875
2023-01-12,11001.099609375
2023-01-13,11079.16015625
2023-01-17,11095.1103515625
2023-01-18,10957.009765625
2023-01-19,10852.26953125
2023-01-20,11140.4296875
2023-01-23,11364.41015625
2023-01-24,11334.26953125
2023-01-25,11313.3603515625
2023-01-26,11512.41015625
2023-01-27,11621.7099609375
2023-01-30,11393.8095703125
2023-01-31,11584.5498046875
2023-02-01,11816.3203125
2023-02-02,12200.8203125
2023-02-03,12006.9501953125
2023-02-06,11887.4501953125
2023-02-07,12113.7900390625
2023-02-08,11910.51953125
2023-02-09,11789.580078125
2023-02-10,11718.1201171875
2023-02-13,11891.7900390625
2023-02-14,11960.150390625
2023-02-15,12070.58984375
2023-02-16,11855.830078125
2023-02-17,11787.26953125
2023-02-21,11492.2998046875
2023-02-22,11507.0703125
2023-02-23,11590.400390625
2023-02-24,11394.9404296875
2023-02-27,11466.98046875
2023-02-28,11455.5400390625
2023-03-01,11379.48046875
2023-03-02,11462.98046875
2023-03-03,11689.009765625
2023-03-06,11675.740234375
2023-03-07,11530.330078125
2023-03-08,11576.0
2023-03-09,11338.349609375
2023-03-10,11138.8896484375
2023-03-13,11188.83984375
2023-03-14,11428.150390625
2023-03-15,11434.0498046875
2023-03-16,11717.2802734375
2023-03-17,11630.509765625
2023-03-20,11675.5400390625
2023-03-21,11860.1103515625
2023-03-22,11669.9599609375
2023-03-23,11787.400390625
2023-03-24,11823.9599609375
2023-03-27,11768.83984375
2023-03-28,11716.080078125
2023-03-29,11926.240234375
2023-03-30,12013.4697265625
2023-03-31,12221.91015625
2023-04-03,12189.4501953125
2023-04-04,12126.330078125
2023-04-05,11996.8603515625
2023-04-06,12087.9599609375
2023-04-10,12084.3603515625
2023-04-11,12031.8798828125
2023-04-12,11929.33984375
2023-04-13,12166.26953125
2023-04-14,12123.4697265625
2023-04-17,12157.7197265625
2023-04-18,12153.41015625
2023-04-19,12157.23046875
2023-04-20,12059.5595703125
2023-04-21,12072.4599609375
2023-04-24,12037.2001953125
2023-04-25,11799.16015625
2023-04-26,11854.349609375
2023-04-27,12142.240234375
2023-04-28,12226.580078125
2023-05-01,12212.599609375
2023-05-02,12080.509765625
2023-05-03,12025.330078125
2023-05-04,11966.400390625
2023-05-05,12235.41015625
2023-05-08,12256.919921875
2023-05-09,12179.5498046875
2023-05-10,12306.4404296875
2023-05-11,12328.509765625
2023-05-12,12284.740234375
2023-05-15,12365.2099609375
2023-05-16,12343.0498046875
2023-05-17,12500.5703125
2023-05-18,12688.83984375
2023-05-19,12657.900390625
2023-05-22,12720.7802734375
2023-05-23,12560.25
2023-05-24,12484.16015625
2023-05-25,12698.08984375
2023-05-26,12975.6904296875
2023-05-30,13017.4296875
2023-05-31,12935.2900390625
2023-06-01,13100.98046875
2023-06-02,13240.76953125
2023-06-05,13229.4296875
2023-06-06,13276.419921875
2023-06-07,13104.900390625
2023-06-08,13238.51953125
2023-06-09,13259.1396484375
2023-06-12,13461.919921875
2023-06-13,13573.3203125
2023-06-14,13626.48046875
2023-06-15,13782.8203125
2023-06-16,13689.5703125
2023-06-20,13667.2900390625
2023-06-21,13502.2001953125
2023-06-22,13630.6103515625
2023-06-23,13492.51953125
2023-06-26,13335.7802734375
2023-06-27,13555.669921875
2023-06-28,13591.75
2023-06-29,13591.330078125
2023-06-30,13787.919921875
2023-07-03,13816.76953125
2023-07-05,13791.650390625
2023-07-06,13679.0400390625
2023-07-07,13660.7197265625
2023-07-10,13685.48046875
2023-07-11,13760.7001953125
2023-07-12,13918.9599609375
2023-07-13,14138.5703125
2023-07-14,14113.7001953125
2023-07-17,14244.9501953125
2023-07-18,14353.6396484375
2023-07-19,14358.01953125
2023-07-20,14063.3095703125
2023-07-21,14032.8095703125
2023-07-24,14058.8701171875
2023-07-25,14144.5595703125
2023-07-26,14127.2802734375
2023-07-27,14050.1103515625
2023-07-28,14316.66015625
2023-07-31,14346.01953125
2023-08-01,14283.91015625
2023-08-02,13973.4501953125
2023-08-03,13959.7197265625
2023-08-04,13909.240234375
2023-08-07,13994.400390625
2023-08-08,13884.3203125
2023-08-09,13722.01953125
2023-08-10,13737.990234375
2023-08-11,13644.849609375
2023-08-14,13788.330078125
2023-08-15,13631.0498046875
2023-08-16,13474.6298828125
2023-08-17,13316.9296875
2023-08-18,13290.7802734375
2023-08-21,13497.58984375
2023-08-22,13505.8701171875
2023-08-23,13721.0302734375
2023-08-24,13463.9697265625
2023-08-25,13590.650390625
2023-08-28,13705.1298828125
2023-08-29,13943.759765625
2023-08-30,14019.3095703125
2023-08-31,14034.9697265625
2023-09-01,14031.8095703125
2023-09-05,14020.9501953125
2023-09-06,13872.4697265625
2023-09-07,13748.830078125
2023-09-08,13761.5302734375
2023-09-11,13917.8896484375
2023-09-12,13773.6103515625
2023-09-13,13813.58984375
2023-09-14,13926.0498046875
2023-09-15,13708.330078125
2023-09-18,13710.240234375
2023-09-19,13678.1904296875
2023-09-20,13469.1298828125
2023-09-21,13223.98046875
2023-09-22,13211.8095703125
2023-09-25,13271.3203125
2023-09-26,13063.6103515625
2023-09-27,13092.849609375
2023-09-28,13201.2802734375
2023-09-29,13219.3203125
2023-10-02,13307.76953125
2023-10-03,13059.4697265625
2023-10-04,13236.009765625
2023-10-05,13219.830078125
2023-10-06,13431.33984375
2023-10-09,13484.240234375
2023-10-10,13562.83984375
2023-10-11,13659.6796875
2023-10-12,13574.2197265625
2023-10-13,13407.23046875
2023-10-16,13567.98046875
2023-10-17,13533.75
2023-10-18,13314.2998046875
2023-10-19,13186.1796875
2023-10-20,12983.8095703125
2023-10-23,13018.330078125
2023-10-24,13139.8701171875
2023-10-25,12821.2197265625
2023-10-26,12595.6103515625
2023-10-27,12643.009765625
2023-10-30,12789.48046875
2023-10-31,12851.240234375
2023-11-01,13061.4697265625
2023-11-02,13294.1904296875
2023-11-03,13478.2802734375
2023-11-06,13518.7802734375
2023-11-07,13639.8603515625
2023-11-08,13650.41015625
2023-11-09,13521.4501953125
2023-11-10,13798.1103515625
2023-11-13,13767.740234375
2023-11-14,14094.3798828125
2023-11-15,14103.83984375
2023-11-16,14113.669921875
2023-11-17,14125.48046875
2023-11-20,14284.5302734375
2023-11-21,14199.98046875
2023-11-22,14265.8603515625
2023-11-24,14250.849609375
2023-11-27,14241.01953125
2023-11-28,14281.759765625
2023-11-29,14258.490234375
2023-11-30,14226.2197265625
2023-12-01,14305.0302734375
2023-12-04,14185.490234375
2023-12-05,14229.91015625
2023-12-06,14146.7099609375
2023-12-07,14339.990234375
2023-12-08,14403.9697265625
2023-12-11,14432.490234375
2023-12-12,14533.400390625
2023-12-13,14733.9599609375
2023-12-14,14761.5595703125
2023-12-15,14813.919921875
2023-12-18,14904.8095703125
2023-12-19,15003.2197265625
2023-12-20,14777.9404296875
2023-12-21,14963.8701171875
2023-12-22,14992.9697265625
2023-12-26,15074.5703125
2023-12-27,15099.1796875
2023-12-28,15095.1396484375
2023-12-29,15011.349609375
2024-01-02,14765.9404296875
2024-01-03,14592.2099609375
2024-01-04,14510.2998046875
2024-01-05,14524.0703125
2024-01-08,14843.76953125
2024-01-09,14857.7099609375
2024-01-10,14969.650390625
2024-01-11,14970.1904296875
2024-01-12,14972.759765625
2024-01-16,14944.349609375
2024-01-17,14855.6201171875
2024-01-18,15055.650390625
2024-01-19,15310.9697265625
2024-01-22,15360.2900390625
2024-01-23,15425.9404296875
2024-01-24,15481.919921875
2024-01-25,15510.5
2024-01-26,15455.3603515625
2024-01-29,15628.0400390625
2024-01-30,15509.900390625
2024-01-31,15164.009765625
2024-02-01,15361.6396484375
2024-02-02,15628.9501953125
2024-02-05,15597.6796875
2024-02-06,15609.0
2024-02-07,15756.6396484375
2024-02-08,15793.7099609375
2024-02-09,15990.66015625
2024-02-12,15942.5498046875
2024-02-13,15655.599609375
2024-02-14,15859.150390625
2024-02-15,15906.169921875
2024-02-16,15775.650390625
2024-02-20,15630.7802734375
2024-02-21,15580.8701171875
2024-02-22,16041.6201171875
2024-02-23,15996.8203125
2024-02-26,15976.25
2024-02-27,16035.2998046875
2024-02-28,15947.740234375
2024-02-29,16091.919921875
2024-03-01,16274.9404296875
2024-03-04,16207.509765625
2024-03-05,15939.58984375
2024-03-06,16031.5400390625
2024-03-07,16273.3798828125
2024-03-08,16085.1103515625
2024-03-11,16019.26953125
2024-03-12,16265.6396484375
2024-03-13,16177.76953125
2024-03-14,16128.5302734375
2024-03-15,15973.169921875
2024-03-18,16103.4501953125
2024-03-19,16166.7900390625
2024-03-20,16369.41015625
2024-03-21,16401.83984375
2024-03-22,16428.8203125
2024-03-25,16384.470703125
2024-03-26,16315.7001953125
2024-03-27,16399.51953125
2024-03-28,16379.4599609375
2024-04-01,16396.830078125
2024-04-02,16240.4501953125
2024-04-03,16277.4599609375
2024-04-04,16049.080078125
2024-04-05,16248.51953125
2024-04-08,16253.9599609375
2024-04-09,16306.6396484375
2024-04-10,16170.3603515625
2024-04-11,16442.19921875
2024-04-12,16175.08984375
2024-04-15,15885.01953125
2024-04-16,15865.25
2024-04-17,15683.3701171875
2024-04-18,15601.5
2024-04-19,15282.009765625
2024-04-22,15451.3095703125
2024-04-23,15696.6396484375
2024-04-24,15712.75
2024-04-25,15611.759765625
2024-04-26,15927.900390625
2024-04-29,15983.080078125
2024-04-30,15657.8203125
2024-05-01,15605.48046875
2024-05-02,15840.9599609375
2024-05-03,16156.330078125
2024-05-06,16349.25
2024-05-07,16332.5595703125
2024-05-08,16302.759765625
2024-05-09,16346.259765625
2024-05-10,16340.8701171875
2024-05-13,16388.240234375
2024-05-14,16511.1796875
2024-05-15,16742.390625
2024-05-16,16698.3203125
2024-05-17,16685.970703125
2024-05-20,16794.869140625
2024-05-21,16832.619140625
2024-05-22,16801.5390625
2024-05-23,16736.029296875
2024-05-24,16920.7890625
2024-05-28,17019.880859375
2024-05-29,16920.580078125
2024-05-30,16737.080078125
2024-05-31,16735.01953125
2024-06-03,16828.669921875
2024-06-04,16857.05078125
2024-06-05,17187.900390625
2024-06-06,17173.119140625
2024-06-07,17133.130859375
2024-06-10,17192.529296875
2024-06-11,17343.55078125
2024-06-12,17608.439453125
2024-06-13,17667.560546875
2024-06-14,17688.880859375
2024-06-17,17857.01953125
2024-06-18,17862.23046875
2024-06-20,17721.58984375
2024-06-21,17689.359375
2024-06-24,17496.8203125
2024-06-25,17717.650390625
2024-06-26,17805.16015625
2024-06-27,17858.6796875
2024-06-28,17732.599609375
2024-07-01,17879.30078125
2024-07-02,18028.759765625
2024-07-03,18188.30078125
2024-07-05,18352.759765625
2024-07-08,18403.740234375
2024-07-09,18429.2890625
2024-07-10,18647.44921875
2024-07-11,18283.41015625
2024-07-12,18398.44921875
2024-07-15,18472.5703125
2024-07-16,18509.33984375
2024-07-17,17996.919921875
2024-07-18,17871.220703125
2024-07-19,17726.939453125
2024-07-22,18007.5703125
2024-07-23,17997.349609375
2024-07-24,17342.41015625
2024-07-25,17181.720703125
2024-07-26,17357.880859375
2024-07-29,17370.19921875
2024-07-30,17147.419921875
2024-07-31,17599.400390625
2024-08-01,17194.150390625
2024-08-02,16776.16015625
2024-08-05,16200.080078125
2024-08-06,16366.849609375
2024-08-07,16195.8095703125
2024-08-08,16660.01953125
2024-08-09,16745.30078125
2024-08-12,16780.609375
2024-08-13,17187.609375
2024-08-14,17192.599609375
2024-08-15,17594.5
2024-08-16,17631.720703125
2024-08-19,17876.76953125
2024-08-20,17816.939453125
2024-08-21,17918.990234375
2024-08-22,17619.349609375
2024-08-23,17877.7890625
2024-08-26,17725.76953125
2024-08-27,17754.8203125
2024-08-28,17556.029296875
2024-08-29,17516.4296875
2024-08-30,17713.619140625
2024-09-03,17136.30078125
2024-09-04,17084.30078125
2024-09-05,17127.66015625
2024-09-06,16690.830078125
2024-09-09,16884.599609375
2024-09-10,17025.880859375
2024-09-11,17395.529296875
2024-09-12,17569.6796875
2024-09-13,17683.98046875
2024-09-16,17592.130859375
2024-09-17,17628.060546875
2024-09-18,17573.30078125
2024-09-19,18013.98046875
2024-09-20,17948.3203125
2024-09-23,17974.26953125
2024-09-24,18074.51953125
2024-09-25,18082.2109375
2024-09-26,18190.2890625
2024-09-27,18119.58984375
2024-09-30,18189.169921875
2024-10-01,17910.359375
2024-10-02,17925.119140625
2024-10-03,17918.48046875
2024-10-04,18137.849609375
2024-10-07,17923.900390625
2024-10-08,18182.919921875
2024-10-09,18291.619140625
2024-10-10,18282.05078125
2024-10-11,18342.939453125
2024-10-14,18502.689453125
2024-10-15,18315.58984375
2024-10-16,18367.080078125
2024-10-17,18373.609375
2024-10-18,18489.55078125
2024-10-21,18540.009765625
2024-10-22,18579.76953125
2024-10-23,18276.650390625
2024-10-24,18415.490234375
2024-10-25,18518.609375
2024-10-28,18567.189453125
2024-10-29,18712.75
2024-10-30,18607.9296875
2024-10-31,18095.150390625
2024-11-01,18239.919921875
2024-11-04,18179.98046875
2024-11-05,18439.169921875
2024-11-06,18983.470703125
2024-11-07,19269.4609375
2024-11-08,19286.779296875
2024-11-11,19298.759765625
2024-11-12,19281.400390625
2024-11-13,19230.720703125
2024-11-14,19107.650390625
2024-11-15,18680.119140625
2024-11-18,18791.810546875
2024-11-19,18987.470703125
2024-11-20,18966.140625
2024-11-21,18972.419921875
2024-11-22,19003.650390625
2024-11-25,19054.83984375
2024-11-26,19174.30078125
2024-11-27,19060.48046875
2024-11-29,19218.169921875
2024-12-02,19403.94921875
2024-12-03,19480.91015625
2024-12-04,19735.119140625
2024-12-05,19700.259765625
2024-12-06,19859.76953125
2024-12-09,19736.689453125
2024-12-10,19687.240234375
2024-12-11,20034.890625
2024-12-12,19902.83984375
2024-12-13,19926.720703125
2024-12-16,20173.890625
2024-12-17,20109.060546875
2024-12-18,19392.689453125
2024-12-19,19372.76953125
2024-12-20,19572.599609375
2024-12-23,19764.880859375
2024-12-24,20031.130859375
2024-12-26,20020.359375
2024-12-27,19722.029296875
2024-12-30,19486.7890625
2024-12-31,19310.7890625
2025-01-02,19280.7890625
2025-01-03,19621.6796875
2025-01-06,19864.98046875
2025-01-07,19489.6796875
2025-01-08,19478.880859375
2025-01-10,19161.630859375
2025-01-13,19088.099609375
2025-01-14,19044.390625
2025-01-15,19511.23046875
2025-01-16,19338.2890625
2025-01-17,19630.19921875
2025-01-21,19756.779296875
2025-01-22,20009.33984375
2025-01-23,20053.6796875
2025-01-24,19954.30078125
2025-01-27,19341.830078125
2025-01-28,19733.58984375
2025-01-29,19632.3203125
2025-01-30,19681.75
2025-01-31,19627.439453125
2025-02-03,19391.9609375
2025-02-04,19654.01953125
2025-02-05,19692.330078125
2025-02-06,19791.990234375
2025-02-07,19523.400390625
2025-02-10,19714.26953125
2025-02-11,19643.859375
2025-02-12,19649.94921875
2025-02-13,19945.640625
2025-02-14,20026.76953125
2025-02-18,20041.259765625
2025-02-19,20056.25
2025-02-20,19962.359375
2025-02-21,19524.009765625
2025-02-24,19286.9296875
2025-02-25,19026.390625
2025-02-26,19075.259765625
2025-02-27,18544.419921875
2025-02-28,18847.279296875
2025-03-03,18350.189453125
2025-03-04,18285.16015625
2025-03-05,18552.73046875
2025-03-06,18069.259765625
2025-03-07,18196.220703125
2025-03-10,17468.3203125
2025-03-11,17436.099609375
2025-03-12,17648.44921875
2025-03-13,17303.009765625
2025-03-14,17754.08984375
2025-03-17,17808.66015625
2025-03-18,17504.119140625
2025-03-19,17750.7890625
2025-03-20,17691.630859375
2025-03-21,17784.05078125
2025-03-24,18188.58984375
2025-03-25,18271.859375
2025-03-26,17899.01953125
2025-03-27,17804.029296875
2025-03-28,17322.990234375
2025-03-31,17299.2890625
2025-04-01,17449.890625
2025-04-02,17601.05078125
2025-04-03,16550.609375
2025-04-04,15587.7900390625
2025-04-07,15603.259765625
2025-04-08,15267.91015625
2025-04-09,17124.970703125
2025-04-10,16387.310546875
2025-04-11,16724.4609375
2025-04-14,16831.48046875
2025-04-15,16823.169921875
2025-04-16,16307.16015625
2025-04-17,16286.4501953125
2025-04-21,15870.900390625
2025-04-22,16300.419921875
2025-04-23,16708.05078125
2025-04-24,17166.0390625
2025-04-25,17382.939453125
2025-04-28,17366.130859375
2025-04-29,17461.3203125
2025-04-30,17446.33984375
2025-05-01,17710.740234375
2025-05-02,17977.73046875
2025-05-05,17844.240234375
2025-05-06,17689.66015625
2025-05-07,17738.16015625
2025-05-08,17928.140625
2025-05-09,17928.919921875
2025-05-12,18708.33984375
2025-05-13,19010.08984375
2025-05-14,19146.810546875
2025-05-15,19112.3203125
2025-05-16,19211.099609375
2025-05-19,19215.4609375
2025-05-20,19142.7109375
2025-05-21,18872.640625
2025-05-22,18925.740234375
2025-05-23,18737.2109375
2025-05-27,19199.16015625
2025-05-28,19100.939453125
2025-05-29,19175.869140625
2025-05-30,19113.76953125
2025-06-02,19242.609375
2025-06-03,19398.9609375
2025-06-04,19460.490234375
2025-06-05,19298.44921875
2025-06-06,19529.94921875
2025-06-09,19591.240234375
2025-06-10,19714.990234375
2025-06-11,19615.880859375
2025-06-12,19662.490234375
2025-06-13,19406.830078125
2025-06-16,19701.2109375
2025-06-17,19521.08984375
2025-06-18,19546.26953125
2025-06-20,19447.41015625
2025-06-23,19630.970703125
2025-06-24,19912.529296875
2025-06-25,19973.55078125
2025-06-26,20167.91015625
2025-06-27,20273.4609375
2025-06-30,20369.73046875
2025-07-01,20202.890625
2025-07-02,20393.130859375
2025-07-03,20601.099609375
2025-07-07,20412.51953125
2025-07-08,20418.4609375
2025-07-09,20611.33984375
2025-07-10,20630.66015625
2025-07-11,20585.529296875
2025-07-14,20640.330078125
2025-07-15,20677.80078125
2025-07-16,20730.490234375
2025-07-17,20885.650390625
2025-07-18,20895.650390625
2025-07-21,20974.1796875
2025-07-22,20892.689453125
2025-07-23,21020.01953125
2025-07-24,21057.9609375
2025-07-25,21108.3203125
2025-07-28,21178.580078125
2025-07-29,21098.2890625
2025-07-30,21129.669921875
2025-07-31,21122.44921875
2025-08-01,20650.130859375
2025-08-04,21053.580078125
2025-08-05,20916.55078125
2025-08-06,21169.419921875
2025-08-07,21242.69921875
2025-08-08,21450.01953125
2025-08-11,21385.400390625
2025-08-12,21681.900390625
2025-08-13,21713.140625
2025-08-14,21710.669921875
2025-08-15,21622.98046875
2025-08-18,21629.76953125
2025-08-19,21314.94921875
2025-08-20,21172.859375
2025-08-21,21100.310546875
2025-08-22,21496.5390625
2025-08-25,21449.2890625
2025-08-26,21544.26953125
2025-08-27,21590.140625
2025-08-28,21705.16015625
2025-08-29,21455.55078125
2025-09-02,21279.630859375
2025-09-03,21497.73046875
2025-09-04,21707.689453125
2025-09-05,21700.390625
2025-09-08,21798.69921875
2025-09-09,21879.490234375
2025-09-10,21886.060546875
2025-09-11,22043.0703125
2025-09-12,22141.099609375
2025-09-15,22348.75
2025-09-16,22333.9609375
2025-09-17,22261.330078125
2025-09-18,22470.720703125
2025-09-19,22631.48046875
2025-09-22,22788.98046875
2025-09-23,22573.470703125
2025-09-24,22497.859375
2025-09-25,22384.69921875
2025-09-26,22484.0703125
2025-09-29,22591.150390625
2025-09-30,22660.009765625
2025-10-01,22755.16015625
2025-10-02,22844.05078125
2025-10-03,22780.509765625
2025-10-06,22941.669921875
2025-10-07,22788.359375
2025-10-08,23043.380859375
2025-10-09,23024.630859375
2025-10-10,22204.4296875
2025-10-13,22694.609375
2025-10-14,22521.69921875
2025-10-15,22670.080078125
2025-10-16,22562.5390625
2025-10-17,22679.970703125
2025-10-20,22990.5390625
2025-10-21,22953.669921875
2025-10-22,22740.400390625
2025-10-23,22941.80078125
2025-10-24,23204.869140625
2025-10-27,23637.4609375
2025-10-28,23827.490234375
2025-10-29,23958.470703125
2025-10-30,23581.140625
2025-10-31,23724.9609375
2025-11-03,23834.720703125
2025-11-04,23348.640625
2025-11-05,23499.80078125
2025-11-06,23053.990234375
2025-11-07,23004.5390625
2025-11-10,23527.169921875
2025-11-11,23468.30078125
2025-11-12,23406.4609375
2025-11-13,22870.359375
2025-11-14,22900.58984375
2025-11-17,22708.0703125
2025-11-18,22432.849609375
2025-11-19,22564.23046875
2025-11-20,22078.05078125
2025-11-21,22273.080078125
2025-11-24,22872.009765625
2025-11-25,23025.58984375
2025-11-26,23214.689453125
2025-11-28,23365.689453125
2025-12-01,23275.919921875
2025-12-02,23413.669921875
2025-12-03,23454.08984375
2025-12-04,23505.140625
2025-12-05,23578.130859375
2025-12-08,23545.900390625
2025-12-09,23576.490234375
2025-12-10,23654.150390625
2025-12-11,23593.859375
2025-12-12,23195.169921875
2025-12-15,23057.41015625
2025-12-16,23111.4609375
2025-12-17,22693.3203125
2025-12-18,23006.359375
2025-12-19,23307.619140625
2025-12-22,23428.830078125
2025-12-23,23561.83984375
2025-12-24,23613.310546875
2025-12-26,23593.099609375
2025-12-29,23474.349609375
2025-12-30,23419.080078125
2025-12-31,23241.990234375
2026-01-02,23235.630859375
2026-01-05,23395.8203125
2026-01-06,23547.169921875
2026-01-07,23584.279296875
2026-01-08,23480.01953125
2026-01-09,23671.349609375
2026-01-12,23733.900390625
2026-01-13,23709.869140625
2026-01-14,23471.75
2026-01-15,23530.01953125
2026-01-16,23515.390625
2026-01-20,22954.3203125
2026-01-21,23224.8203125
2026-01-22,23436.01953125
2026-01-23,23501.240234375
2026-01-26,23601.359375
2026-01-27,23817.099609375
2026-01-28,23857.44921875
2026-01-29,23685.119140625
2026-01-30,23461.8203125
2026-02-02,23592.109375
2026-02-03,23255.189453125
2026-02-04,22904.580078125
2026-02-05,22540.58984375
2026-02-06,23031.2109375
2026-02-09,23238.669921875
2026-02-10,23102.470703125
2026-02-11,23066.470703125
2026-02-12,22597.150390625
2026-02-13,22546.669921875
