날짜,시가,고가,저가,종가,거래량,Open,High,Low,Close,Volume
2017-11-06,104194.0,104194.0,81352.0,85560.0,7374581.0,,,,,
2017-11-07,85960.0,111207.0,85860.0,111208.0,10585264.0,,,,,
2017-11-08,116818.0,124632.0,105196.0,105397.0,9130296.0,,,,,
2017-11-09,107400.0,110807.0,100387.0,102592.0,3194669.0,,,,,
2017-11-10,100988.0,101790.0,94476.0,96581.0,2556726.0,,,,,
2017-11-13,97983.0,106198.0,97983.0,102391.0,2878410.0,,,,,
2017-11-14,103593.0,107801.0,101790.0,102191.0,1846312.0,,,,,
2017-11-15,104795.0,112810.0,102191.0,108002.0,4205447.0,,,,,
2017-11-16,114013.0,122629.0,106799.0,120225.0,5058704.0,,,,,
2017-11-17,119022.0,121827.0,116217.0,121026.0,2326455.0,,,,,
2017-11-20,120425.0,124833.0,116818.0,119824.0,2010488.0,,,,,
2017-11-21,121627.0,150481.0,119623.0,137457.0,8496131.0,,,,,
2017-11-22,139260.0,143468.0,123230.0,125234.0,3790110.0,,,,,
2017-11-23,123430.0,131245.0,118020.0,129843.0,2337966.0,,,,,
2017-11-24,129842.0,132647.0,120625.0,121026.0,1226767.0,,,,,
2017-11-27,117619.0,122629.0,113812.0,116217.0,1189863.0,,,,,
2017-11-28,118020.0,119222.0,103393.0,105998.0,1295987.0,,,,,
2017-11-29,107400.0,110005.0,100988.0,106800.0,1185785.0,,,,,
2017-11-30,107801.0,111408.0,103994.0,109204.0,920954.0,,,,,
2017-12-01,111808.0,115415.0,108603.0,110406.0,929072.0,,,,,
2017-12-04,108202.0,109003.0,103994.0,105197.0,613084.0,,,,,
2017-12-05,104194.0,104194.0,95779.0,95779.0,1003019.0,,,,,
2017-12-06,94877.0,100788.0,94777.0,96681.0,860528.0,,,,,
2017-12-07,96179.0,96680.0,89467.0,90469.0,751487.0,,,,,
2017-12-08,90769.0,97482.0,90769.0,92373.0,880505.0,,,,,
2017-12-11,93775.0,97682.0,93775.0,96380.0,433839.0,,,,,
2017-12-12,99385.0,103393.0,98183.0,99787.0,779538.0,,,,,
2017-12-13,108603.0,115415.0,105397.0,108403.0,2045608.0,,,,,
2017-12-14,109404.0,111207.0,104595.0,110006.0,680683.0,,,,,
2017-12-15,108602.0,111007.0,107200.0,107802.0,397862.0,,,,,
2017-12-18,108202.0,109604.0,102191.0,102191.0,507205.0,,,,,
2017-12-19,102792.0,104595.0,95979.0,100989.0,678770.0,,,,,
2017-12-20,81752.0,97281.0,81251.0,87463.0,1966167.0,,,,,
2017-12-21,89467.0,92472.0,87162.0,87163.0,537760.0,,,,,
2017-12-22,88866.0,90669.0,87363.0,89167.0,407608.0,,,,,
2017-12-26,88565.0,93775.0,88565.0,90669.0,479286.0,,,,,
2017-12-27,93374.0,99185.0,92372.0,99185.0,661158.0,,,,,
2017-12-28,102391.0,106799.0,100588.0,103794.0,792503.0,,,,,
2018-01-02,106799.0,110005.0,105797.0,108803.0,538036.0,,,,,
2018-01-03,109404.0,110005.0,104996.0,107802.0,578965.0,,,,,
2018-01-04,109805.0,112810.0,103794.0,106399.0,572789.0,,,,,
2018-01-05,106198.0,109204.0,105397.0,108202.0,326940.0,,,,,
2018-01-08,110406.0,113211.0,106198.0,112610.0,744619.0,,,,,
2018-01-09,114413.0,117219.0,108202.0,110807.0,746543.0,,,,,
2018-01-10,111207.0,112810.0,105597.0,107200.0,419388.0,,,,,
2018-01-11,107400.0,108602.0,104795.0,106199.0,275404.0,,,,,
2018-01-12,107200.0,111207.0,105196.0,107601.0,716430.0,,,,,
2018-01-15,109204.0,112810.0,107601.0,112610.0,786861.0,,,,,
2018-01-16,114614.0,118822.0,111608.0,116017.0,1192567.0,,,,,
2018-01-17,114814.0,116217.0,111207.0,112210.0,473084.0,,,,,
2018-01-18,113011.0,115215.0,111808.0,113412.0,360748.0,,,,,
2018-01-19,114213.0,115816.0,108803.0,109004.0,456572.0,,,,,
2018-01-22,108602.0,110206.0,105196.0,107000.0,188469.0,,,,,
2018-01-23,108602.0,110205.0,107801.0,109805.0,246476.0,,,,,
2018-01-24,111808.0,120024.0,111207.0,118021.0,1882538.0,,,,,
2018-01-25,117018.0,122228.0,114614.0,121627.0,795813.0,,,,,
2018-01-26,120825.0,122829.0,118421.0,118622.0,548627.0,,,,,
2018-01-29,120224.0,123029.0,118220.0,120625.0,533971.0,,,,,
2018-01-30,120625.0,122428.0,117219.0,119223.0,478698.0,,,,,
2018-01-31,115014.0,116617.0,111608.0,113212.0,719989.0,,,,,
2018-02-01,112810.0,114013.0,108402.0,109605.0,396760.0,,,,,
2018-02-02,106799.0,108603.0,103994.0,104395.0,481992.0,,,,,
2018-02-05,100387.0,102992.0,99886.0,99987.0,258542.0,,,,,
2018-02-06,92673.0,99285.0,91771.0,98484.0,589485.0,,,,,
2018-02-07,100588.0,102792.0,94676.0,94677.0,368261.0,,,,,
2018-02-08,94676.0,99085.0,93775.0,98584.0,221023.0,,,,,
2018-02-09,94075.0,96480.0,94075.0,94477.0,198852.0,,,,,
2018-02-12,96279.0,98584.0,95177.0,95178.0,144971.0,,,,,
2018-02-13,95678.0,96981.0,92873.0,92874.0,145194.0,,,,,
2018-02-14,92873.0,95077.0,91771.0,94276.0,109037.0,,,,,
2018-02-19,94476.0,97983.0,94476.0,97382.0,167869.0,,,,,
2018-02-20,97181.0,102591.0,95879.0,98384.0,286041.0,,,,,
2018-02-21,99185.0,101589.0,98684.0,99686.0,128835.0,,,,,
2018-02-22,99085.0,100788.0,97482.0,97983.0,112315.0,,,,,
2018-02-23,99686.0,99986.0,97782.0,98184.0,106297.0,,,,,
2018-02-26,98383.0,99686.0,95979.0,96380.0,107438.0,,,,,
2018-02-27,97882.0,99085.0,96580.0,96581.0,126442.0,,,,,
2018-02-28,94376.0,96279.0,94176.0,94276.0,137317.0,,,,,
2018-03-02,94075.0,95879.0,92873.0,94777.0,101261.0,,,,,
2018-03-05,94877.0,97181.0,94676.0,94677.0,94995.0,,,,,
2018-03-06,95979.0,96480.0,94777.0,95879.0,87850.0,,,,,
2018-03-07,95879.0,96079.0,92773.0,92874.0,150799.0,,,,,
2018-03-08,93775.0,94476.0,92673.0,92974.0,80872.0,,,,,
2018-03-09,92973.0,94977.0,92973.0,93475.0,102591.0,,,,,
2018-03-12,94977.0,97281.0,93574.0,97282.0,161249.0,,,,,
2018-03-13,97081.0,99786.0,95779.0,98284.0,191503.0,,,,,
2018-03-14,97782.0,100988.0,97181.0,98985.0,174220.0,,,,,
2018-03-15,98684.0,100387.0,97782.0,99486.0,138924.0,,,,,
2018-03-16,99686.0,100788.0,97582.0,97883.0,162408.0,,,,,
2018-03-19,98985.0,103393.0,97983.0,99486.0,381126.0,,,,,
2018-03-20,98784.0,100988.0,98784.0,99887.0,146500.0,,,,,
2018-03-21,99786.0,105597.0,99786.0,104796.0,680264.0,,,,,
2018-03-22,105797.0,107801.0,95378.0,98785.0,538076.0,,,,,
2018-03-23,95177.0,98083.0,92673.0,94076.0,356835.0,,,,,
2018-03-26,92973.0,97181.0,92172.0,95979.0,193758.0,,,,,
2018-03-27,97983.0,98383.0,95879.0,95979.0,114947.0,,,,,
2018-03-28,94476.0,96380.0,94075.0,94677.0,116387.0,,,,,
2018-03-29,95979.0,97281.0,95177.0,96080.0,81998.0,,,,,
2018-03-30,97081.0,98083.0,96580.0,96981.0,88170.0,,,,,
2018-04-02,97382.0,97382.0,93474.0,94577.0,146340.0,,,,,
2018-04-03,92973.0,96680.0,92773.0,95278.0,143388.0,,,,,
2018-04-04,95478.0,95879.0,93875.0,93875.0,129379.0,,,,,
2018-04-05,94376.0,95779.0,93574.0,94176.0,109817.0,,,,,
2018-04-06,94075.0,94977.0,93274.0,93375.0,79588.0,,,,,
2018-04-09,92973.0,93174.0,91270.0,92072.0,155523.0,,,,,
2018-04-10,92272.0,92472.0,90268.0,90970.0,177426.0,,,,,
2018-04-11,92072.0,98985.0,91270.0,98384.0,412663.0,,,,,
2018-04-12,99285.0,99285.0,94777.0,97582.0,239264.0,,,,,
2018-04-13,98383.0,98584.0,95278.0,97482.0,162694.0,,,,,
2018-04-16,97983.0,98083.0,96279.0,96280.0,92096.0,,,,,
2018-04-17,96780.0,96780.0,94476.0,94777.0,94117.0,,,,,
2018-04-18,95779.0,97281.0,93374.0,93575.0,187451.0,,,,,
2018-04-19,92773.0,93073.0,90970.0,90970.0,166347.0,,,,,
2018-04-20,91971.0,92172.0,89968.0,90669.0,94887.0,,,,,
2018-04-23,90669.0,90869.0,86161.0,86662.0,166351.0,,,,,
2018-04-24,86060.0,88164.0,85359.0,85660.0,109103.0,,,,,
2018-04-25,84858.0,86862.0,83856.0,84157.0,90273.0,,,,,
2018-04-26,85259.0,86862.0,85159.0,86261.0,63505.0,,,,,
2018-04-27,87263.0,87263.0,85559.0,86061.0,58948.0,,,,,
2018-04-30,85860.0,85960.0,81151.0,82454.0,154085.0,,,,,
2018-05-02,80149.0,81552.0,76142.0,80050.0,184678.0,,,,,
2018-05-03,79749.0,83455.0,79448.0,81452.0,122233.0,,,,,
2018-05-04,82554.0,82955.0,77645.0,77846.0,154789.0,,,,,
2018-05-08,77645.0,78045.0,71132.0,71133.0,294195.0,,,,,
2018-05-09,70932.0,73938.0,68327.0,73337.0,212771.0,,,,,
2018-05-10,73236.0,73236.0,71333.0,72435.0,69429.0,,,,,
2018-05-11,72735.0,76242.0,72435.0,74239.0,105877.0,,,,,
2018-05-14,75441.0,75641.0,73337.0,73938.0,80413.0,,,,,
2018-05-15,74338.0,75841.0,73938.0,73938.0,56919.0,,,,,
2018-05-16,74138.0,74539.0,71233.0,71434.0,123741.0,,,,,
2018-05-17,71734.0,72034.0,70231.0,70432.0,74073.0,,,,,
2018-05-18,69630.0,71533.0,69630.0,70432.0,77768.0,,,,,
2018-05-21,70431.0,71032.0,70131.0,70632.0,56644.0,,,,,
2018-05-23,71433.0,74839.0,71233.0,72636.0,161653.0,,,,,
2018-05-24,73637.0,74839.0,72635.0,73337.0,80610.0,,,,,
2018-05-25,72134.0,74038.0,71633.0,72135.0,79034.0,,,,,
2018-05-28,72335.0,72635.0,68828.0,69129.0,166090.0,,,,,
2018-05-29,69229.0,70531.0,67125.0,67125.0,140184.0,,,,,
2018-05-30,67325.0,68327.0,63719.0,64621.0,211632.0,,,,,
2018-05-31,65522.0,66624.0,65121.0,65322.0,88899.0,,,,,
2018-06-01,65422.0,81752.0,64720.0,77345.0,1087800.0,,,,,
2018-06-04,77544.0,80650.0,72535.0,72936.0,410990.0,,,,,
2018-06-05,73136.0,74739.0,70030.0,72836.0,237940.0,,,,,
2018-06-07,76142.0,79448.0,75441.0,77545.0,480570.0,,,,,
2018-06-08,79448.0,89667.0,79348.0,80551.0,1245372.0,,,,,
2018-06-11,81652.0,84157.0,78346.0,78647.0,213607.0,,,,,
2018-06-12,78146.0,81652.0,75441.0,76743.0,203079.0,,,,,
2018-06-14,75340.0,78847.0,74539.0,76844.0,115714.0,,,,,
2018-06-15,75741.0,79648.0,75741.0,78146.0,155033.0,,,,,
2018-06-18,78045.0,78546.0,72936.0,75341.0,167350.0,,,,,
2018-06-19,76142.0,76242.0,69930.0,70131.0,170193.0,,,,,
2018-06-20,69730.0,71834.0,69529.0,70933.0,91951.0,,,,,
2018-06-21,74639.0,82053.0,72936.0,73137.0,421186.0,,,,,
2018-06-22,73737.0,75441.0,71834.0,73838.0,100104.0,,,,,
2018-06-25,73838.0,75641.0,73838.0,74640.0,87140.0,,,,,
2018-06-26,72635.0,75340.0,72635.0,75140.0,59849.0,,,,,
2018-06-27,75941.0,78947.0,74940.0,76443.0,140598.0,,,,,
2018-06-28,76442.0,77144.0,74839.0,74840.0,58838.0,,,,,
2018-06-29,75340.0,78747.0,73437.0,76944.0,100447.0,,,,,
2018-07-02,77244.0,78546.0,74138.0,74139.0,113658.0,,,,,
2018-07-03,74739.0,75741.0,71934.0,72335.0,92416.0,,,,,
2018-07-04,72535.0,75040.0,72034.0,75040.0,84274.0,,,,,
2018-07-05,75040.0,78947.0,74539.0,77946.0,235828.0,,,,,
2018-07-06,81752.0,85359.0,76543.0,77345.0,504789.0,,,,,
2018-07-09,79548.0,81552.0,78146.0,79248.0,215080.0,,,,,
2018-07-10,80149.0,86161.0,79047.0,83155.0,549228.0,,,,,
2018-07-11,84758.0,86962.0,83756.0,86061.0,448354.0,,,,,
2018-07-12,87263.0,88164.0,84457.0,85460.0,291346.0,,,,,
2018-07-13,85860.0,89567.0,85159.0,85360.0,257775.0,,,,,
2018-07-16,85860.0,85960.0,81352.0,82053.0,188906.0,,,,,
2018-07-17,82554.0,83155.0,81352.0,81452.0,83795.0,,,,,
2018-07-18,86161.0,88365.0,82654.0,83656.0,476972.0,,,,,
2018-07-19,84558.0,85359.0,82654.0,83656.0,144435.0,,,,,
2018-07-20,84057.0,85058.0,83155.0,83456.0,79201.0,,,,,
2018-07-23,83255.0,83455.0,77945.0,77946.0,162645.0,,,,,
2018-07-24,77144.0,79448.0,76843.0,77244.0,97759.0,,,,,
2018-07-25,77344.0,78346.0,71934.0,72836.0,215230.0,,,,,
2018-07-26,73537.0,74439.0,71934.0,72836.0,118142.0,,,,,
2018-07-27,72836.0,74138.0,72735.0,72936.0,69878.0,,,,,
2018-07-30,71934.0,72535.0,69830.0,70432.0,133832.0,,,,,
2018-07-31,70431.0,72936.0,70030.0,72936.0,86295.0,,,,,
2018-08-01,74138.0,76342.0,73537.0,76142.0,147459.0,,,,,
2018-08-02,76342.0,76543.0,74138.0,75040.0,75674.0,,,,,
2018-08-03,75741.0,76142.0,74439.0,75140.0,32982.0,,,,,
2018-08-06,74338.0,75741.0,74138.0,74840.0,55928.0,,,,,
2018-08-07,75340.0,75340.0,73737.0,75140.0,41725.0,,,,,
2018-08-08,75340.0,76342.0,74739.0,74940.0,48345.0,,,,,
2018-08-09,75240.0,76543.0,73838.0,76142.0,84721.0,,,,,
2018-08-10,75741.0,76843.0,74839.0,75140.0,82863.0,,,,,
2018-08-13,74739.0,74739.0,70632.0,70832.0,114863.0,,,,,
2018-08-14,70832.0,71834.0,70331.0,71133.0,46793.0,,,,,
2018-08-16,70131.0,70231.0,67726.0,69530.0,83496.0,,,,,
2018-08-17,69529.0,73437.0,69529.0,73437.0,89418.0,,,,,
2018-08-20,73537.0,74839.0,73136.0,73537.0,62313.0,,,,,
2018-08-21,73838.0,76543.0,73537.0,76443.0,108423.0,,,,,
2018-08-22,76543.0,76543.0,75340.0,75541.0,41910.0,,,,,
2018-08-23,75741.0,76543.0,74639.0,75541.0,44005.0,,,,,
2018-08-24,75541.0,77144.0,74739.0,76743.0,87501.0,,,,,
2018-08-27,77444.0,78747.0,76943.0,77946.0,79901.0,,,,,
2018-08-28,78647.0,78647.0,76843.0,76944.0,52366.0,,,,,
2018-08-29,76943.0,77344.0,75741.0,76343.0,52620.0,,,,,
2018-08-30,76342.0,77645.0,76342.0,76944.0,41776.0,,,,,
2018-08-31,76442.0,83155.0,76442.0,82855.0,374339.0,,,,,
2018-09-03,82854.0,86361.0,82854.0,85760.0,313981.0,,,,,
2018-09-04,86762.0,93374.0,85860.0,92072.0,613060.0,,,,,
2018-09-05,93174.0,96780.0,89467.0,90870.0,697939.0,,,,,
2018-09-06,91470.0,94176.0,88866.0,94176.0,320816.0,,,,,
2018-09-07,92172.0,97582.0,90368.0,91070.0,458947.0,,,,,
2018-09-10,89767.0,89867.0,85459.0,88065.0,475735.0,,,,,
2018-09-11,87363.0,89567.0,86161.0,87263.0,193110.0,,,,,
2018-09-12,88164.0,93274.0,87463.0,91872.0,344869.0,,,,,
2018-09-13,92773.0,95378.0,90368.0,91571.0,283062.0,,,,,
2018-09-14,92472.0,93174.0,89567.0,92172.0,177867.0,,,,,
2018-09-17,92973.0,95578.0,91571.0,93074.0,247629.0,,,,,
2018-09-18,93073.0,99786.0,92973.0,99486.0,541916.0,,,,,
2018-09-19,100187.0,100187.0,96881.0,98284.0,288186.0,,,,,
2018-09-20,98283.0,104194.0,93474.0,95278.0,688687.0,,,,,
2018-09-21,96079.0,98985.0,94877.0,98184.0,202450.0,,,,,
2018-09-27,98985.0,102191.0,98884.0,99987.0,200735.0,,,,,
2018-09-28,99986.0,101189.0,96079.0,97983.0,203889.0,,,,,
2018-10-01,98183.0,98484.0,93775.0,94978.0,177211.0,,,,,
2018-10-02,94176.0,95378.0,87764.0,89567.0,264215.0,,,,,
2018-10-04,89968.0,92472.0,86762.0,91671.0,192864.0,,,,,
2018-10-05,90469.0,91771.0,87563.0,88165.0,138703.0,,,,,
2018-10-08,86962.0,90869.0,86261.0,87864.0,101060.0,,,,,
2018-10-10,87964.0,89066.0,84357.0,85760.0,125309.0,,,,,
2018-10-11,81151.0,83455.0,79348.0,80150.0,215439.0,,,,,
2018-10-12,80149.0,85760.0,79548.0,85760.0,169213.0,,,,,
2018-10-15,85960.0,87764.0,83656.0,83656.0,107633.0,,,,,
2018-10-16,84758.0,88565.0,84758.0,87363.0,122558.0,,,,,
2018-10-17,89567.0,89767.0,87263.0,87964.0,99537.0,,,,,
2018-10-18,88665.0,88966.0,85559.0,85660.0,77463.0,,,,,
2018-10-19,84257.0,87864.0,82153.0,87764.0,94368.0,,,,,
2018-10-22,87764.0,91771.0,86261.0,91571.0,128472.0,,,,,
2018-10-23,90769.0,91070.0,86561.0,88265.0,130202.0,,,,,
2018-10-24,89467.0,89968.0,83656.0,84257.0,116322.0,,,,,
2018-10-25,80951.0,82955.0,78446.0,80551.0,202829.0,,,,,
2018-10-26,82153.0,82253.0,74940.0,75140.0,198725.0,,,,,
2018-10-29,73136.0,76342.0,68027.0,68027.0,267554.0,,,,,
2018-10-30,66724.0,69930.0,64720.0,69530.0,315457.0,,,,,
2018-10-31,70131.0,70431.0,67926.0,68127.0,145340.0,,,,,
2018-11-01,69730.0,74739.0,68928.0,74038.0,250168.0,,,,,
2018-11-02,75541.0,81552.0,75140.0,80551.0,257858.0,,,,,
2018-11-05,80650.0,85559.0,80550.0,84959.0,250946.0,,,,,
2018-11-06,86361.0,86862.0,78246.0,81653.0,320331.0,,,,,
2018-11-07,82754.0,83656.0,79147.0,80951.0,153821.0,,,,,
2018-11-08,82955.0,83756.0,81251.0,81352.0,108971.0,,,,,
2018-11-09,81552.0,81953.0,76743.0,77745.0,173022.0,,,,,
2018-11-12,74138.0,75040.0,71132.0,71333.0,216924.0,,,,,
2018-11-13,70331.0,74739.0,69930.0,74740.0,212088.0,,,,,
2018-11-14,74138.0,78546.0,73136.0,75140.0,167310.0,,,,,
2018-11-15,75741.0,77044.0,74138.0,76042.0,87348.0,,,,,
2018-11-16,76142.0,80851.0,75941.0,79649.0,175296.0,,,,,
2018-11-19,80650.0,99085.0,80550.0,94176.0,2801168.0,,,,,
2018-11-20,92172.0,95378.0,88164.0,88165.0,728812.0,,,,,
2018-11-21,86361.0,93574.0,84357.0,88165.0,937200.0,,,,,
2018-11-22,88966.0,91370.0,86261.0,86261.0,330598.0,,,,,
2018-11-23,85660.0,87563.0,83055.0,83957.0,236081.0,,,,,
2018-11-26,83556.0,87864.0,83556.0,85259.0,186404.0,,,,,
2018-11-27,86762.0,89066.0,86161.0,87964.0,226833.0,,,,,
2018-11-28,88164.0,88565.0,83756.0,84157.0,217444.0,,,,,
2018-11-29,85860.0,87162.0,82654.0,82755.0,208420.0,,,,,
2018-11-30,83155.0,84758.0,82353.0,83957.0,136515.0,,,,,
2018-12-03,85058.0,85559.0,84357.0,85159.0,107209.0,,,,,
2018-12-04,84758.0,85860.0,83756.0,84057.0,112056.0,,,,,
2018-12-05,81452.0,82654.0,80650.0,82254.0,145920.0,,,,,
2018-12-06,82253.0,84057.0,78747.0,80250.0,162966.0,,,,,
2018-12-07,81853.0,81953.0,80049.0,80350.0,91140.0,,,,,
2018-12-10,78546.0,79648.0,76643.0,76944.0,158215.0,,,,,
2018-12-11,78146.0,79047.0,75741.0,75842.0,100359.0,,,,,
2018-12-12,75741.0,77645.0,75741.0,77645.0,74607.0,,,,,
2018-12-13,77945.0,78346.0,76543.0,77445.0,72515.0,,,,,
2018-12-14,76743.0,77144.0,73537.0,74840.0,129614.0,,,,,
2018-12-17,74439.0,77444.0,72134.0,77244.0,124250.0,,,,,
2018-12-18,75941.0,79648.0,75340.0,77144.0,118881.0,,,,,
2018-12-19,77745.0,79147.0,77244.0,79048.0,106174.0,,,,,
2018-12-20,78146.0,79548.0,76943.0,77044.0,112391.0,,,,,
2018-12-21,76843.0,79147.0,76342.0,79048.0,115425.0,,,,,
2018-12-24,79047.0,83556.0,77945.0,82654.0,260407.0,,,,,
2018-12-26,80550.0,82153.0,79548.0,82154.0,193377.0,,,,,
2018-12-27,84958.0,85058.0,81652.0,82053.0,186351.0,,,,,
2018-12-28,83355.0,86762.0,82353.0,86462.0,278905.0,,,,,
2019-01-02,87864.0,89467.0,86361.0,86963.0,296307.0,,,,,
2019-01-03,87463.0,87764.0,82654.0,83055.0,264748.0,,,,,
2019-01-04,82454.0,86962.0,81051.0,86261.0,186609.0,,,,,
2019-01-07,88264.0,88565.0,83856.0,83857.0,209789.0,,,,,
2019-01-08,84057.0,85058.0,82153.0,82154.0,127290.0,,,,,
2019-01-09,82754.0,83355.0,79648.0,82053.0,145384.0,,,,,
2019-01-10,81852.0,82754.0,80750.0,81953.0,73249.0,,,,,
2019-01-11,82353.0,82454.0,80450.0,80951.0,87156.0,,,,,
2019-01-14,79949.0,80750.0,77645.0,77745.0,199578.0,,,,,
2019-01-15,78546.0,79147.0,77645.0,78146.0,96917.0,,,,,
2019-01-16,78647.0,78647.0,76242.0,76343.0,135875.0,,,,,
2019-01-17,76342.0,78747.0,75841.0,76343.0,146842.0,,,,,
2019-01-18,77344.0,78346.0,76743.0,78146.0,88528.0,,,,,
2019-01-21,78647.0,78647.0,75441.0,76543.0,89068.0,,,,,
2019-01-22,76643.0,77845.0,76643.0,77244.0,60971.0,,,,,
2019-01-23,76943.0,77845.0,76342.0,76944.0,54658.0,,,,,
2019-01-24,76943.0,77945.0,76142.0,77946.0,79260.0,,,,,
2019-01-25,77745.0,78747.0,77444.0,78246.0,74961.0,,,,,
2019-01-28,78346.0,79749.0,78346.0,78948.0,92980.0,,,,,
2019-01-29,78747.0,79648.0,77544.0,77846.0,59214.0,,,,,
2019-01-30,78146.0,78446.0,77544.0,77645.0,48436.0,,,,,
2019-01-31,78346.0,79147.0,78146.0,78547.0,90455.0,,,,,
2019-02-01,79047.0,79147.0,77745.0,77846.0,47492.0,,,,,
2019-02-07,78146.0,78947.0,76543.0,78447.0,82296.0,,,,,
2019-02-08,78446.0,80249.0,77745.0,78747.0,88371.0,,,,,
2019-02-11,79448.0,80550.0,78847.0,80551.0,100504.0,,,,,
2019-02-12,81151.0,81151.0,78947.0,80651.0,81874.0,,,,,
2019-02-13,80049.0,80149.0,76442.0,78346.0,165739.0,,,,,
2019-02-14,78546.0,79348.0,77945.0,78146.0,65134.0,,,,,
2019-02-15,78146.0,79348.0,77745.0,78346.0,69202.0,,,,,
2019-02-18,78647.0,79147.0,78346.0,78447.0,63491.0,,,,,
2019-02-19,78947.0,80750.0,78146.0,80450.0,137695.0,,,,,
2019-02-20,80750.0,81151.0,79749.0,79849.0,73333.0,,,,,
2019-02-21,80149.0,80250.0,78847.0,79248.0,59505.0,,,,,
2019-02-22,79248.0,79548.0,78146.0,78346.0,60585.0,,,,,
2019-02-25,78546.0,80049.0,78146.0,79749.0,76465.0,,,,,
2019-02-26,80149.0,82454.0,79949.0,81653.0,203055.0,,,,,
2019-02-27,82053.0,83956.0,81452.0,83155.0,199715.0,,,,,
2019-02-28,83856.0,85159.0,79147.0,80751.0,231646.0,,,,,
2019-03-04,82754.0,83856.0,82253.0,83155.0,151134.0,,,,,
2019-03-05,83556.0,85860.0,83155.0,83957.0,213548.0,,,,,
2019-03-06,83956.0,84057.0,81251.0,81352.0,103745.0,,,,,
2019-03-07,80750.0,82854.0,79448.0,79949.0,101071.0,,,,,
2019-03-08,79248.0,80350.0,78045.0,78547.0,116293.0,,,,,
2019-03-11,78346.0,78647.0,76643.0,78046.0,75165.0,,,,,
2019-03-12,78847.0,79348.0,78045.0,79048.0,115856.0,,,,,
2019-03-13,79348.0,80550.0,77845.0,78246.0,135869.0,,,,,
2019-03-14,79047.0,79147.0,78246.0,78547.0,73203.0,,,,,
2019-03-15,78346.0,78847.0,76943.0,77445.0,97382.0,,,,,
2019-03-18,77544.0,78246.0,76042.0,76343.0,130555.0,,,,,
2019-03-19,76242.0,77144.0,75340.0,75341.0,96587.0,,,,,
2019-03-20,75941.0,76042.0,73637.0,74339.0,106095.0,,,,,
2019-03-21,73737.0,74739.0,73737.0,73938.0,78960.0,,,,,
2019-03-22,74338.0,75441.0,74138.0,74539.0,52865.0,,,,,
2019-03-25,73938.0,73938.0,72235.0,72235.0,79510.0,,,,,
2019-03-26,72836.0,73036.0,71934.0,71934.0,65308.0,,,,,
2019-03-27,71934.0,72435.0,70331.0,70832.0,67926.0,,,,,
2019-03-28,70131.0,71132.0,70030.0,70131.0,60471.0,,,,,
2019-03-29,69730.0,70531.0,68127.0,69029.0,127074.0,,,,,
2019-04-01,48390.0,48390.0,48390.0,48390.0,126291.0,,,,,
2019-04-02,41677.0,42479.0,38271.0,39474.0,3751791.0,,,,,
2019-04-03,39573.0,42779.0,39573.0,41177.0,2273510.0,,,,,
2019-04-04,40175.0,40876.0,39273.0,39774.0,1003236.0,,,,,
2019-04-05,39373.0,39473.0,36468.0,37570.0,1268197.0,,,,,
2019-04-08,37169.0,38972.0,36367.0,37670.0,834937.0,,,,,
2019-04-09,36367.0,36868.0,34264.0,34965.0,1419438.0,,,,,
2019-04-10,34364.0,36868.0,33061.0,35066.0,1920901.0,,,,,
2019-04-11,36267.0,41878.0,35366.0,38472.0,4025371.0,,,,,
2019-04-12,38471.0,40175.0,37169.0,38672.0,1805087.0,,,,,
2019-04-15,37570.0,48490.0,34564.0,39574.0,8920916.0,,,,,
2019-04-16,36267.0,38872.0,34764.0,36268.0,1954652.0,,,,,
2019-04-17,35265.0,36067.0,33662.0,34064.0,1586060.0,,,,,
2019-04-18,34063.0,35967.0,34063.0,34364.0,676323.0,,,,,
2019-04-19,34664.0,35366.0,34063.0,34665.0,450795.0,,,,,
2019-04-22,34464.0,34965.0,33763.0,33763.0,371367.0,,,,,
2019-04-23,34163.0,35766.0,33562.0,34464.0,569377.0,,,,,
2019-04-24,34464.0,34464.0,33161.0,33563.0,413517.0,,,,,
2019-04-25,33662.0,34264.0,33161.0,33262.0,235581.0,,,,,
2019-04-26,33362.0,34264.0,32961.0,33362.0,261265.0,,,,,
2019-04-29,33262.0,33462.0,31058.0,33362.0,304822.0,,,,,
2019-04-30,33462.0,33462.0,32160.0,32561.0,174939.0,,,,,
2019-05-02,32059.0,33562.0,31558.0,32761.0,292370.0,,,,,
2019-05-03,33061.0,33061.0,31859.0,32360.0,183243.0,,,,,
2019-05-07,22842.0,23844.0,22742.0,22743.0,1233825.0,,,,,
2019-05-08,21440.0,24846.0,21039.0,21841.0,2404579.0,,,,,
2019-05-09,21941.0,24646.0,21640.0,22542.0,1598249.0,,,,,
2019-05-10,22441.0,24145.0,22341.0,23243.0,762216.0,,,,,
2019-05-13,23043.0,23844.0,21840.0,21841.0,353490.0,,,,,
2019-05-14,21440.0,22842.0,21339.0,22141.0,393919.0,,,,,
2019-05-15,18835.0,20838.0,18815.0,20438.0,1298206.0,,,,,
2019-05-16,20838.0,20939.0,19817.0,20037.0,398585.0,,,,,
2019-05-17,20037.0,24044.0,19997.0,21841.0,1698472.0,,,,,
2019-05-20,21339.0,21740.0,20338.0,20839.0,459090.0,,,,,
2019-05-21,20137.0,22441.0,19877.0,20438.0,1148639.0,,,,,
2019-05-22,20638.0,21239.0,19917.0,20138.0,424223.0,,,,,
2019-05-23,20137.0,20237.0,18073.0,18154.0,588717.0,,,,,
2019-05-24,18033.0,21339.0,17993.0,18555.0,1400633.0,,,,,
2019-05-27,18434.0,20237.0,18073.0,19116.0,1187188.0,,,,,
2019-05-28,18835.0,21339.0,16049.0,16050.0,1924878.0,,,,,
2019-05-29,0.0,0.0,0.0,16050.0,0.0,,,,,
2019-05-30,0.0,0.0,0.0,16050.0,0.0,,,,,
2019-05-31,0.0,0.0,0.0,16050.0,0.0,,,,,
2019-06-03,0.0,0.0,0.0,16050.0,0.0,,,,,
2019-06-04,0.0,0.0,0.0,16050.0,0.0,,,,,
2019-06-05,0.0,0.0,0.0,16050.0,0.0,,,,,
2019-06-07,0.0,0.0,0.0,16050.0,0.0,,,,,
2019-06-10,0.0,0.0,0.0,16050.0,0.0,,,,,
2019-06-11,0.0,0.0,0.0,16050.0,0.0,,,,,
2019-06-12,0.0,0.0,0.0,16050.0,0.0,,,,,
2019-06-13,0.0,0.0,0.0,16050.0,0.0,,,,,
2019-06-14,0.0,0.0,0.0,16050.0,0.0,,,,,
2019-06-17,0.0,0.0,0.0,16050.0,0.0,,,,,
2019-06-18,0.0,0.0,0.0,16050.0,0.0,,,,,
2019-06-19,0.0,0.0,0.0,16050.0,0.0,,,,,
2019-06-20,0.0,0.0,0.0,16050.0,0.0,,,,,
2019-06-21,0.0,0.0,0.0,16050.0,0.0,,,,,
2019-06-24,0.0,0.0,0.0,16050.0,0.0,,,,,
2019-06-25,0.0,0.0,0.0,16050.0,0.0,,,,,
2019-06-26,0.0,0.0,0.0,16050.0,0.0,,,,,
2019-06-27,0.0,0.0,0.0,16050.0,0.0,,,,,
2019-06-28,0.0,0.0,0.0,16050.0,0.0,,,,,
2019-07-01,0.0,0.0,0.0,16050.0,0.0,,,,,
2019-07-02,0.0,0.0,0.0,16050.0,0.0,,,,,
2019-07-03,0.0,0.0,0.0,16050.0,0.0,,,,,
2019-07-04,0.0,0.0,0.0,16050.0,0.0,,,,,
2019-07-05,0.0,0.0,0.0,16050.0,0.0,,,,,
2019-07-08,0.0,0.0,0.0,16050.0,0.0,,,,,
2019-07-09,0.0,0.0,0.0,16050.0,0.0,,,,,
2019-07-10,0.0,0.0,0.0,16050.0,0.0,,,,,
2019-07-11,0.0,0.0,0.0,16050.0,0.0,,,,,
2019-07-12,0.0,0.0,0.0,16050.0,0.0,,,,,
2019-07-15,0.0,0.0,0.0,16050.0,0.0,,,,,
2019-07-16,0.0,0.0,0.0,16050.0,0.0,,,,,
2019-07-17,0.0,0.0,0.0,16050.0,0.0,,,,,
2019-07-18,0.0,0.0,0.0,16050.0,0.0,,,,,
2019-07-19,0.0,0.0,0.0,16050.0,0.0,,,,,
2019-07-22,0.0,0.0,0.0,16050.0,0.0,,,,,
2019-07-23,0.0,0.0,0.0,16050.0,0.0,,,,,
2019-07-24,0.0,0.0,0.0,16050.0,0.0,,,,,
2019-07-25,0.0,0.0,0.0,16050.0,0.0,,,,,
2019-07-26,0.0,0.0,0.0,16050.0,0.0,,,,,
2019-07-29,0.0,0.0,0.0,16050.0,0.0,,,,,
2019-07-30,0.0,0.0,0.0,16050.0,0.0,,,,,
2019-07-31,0.0,0.0,0.0,16050.0,0.0,,,,,
2019-08-01,0.0,0.0,0.0,16050.0,0.0,,,,,
2019-08-02,0.0,0.0,0.0,16050.0,0.0,,,,,
2019-08-05,0.0,0.0,0.0,16050.0,0.0,,,,,
2019-08-06,0.0,0.0,0.0,16050.0,0.0,,,,,
2019-08-07,0.0,0.0,0.0,16050.0,0.0,,,,,
2019-08-08,0.0,0.0,0.0,16050.0,0.0,,,,,
2019-08-09,0.0,0.0,0.0,16050.0,0.0,,,,,
2019-08-12,0.0,0.0,0.0,16050.0,0.0,,,,,
2019-08-13,0.0,0.0,0.0,16050.0,0.0,,,,,
2019-08-14,0.0,0.0,0.0,16050.0,0.0,,,,,
2019-08-16,0.0,0.0,0.0,16050.0,0.0,,,,,
2019-08-19,0.0,0.0,0.0,16050.0,0.0,,,,,
2019-08-20,0.0,0.0,0.0,16050.0,0.0,,,,,
2019-08-21,0.0,0.0,0.0,16050.0,0.0,,,,,
2019-08-22,0.0,0.0,0.0,16050.0,0.0,,,,,
2019-08-23,0.0,0.0,0.0,16050.0,0.0,,,,,
2019-08-26,0.0,0.0,0.0,16050.0,0.0,,,,,
2019-08-27,0.0,0.0,0.0,16050.0,0.0,,,,,
2019-08-28,0.0,0.0,0.0,16050.0,0.0,,,,,
2019-08-29,0.0,0.0,0.0,16050.0,0.0,,,,,
2019-08-30,0.0,0.0,0.0,16050.0,0.0,,,,,
2019-09-02,0.0,0.0,0.0,16050.0,0.0,,,,,
2019-09-03,0.0,0.0,0.0,16050.0,0.0,,,,,
2019-09-04,0.0,0.0,0.0,16050.0,0.0,,,,,
2019-09-05,0.0,0.0,0.0,16050.0,0.0,,,,,
2019-09-06,0.0,0.0,0.0,16050.0,0.0,,,,,
2019-09-09,0.0,0.0,0.0,16050.0,0.0,,,,,
2019-09-10,0.0,0.0,0.0,16050.0,0.0,,,,,
2019-09-11,0.0,0.0,0.0,16050.0,0.0,,,,,
2019-09-16,0.0,0.0,0.0,16050.0,0.0,,,,,
2019-09-17,0.0,0.0,0.0,16050.0,0.0,,,,,
2019-09-18,0.0,0.0,0.0,16050.0,0.0,,,,,
2019-09-19,0.0,0.0,0.0,16050.0,0.0,,,,,
2019-09-20,0.0,0.0,0.0,16050.0,0.0,,,,,
2019-09-23,0.0,0.0,0.0,16050.0,0.0,,,,,
2019-09-24,0.0,0.0,0.0,16050.0,0.0,,,,,
2019-09-25,0.0,0.0,0.0,16050.0,0.0,,,,,
2019-09-26,0.0,0.0,0.0,16050.0,0.0,,,,,
2019-09-27,0.0,0.0,0.0,16050.0,0.0,,,,,
2019-09-30,0.0,0.0,0.0,16050.0,0.0,,,,,
2019-10-01,0.0,0.0,0.0,16050.0,0.0,,,,,
2019-10-02,0.0,0.0,0.0,16050.0,0.0,,,,,
2019-10-04,0.0,0.0,0.0,16050.0,0.0,,,,,
2019-10-07,0.0,0.0,0.0,16050.0,0.0,,,,,
2019-10-08,0.0,0.0,0.0,16050.0,0.0,,,,,
2019-10-10,0.0,0.0,0.0,16050.0,0.0,,,,,
2019-10-11,0.0,0.0,0.0,16050.0,0.0,,,,,
2019-10-14,0.0,0.0,0.0,16050.0,0.0,,,,,
2019-10-15,0.0,0.0,0.0,16050.0,0.0,,,,,
2019-10-16,0.0,0.0,0.0,16050.0,0.0,,,,,
2019-10-17,0.0,0.0,0.0,16050.0,0.0,,,,,
2019-10-18,0.0,0.0,0.0,16050.0,0.0,,,,,
2019-10-21,0.0,0.0,0.0,16050.0,0.0,,,,,
2019-10-22,0.0,0.0,0.0,16050.0,0.0,,,,,
2019-10-23,0.0,0.0,0.0,16050.0,0.0,,,,,
2019-10-24,0.0,0.0,0.0,16050.0,0.0,,,,,
2019-10-25,0.0,0.0,0.0,16050.0,0.0,,,,,
2019-10-28,0.0,0.0,0.0,16050.0,0.0,,,,,
2019-10-29,0.0,0.0,0.0,16050.0,0.0,,,,,
2019-10-30,0.0,0.0,0.0,16050.0,0.0,,,,,
2019-10-31,0.0,0.0,0.0,16050.0,0.0,,,,,
2019-11-01,0.0,0.0,0.0,16050.0,0.0,,,,,
2019-11-04,0.0,0.0,0.0,16050.0,0.0,,,,,
2019-11-05,0.0,0.0,0.0,16050.0,0.0,,,,,
2019-11-06,0.0,0.0,0.0,16050.0,0.0,,,,,
2019-11-07,0.0,0.0,0.0,16050.0,0.0,,,,,
2019-11-08,0.0,0.0,0.0,16050.0,0.0,,,,,
2019-11-11,0.0,0.0,0.0,16050.0,0.0,,,,,
2019-11-12,0.0,0.0,0.0,16050.0,0.0,,,,,
2019-11-13,0.0,0.0,0.0,16050.0,0.0,,,,,
2019-11-14,0.0,0.0,0.0,16050.0,0.0,,,,,
2019-11-15,0.0,0.0,0.0,16050.0,0.0,,,,,
2019-11-18,0.0,0.0,0.0,16050.0,0.0,,,,,
2019-11-19,0.0,0.0,0.0,16050.0,0.0,,,,,
2019-11-20,0.0,0.0,0.0,16050.0,0.0,,,,,
2019-11-21,0.0,0.0,0.0,16050.0,0.0,,,,,
2019-11-22,0.0,0.0,0.0,16050.0,0.0,,,,,
2019-11-25,0.0,0.0,0.0,16050.0,0.0,,,,,
2019-11-26,0.0,0.0,0.0,16050.0,0.0,,,,,
2019-11-27,0.0,0.0,0.0,16050.0,0.0,,,,,
2019-11-28,0.0,0.0,0.0,16050.0,0.0,,,,,
2019-11-29,0.0,0.0,0.0,16050.0,0.0,,,,,
2019-12-02,0.0,0.0,0.0,16050.0,0.0,,,,,
2019-12-03,0.0,0.0,0.0,16050.0,0.0,,,,,
2019-12-04,0.0,0.0,0.0,16050.0,0.0,,,,,
2019-12-05,0.0,0.0,0.0,16050.0,0.0,,,,,
2019-12-06,0.0,0.0,0.0,16050.0,0.0,,,,,
2019-12-09,0.0,0.0,0.0,16050.0,0.0,,,,,
2019-12-10,0.0,0.0,0.0,16050.0,0.0,,,,,
2019-12-11,0.0,0.0,0.0,16050.0,0.0,,,,,
2019-12-12,0.0,0.0,0.0,16050.0,0.0,,,,,
2019-12-13,0.0,0.0,0.0,16050.0,0.0,,,,,
2019-12-16,0.0,0.0,0.0,16050.0,0.0,,,,,
2019-12-17,0.0,0.0,0.0,16050.0,0.0,,,,,
2019-12-18,0.0,0.0,0.0,16050.0,0.0,,,,,
2019-12-19,0.0,0.0,0.0,16050.0,0.0,,,,,
2019-12-20,0.0,0.0,0.0,16050.0,0.0,,,,,
2019-12-23,0.0,0.0,0.0,16050.0,0.0,,,,,
2019-12-24,0.0,0.0,0.0,16050.0,0.0,,,,,
2019-12-26,0.0,0.0,0.0,16050.0,0.0,,,,,
2019-12-27,0.0,0.0,0.0,16050.0,0.0,,,,,
2019-12-30,0.0,0.0,0.0,16050.0,0.0,,,,,
2020-01-02,0.0,0.0,0.0,16050.0,0.0,,,,,
2020-01-03,0.0,0.0,0.0,16050.0,0.0,,,,,
2020-01-06,0.0,0.0,0.0,16050.0,0.0,,,,,
2020-01-07,0.0,0.0,0.0,16050.0,0.0,,,,,
2020-01-08,0.0,0.0,0.0,16050.0,0.0,,,,,
2020-01-09,0.0,0.0,0.0,16050.0,0.0,,,,,
2020-01-10,0.0,0.0,0.0,16050.0,0.0,,,,,
2020-01-13,0.0,0.0,0.0,16050.0,0.0,,,,,
2020-01-14,0.0,0.0,0.0,16050.0,0.0,,,,,
2020-01-15,0.0,0.0,0.0,16050.0,0.0,,,,,
2020-01-16,0.0,0.0,0.0,16050.0,0.0,,,,,
2020-01-17,0.0,0.0,0.0,16050.0,0.0,,,,,
2020-01-20,0.0,0.0,0.0,16050.0,0.0,,,,,
2020-01-21,0.0,0.0,0.0,16050.0,0.0,,,,,
2020-01-22,0.0,0.0,0.0,16050.0,0.0,,,,,
2020-01-23,0.0,0.0,0.0,16050.0,0.0,,,,,
2020-01-28,0.0,0.0,0.0,16050.0,0.0,,,,,
2020-01-29,0.0,0.0,0.0,16050.0,0.0,,,,,
2020-01-30,0.0,0.0,0.0,16050.0,0.0,,,,,
2020-01-31,0.0,0.0,0.0,16050.0,0.0,,,,,
2020-02-03,0.0,0.0,0.0,16050.0,0.0,,,,,
2020-02-04,0.0,0.0,0.0,16050.0,0.0,,,,,
2020-02-05,0.0,0.0,0.0,16050.0,0.0,,,,,
2020-02-06,0.0,0.0,0.0,16050.0,0.0,,,,,
2020-02-07,0.0,0.0,0.0,16050.0,0.0,,,,,
2020-02-10,0.0,0.0,0.0,16050.0,0.0,,,,,
2020-02-11,0.0,0.0,0.0,16050.0,0.0,,,,,
2020-02-12,0.0,0.0,0.0,16050.0,0.0,,,,,
2020-02-13,0.0,0.0,0.0,16050.0,0.0,,,,,
2020-02-14,0.0,0.0,0.0,16050.0,0.0,,,,,
2020-02-17,0.0,0.0,0.0,16050.0,0.0,,,,,
2020-02-18,0.0,0.0,0.0,16050.0,0.0,,,,,
2020-02-19,0.0,0.0,0.0,16050.0,0.0,,,,,
2020-02-20,0.0,0.0,0.0,16050.0,0.0,,,,,
2020-02-21,0.0,0.0,0.0,16050.0,0.0,,,,,
2020-02-24,0.0,0.0,0.0,16050.0,0.0,,,,,
2020-02-25,0.0,0.0,0.0,16050.0,0.0,,,,,
2020-02-26,0.0,0.0,0.0,16050.0,0.0,,,,,
2020-02-27,0.0,0.0,0.0,16050.0,0.0,,,,,
2020-02-28,0.0,0.0,0.0,16050.0,0.0,,,,,
2020-03-02,0.0,0.0,0.0,16050.0,0.0,,,,,
2020-03-03,0.0,0.0,0.0,16050.0,0.0,,,,,
2020-03-04,0.0,0.0,0.0,16050.0,0.0,,,,,
2020-03-05,0.0,0.0,0.0,16050.0,0.0,,,,,
2020-03-06,0.0,0.0,0.0,16050.0,0.0,,,,,
2020-03-09,0.0,0.0,0.0,16050.0,0.0,,,,,
2020-03-10,0.0,0.0,0.0,16050.0,0.0,,,,,
2020-03-11,0.0,0.0,0.0,16050.0,0.0,,,,,
2020-03-12,0.0,0.0,0.0,16050.0,0.0,,,,,
2020-03-13,0.0,0.0,0.0,16050.0,0.0,,,,,
2020-03-16,0.0,0.0,0.0,16050.0,0.0,,,,,
2020-03-17,0.0,0.0,0.0,16050.0,0.0,,,,,
2020-03-18,0.0,0.0,0.0,16050.0,0.0,,,,,
2020-03-19,0.0,0.0,0.0,16050.0,0.0,,,,,
2020-03-20,0.0,0.0,0.0,16050.0,0.0,,,,,
2020-03-23,0.0,0.0,0.0,16050.0,0.0,,,,,
2020-03-24,0.0,0.0,0.0,16050.0,0.0,,,,,
2020-03-25,0.0,0.0,0.0,16050.0,0.0,,,,,
2020-03-26,0.0,0.0,0.0,16050.0,0.0,,,,,
2020-03-27,0.0,0.0,0.0,16050.0,0.0,,,,,
2020-03-30,0.0,0.0,0.0,16050.0,0.0,,,,,
2020-03-31,0.0,0.0,0.0,16050.0,0.0,,,,,
2020-04-01,0.0,0.0,0.0,16050.0,0.0,,,,,
2020-04-02,0.0,0.0,0.0,16050.0,0.0,,,,,
2020-04-03,0.0,0.0,0.0,16050.0,0.0,,,,,
2020-04-06,0.0,0.0,0.0,16050.0,0.0,,,,,
2020-04-07,0.0,0.0,0.0,16050.0,0.0,,,,,
2020-04-08,0.0,0.0,0.0,16050.0,0.0,,,,,
2020-04-09,0.0,0.0,0.0,16050.0,0.0,,,,,
2020-04-10,0.0,0.0,0.0,16050.0,0.0,,,,,
2020-04-13,0.0,0.0,0.0,16050.0,0.0,,,,,
2020-04-14,0.0,0.0,0.0,16050.0,0.0,,,,,
2020-04-16,0.0,0.0,0.0,16050.0,0.0,,,,,
2020-04-17,0.0,0.0,0.0,16050.0,0.0,,,,,
2020-04-20,0.0,0.0,0.0,16050.0,0.0,,,,,
2020-04-21,0.0,0.0,0.0,16050.0,0.0,,,,,
2020-04-22,0.0,0.0,0.0,16050.0,0.0,,,,,
2020-04-23,0.0,0.0,0.0,16050.0,0.0,,,,,
2020-04-24,0.0,0.0,0.0,16050.0,0.0,,,,,
2020-04-27,0.0,0.0,0.0,16050.0,0.0,,,,,
2020-04-28,0.0,0.0,0.0,16050.0,0.0,,,,,
2020-04-29,0.0,0.0,0.0,16050.0,0.0,,,,,
2020-05-04,0.0,0.0,0.0,16050.0,0.0,,,,,
2020-05-06,0.0,0.0,0.0,16050.0,0.0,,,,,
2020-05-07,0.0,0.0,0.0,16050.0,0.0,,,,,
2020-05-08,0.0,0.0,0.0,16050.0,0.0,,,,,
2020-05-11,0.0,0.0,0.0,16050.0,0.0,,,,,
2020-05-12,0.0,0.0,0.0,16050.0,0.0,,,,,
2020-05-13,0.0,0.0,0.0,16050.0,0.0,,,,,
2020-05-14,0.0,0.0,0.0,16050.0,0.0,,,,,
2020-05-15,0.0,0.0,0.0,16050.0,0.0,,,,,
2020-05-18,0.0,0.0,0.0,16050.0,0.0,,,,,
2020-05-19,0.0,0.0,0.0,16050.0,0.0,,,,,
2020-05-20,0.0,0.0,0.0,16050.0,0.0,,,,,
2020-05-21,0.0,0.0,0.0,16050.0,0.0,,,,,
2020-05-22,0.0,0.0,0.0,16050.0,0.0,,,,,
2020-05-25,0.0,0.0,0.0,16050.0,0.0,,,,,
2020-05-26,0.0,0.0,0.0,16050.0,0.0,,,,,
2020-05-27,0.0,0.0,0.0,16050.0,0.0,,,,,
2020-05-28,0.0,0.0,0.0,16050.0,0.0,,,,,
2020-05-29,0.0,0.0,0.0,16050.0,0.0,,,,,
2020-06-01,0.0,0.0,0.0,16050.0,0.0,,,,,
2020-06-02,0.0,0.0,0.0,16050.0,0.0,,,,,
2020-06-03,0.0,0.0,0.0,16050.0,0.0,,,,,
2020-06-04,0.0,0.0,0.0,16050.0,0.0,,,,,
2020-06-05,0.0,0.0,0.0,16050.0,0.0,,,,,
2020-06-08,0.0,0.0,0.0,16050.0,0.0,,,,,
2020-06-09,0.0,0.0,0.0,16050.0,0.0,,,,,
2020-06-10,0.0,0.0,0.0,16050.0,0.0,,,,,
2020-06-11,0.0,0.0,0.0,16050.0,0.0,,,,,
2020-06-12,0.0,0.0,0.0,16050.0,0.0,,,,,
2020-06-15,0.0,0.0,0.0,16050.0,0.0,,,,,
2020-06-16,0.0,0.0,0.0,16050.0,0.0,,,,,
2020-06-17,0.0,0.0,0.0,16050.0,0.0,,,,,
2020-06-18,0.0,0.0,0.0,16050.0,0.0,,,,,
2020-06-19,0.0,0.0,0.0,16050.0,0.0,,,,,
2020-06-22,0.0,0.0,0.0,16050.0,0.0,,,,,
2020-06-23,0.0,0.0,0.0,16050.0,0.0,,,,,
2020-06-24,0.0,0.0,0.0,16050.0,0.0,,,,,
2020-06-25,0.0,0.0,0.0,16050.0,0.0,,,,,
2020-06-26,0.0,0.0,0.0,16050.0,0.0,,,,,
2020-06-29,0.0,0.0,0.0,16050.0,0.0,,,,,
2020-06-30,0.0,0.0,0.0,16050.0,0.0,,,,,
2020-07-01,0.0,0.0,0.0,16050.0,0.0,,,,,
2020-07-02,0.0,0.0,0.0,16050.0,0.0,,,,,
2020-07-03,0.0,0.0,0.0,16050.0,0.0,,,,,
2020-07-06,0.0,0.0,0.0,16050.0,0.0,,,,,
2020-07-07,0.0,0.0,0.0,16050.0,0.0,,,,,
2020-07-08,0.0,0.0,0.0,16050.0,0.0,,,,,
2020-07-09,0.0,0.0,0.0,16050.0,0.0,,,,,
2020-07-10,0.0,0.0,0.0,16050.0,0.0,,,,,
2020-07-13,0.0,0.0,0.0,16050.0,0.0,,,,,
2020-07-14,0.0,0.0,0.0,16050.0,0.0,,,,,
2020-07-15,0.0,0.0,0.0,16050.0,0.0,,,,,
2020-07-16,0.0,0.0,0.0,16050.0,0.0,,,,,
2020-07-17,0.0,0.0,0.0,16050.0,0.0,,,,,
2020-07-20,0.0,0.0,0.0,16050.0,0.0,,,,,
2020-07-21,0.0,0.0,0.0,16050.0,0.0,,,,,
2020-07-22,0.0,0.0,0.0,16050.0,0.0,,,,,
2020-07-23,0.0,0.0,0.0,16050.0,0.0,,,,,
2020-07-24,0.0,0.0,0.0,16050.0,0.0,,,,,
2020-07-27,0.0,0.0,0.0,16050.0,0.0,,,,,
2020-07-28,0.0,0.0,0.0,16050.0,0.0,,,,,
2020-07-29,0.0,0.0,0.0,16050.0,0.0,,,,,
2020-07-30,0.0,0.0,0.0,16050.0,0.0,,,,,
2020-07-31,0.0,0.0,0.0,16050.0,0.0,,,,,
2020-08-03,0.0,0.0,0.0,16050.0,0.0,,,,,
2020-08-04,0.0,0.0,0.0,16050.0,0.0,,,,,
2020-08-05,0.0,0.0,0.0,16050.0,0.0,,,,,
2020-08-06,0.0,0.0,0.0,16050.0,0.0,,,,,
2020-08-07,0.0,0.0,0.0,16050.0,0.0,,,,,
2020-08-10,0.0,0.0,0.0,16050.0,0.0,,,,,
2020-08-11,0.0,0.0,0.0,16050.0,0.0,,,,,
2020-08-12,0.0,0.0,0.0,16050.0,0.0,,,,,
2020-08-13,0.0,0.0,0.0,16050.0,0.0,,,,,
2020-08-14,0.0,0.0,0.0,16050.0,0.0,,,,,
2020-08-18,0.0,0.0,0.0,16050.0,0.0,,,,,
2020-08-19,0.0,0.0,0.0,16050.0,0.0,,,,,
2020-08-20,0.0,0.0,0.0,16050.0,0.0,,,,,
2020-08-21,0.0,0.0,0.0,16050.0,0.0,,,,,
2020-08-24,0.0,0.0,0.0,16050.0,0.0,,,,,
2020-08-25,0.0,0.0,0.0,16050.0,0.0,,,,,
2020-08-26,0.0,0.0,0.0,16050.0,0.0,,,,,
2020-08-27,0.0,0.0,0.0,16050.0,0.0,,,,,
2020-08-28,0.0,0.0,0.0,16050.0,0.0,,,,,
2020-08-31,0.0,0.0,0.0,16050.0,0.0,,,,,
2020-09-01,0.0,0.0,0.0,16050.0,0.0,,,,,
2020-09-02,0.0,0.0,0.0,16050.0,0.0,,,,,
2020-09-03,0.0,0.0,0.0,16050.0,0.0,,,,,
2020-09-04,0.0,0.0,0.0,16050.0,0.0,,,,,
2020-09-07,0.0,0.0,0.0,16050.0,0.0,,,,,
2020-09-08,0.0,0.0,0.0,16050.0,0.0,,,,,
2020-09-09,0.0,0.0,0.0,16050.0,0.0,,,,,
2020-09-10,0.0,0.0,0.0,16050.0,0.0,,,,,
2020-09-11,0.0,0.0,0.0,16050.0,0.0,,,,,
2020-09-14,0.0,0.0,0.0,16050.0,0.0,,,,,
2020-09-15,0.0,0.0,0.0,16050.0,0.0,,,,,
2020-09-16,0.0,0.0,0.0,16050.0,0.0,,,,,
2020-09-17,0.0,0.0,0.0,16050.0,0.0,,,,,
2020-09-18,0.0,0.0,0.0,16050.0,0.0,,,,,
2020-09-21,0.0,0.0,0.0,16050.0,0.0,,,,,
2020-09-22,0.0,0.0,0.0,16050.0,0.0,,,,,
2020-09-23,0.0,0.0,0.0,16050.0,0.0,,,,,
2020-09-24,0.0,0.0,0.0,16050.0,0.0,,,,,
2020-09-25,0.0,0.0,0.0,16050.0,0.0,,,,,
2020-09-28,0.0,0.0,0.0,16050.0,0.0,,,,,
2020-09-29,0.0,0.0,0.0,16050.0,0.0,,,,,
2020-10-05,0.0,0.0,0.0,16050.0,0.0,,,,,
2020-10-06,0.0,0.0,0.0,16050.0,0.0,,,,,
2020-10-07,0.0,0.0,0.0,16050.0,0.0,,,,,
2020-10-08,0.0,0.0,0.0,16050.0,0.0,,,,,
2020-10-12,0.0,0.0,0.0,16050.0,0.0,,,,,
2020-10-13,0.0,0.0,0.0,16050.0,0.0,,,,,
2020-10-14,0.0,0.0,0.0,16050.0,0.0,,,,,
2020-10-15,0.0,0.0,0.0,16050.0,0.0,,,,,
2020-10-16,0.0,0.0,0.0,16050.0,0.0,,,,,
2020-10-19,0.0,0.0,0.0,16050.0,0.0,,,,,
2020-10-20,0.0,0.0,0.0,16050.0,0.0,,,,,
2020-10-21,0.0,0.0,0.0,16050.0,0.0,,,,,
2020-10-22,0.0,0.0,0.0,16050.0,0.0,,,,,
2020-10-23,0.0,0.0,0.0,16050.0,0.0,,,,,
2020-10-26,0.0,0.0,0.0,16050.0,0.0,,,,,
2020-10-27,0.0,0.0,0.0,16050.0,0.0,,,,,
2020-10-28,0.0,0.0,0.0,16050.0,0.0,,,,,
2020-10-29,0.0,0.0,0.0,16050.0,0.0,,,,,
2020-10-30,0.0,0.0,0.0,16050.0,0.0,,,,,
2020-11-02,0.0,0.0,0.0,16050.0,0.0,,,,,
2020-11-03,0.0,0.0,0.0,16050.0,0.0,,,,,
2020-11-04,0.0,0.0,0.0,16050.0,0.0,,,,,
2020-11-05,0.0,0.0,0.0,16050.0,0.0,,,,,
2020-11-06,0.0,0.0,0.0,16050.0,0.0,,,,,
2020-11-09,0.0,0.0,0.0,16050.0,0.0,,,,,
2020-11-10,0.0,0.0,0.0,16050.0,0.0,,,,,
2020-11-11,0.0,0.0,0.0,16050.0,0.0,,,,,
2020-11-12,0.0,0.0,0.0,16050.0,0.0,,,,,
2020-11-13,0.0,0.0,0.0,16050.0,0.0,,,,,
2020-11-16,0.0,0.0,0.0,16050.0,0.0,,,,,
2020-11-17,0.0,0.0,0.0,16050.0,0.0,,,,,
2020-11-18,0.0,0.0,0.0,16050.0,0.0,,,,,
2020-11-19,0.0,0.0,0.0,16050.0,0.0,,,,,
2020-11-20,0.0,0.0,0.0,16050.0,0.0,,,,,
2020-11-23,0.0,0.0,0.0,16050.0,0.0,,,,,
2020-11-24,0.0,0.0,0.0,16050.0,0.0,,,,,
2020-11-25,0.0,0.0,0.0,16050.0,0.0,,,,,
2020-11-26,0.0,0.0,0.0,16050.0,0.0,,,,,
2020-11-27,0.0,0.0,0.0,16050.0,0.0,,,,,
2020-11-30,0.0,0.0,0.0,16050.0,0.0,,,,,
2020-12-01,0.0,0.0,0.0,16050.0,0.0,,,,,
2020-12-02,0.0,0.0,0.0,16050.0,0.0,,,,,
2020-12-03,0.0,0.0,0.0,16050.0,0.0,,,,,
2020-12-04,0.0,0.0,0.0,16050.0,0.0,,,,,
2020-12-07,0.0,0.0,0.0,16050.0,0.0,,,,,
2020-12-08,0.0,0.0,0.0,16050.0,0.0,,,,,
2020-12-09,0.0,0.0,0.0,16050.0,0.0,,,,,
2020-12-10,0.0,0.0,0.0,16050.0,0.0,,,,,
2020-12-11,0.0,0.0,0.0,16050.0,0.0,,,,,
2020-12-14,0.0,0.0,0.0,16050.0,0.0,,,,,
2020-12-15,0.0,0.0,0.0,16050.0,0.0,,,,,
2020-12-16,0.0,0.0,0.0,16050.0,0.0,,,,,
2020-12-17,0.0,0.0,0.0,16050.0,0.0,,,,,
2020-12-18,0.0,0.0,0.0,16050.0,0.0,,,,,
2020-12-21,0.0,0.0,0.0,16050.0,0.0,,,,,
2020-12-22,0.0,0.0,0.0,16050.0,0.0,,,,,
2020-12-23,0.0,0.0,0.0,16050.0,0.0,,,,,
2020-12-24,0.0,0.0,0.0,16050.0,0.0,,,,,
2020-12-28,0.0,0.0,0.0,16050.0,0.0,,,,,
2020-12-29,0.0,0.0,0.0,16050.0,0.0,,,,,
2020-12-30,0.0,0.0,0.0,16050.0,0.0,,,,,
2021-01-04,0.0,0.0,0.0,16050.0,0.0,,,,,
2021-01-05,0.0,0.0,0.0,16050.0,0.0,,,,,
2021-01-06,0.0,0.0,0.0,16050.0,0.0,,,,,
2021-01-07,0.0,0.0,0.0,16050.0,0.0,,,,,
2021-01-08,0.0,0.0,0.0,16050.0,0.0,,,,,
2021-01-11,0.0,0.0,0.0,16050.0,0.0,,,,,
2021-01-12,0.0,0.0,0.0,16050.0,0.0,,,,,
2021-01-13,0.0,0.0,0.0,16050.0,0.0,,,,,
2021-01-14,0.0,0.0,0.0,16050.0,0.0,,,,,
2021-01-15,0.0,0.0,0.0,16050.0,0.0,,,,,
2021-01-18,0.0,0.0,0.0,16050.0,0.0,,,,,
2021-01-19,0.0,0.0,0.0,16050.0,0.0,,,,,
2021-01-20,0.0,0.0,0.0,16050.0,0.0,,,,,
2021-01-21,0.0,0.0,0.0,16050.0,0.0,,,,,
2021-01-22,0.0,0.0,0.0,16050.0,0.0,,,,,
2021-01-25,0.0,0.0,0.0,16050.0,0.0,,,,,
2021-01-26,0.0,0.0,0.0,16050.0,0.0,,,,,
2021-01-27,0.0,0.0,0.0,16050.0,0.0,,,,,
2021-01-28,0.0,0.0,0.0,16050.0,0.0,,,,,
2021-01-29,0.0,0.0,0.0,16050.0,0.0,,,,,
2021-02-01,0.0,0.0,0.0,16050.0,0.0,,,,,
2021-02-02,0.0,0.0,0.0,16050.0,0.0,,,,,
2021-02-03,0.0,0.0,0.0,16050.0,0.0,,,,,
2021-02-04,0.0,0.0,0.0,16050.0,0.0,,,,,
2021-02-05,0.0,0.0,0.0,16050.0,0.0,,,,,
2021-02-08,0.0,0.0,0.0,16050.0,0.0,,,,,
2021-02-09,0.0,0.0,0.0,16050.0,0.0,,,,,
2021-02-10,0.0,0.0,0.0,16050.0,0.0,,,,,
2021-02-15,0.0,0.0,0.0,16050.0,0.0,,,,,
2021-02-16,0.0,0.0,0.0,16050.0,0.0,,,,,
2021-02-17,0.0,0.0,0.0,16050.0,0.0,,,,,
2021-02-18,0.0,0.0,0.0,16050.0,0.0,,,,,
2021-02-19,0.0,0.0,0.0,16050.0,0.0,,,,,
2021-02-22,0.0,0.0,0.0,16050.0,0.0,,,,,
2021-02-23,0.0,0.0,0.0,16050.0,0.0,,,,,
2021-02-24,0.0,0.0,0.0,16050.0,0.0,,,,,
2021-02-25,0.0,0.0,0.0,16050.0,0.0,,,,,
2021-02-26,0.0,0.0,0.0,16050.0,0.0,,,,,
2021-03-02,0.0,0.0,0.0,16050.0,0.0,,,,,
2021-03-03,0.0,0.0,0.0,16050.0,0.0,,,,,
2021-03-04,0.0,0.0,0.0,16050.0,0.0,,,,,
2021-03-05,0.0,0.0,0.0,16050.0,0.0,,,,,
2021-03-08,0.0,0.0,0.0,16050.0,0.0,,,,,
2021-03-09,0.0,0.0,0.0,16050.0,0.0,,,,,
2021-03-10,0.0,0.0,0.0,16050.0,0.0,,,,,
2021-03-11,0.0,0.0,0.0,16050.0,0.0,,,,,
2021-03-12,0.0,0.0,0.0,16050.0,0.0,,,,,
2021-03-15,0.0,0.0,0.0,16050.0,0.0,,,,,
2021-03-16,0.0,0.0,0.0,16050.0,0.0,,,,,
2021-03-17,0.0,0.0,0.0,16050.0,0.0,,,,,
2021-03-18,0.0,0.0,0.0,16050.0,0.0,,,,,
2021-03-19,0.0,0.0,0.0,16050.0,0.0,,,,,
2021-03-22,0.0,0.0,0.0,16050.0,0.0,,,,,
2021-03-23,0.0,0.0,0.0,16050.0,0.0,,,,,
2021-03-24,0.0,0.0,0.0,16050.0,0.0,,,,,
2021-03-25,0.0,0.0,0.0,16050.0,0.0,,,,,
2021-03-26,0.0,0.0,0.0,16050.0,0.0,,,,,
2021-03-29,0.0,0.0,0.0,16050.0,0.0,,,,,
2021-03-30,0.0,0.0,0.0,16050.0,0.0,,,,,
2021-03-31,0.0,0.0,0.0,16050.0,0.0,,,,,
2021-04-01,0.0,0.0,0.0,16050.0,0.0,,,,,
2021-04-02,0.0,0.0,0.0,16050.0,0.0,,,,,
2021-04-05,0.0,0.0,0.0,16050.0,0.0,,,,,
2021-04-06,0.0,0.0,0.0,16050.0,0.0,,,,,
2021-04-07,0.0,0.0,0.0,16050.0,0.0,,,,,
2021-04-08,0.0,0.0,0.0,16050.0,0.0,,,,,
2021-04-09,0.0,0.0,0.0,16050.0,0.0,,,,,
2021-04-12,0.0,0.0,0.0,16050.0,0.0,,,,,
2021-04-13,0.0,0.0,0.0,16050.0,0.0,,,,,
2021-04-14,0.0,0.0,0.0,16050.0,0.0,,,,,
2021-04-15,0.0,0.0,0.0,16050.0,0.0,,,,,
2021-04-16,0.0,0.0,0.0,16050.0,0.0,,,,,
2021-04-19,0.0,0.0,0.0,16050.0,0.0,,,,,
2021-04-20,0.0,0.0,0.0,16050.0,0.0,,,,,
2021-04-21,0.0,0.0,0.0,16050.0,0.0,,,,,
2021-04-22,0.0,0.0,0.0,16050.0,0.0,,,,,
2021-04-23,0.0,0.0,0.0,16050.0,0.0,,,,,
2021-04-26,0.0,0.0,0.0,16050.0,0.0,,,,,
2021-04-27,0.0,0.0,0.0,16050.0,0.0,,,,,
2021-04-28,0.0,0.0,0.0,16050.0,0.0,,,,,
2021-04-29,0.0,0.0,0.0,16050.0,0.0,,,,,
2021-04-30,0.0,0.0,0.0,16050.0,0.0,,,,,
2021-05-03,0.0,0.0,0.0,16050.0,0.0,,,,,
2021-05-04,0.0,0.0,0.0,16050.0,0.0,,,,,
2021-05-06,0.0,0.0,0.0,16050.0,0.0,,,,,
2021-05-07,0.0,0.0,0.0,16050.0,0.0,,,,,
2021-05-10,0.0,0.0,0.0,16050.0,0.0,,,,,
2021-05-11,0.0,0.0,0.0,16050.0,0.0,,,,,
2021-05-12,0.0,0.0,0.0,16050.0,0.0,,,,,
2021-05-13,0.0,0.0,0.0,16050.0,0.0,,,,,
2021-05-14,0.0,0.0,0.0,16050.0,0.0,,,,,
2021-05-17,0.0,0.0,0.0,16050.0,0.0,,,,,
2021-05-18,0.0,0.0,0.0,16050.0,0.0,,,,,
2021-05-20,0.0,0.0,0.0,16050.0,0.0,,,,,
2021-05-21,0.0,0.0,0.0,16050.0,0.0,,,,,
2021-05-24,0.0,0.0,0.0,16050.0,0.0,,,,,
2021-05-25,0.0,0.0,0.0,16050.0,0.0,,,,,
2021-05-26,0.0,0.0,0.0,16050.0,0.0,,,,,
2021-05-27,0.0,0.0,0.0,16050.0,0.0,,,,,
2021-05-28,0.0,0.0,0.0,16050.0,0.0,,,,,
2021-05-31,0.0,0.0,0.0,16050.0,0.0,,,,,
2021-06-01,0.0,0.0,0.0,16050.0,0.0,,,,,
2021-06-02,0.0,0.0,0.0,16050.0,0.0,,,,,
2021-06-03,0.0,0.0,0.0,16050.0,0.0,,,,,
2021-06-04,0.0,0.0,0.0,16050.0,0.0,,,,,
2021-06-07,0.0,0.0,0.0,16050.0,0.0,,,,,
2021-06-08,0.0,0.0,0.0,16050.0,0.0,,,,,
2021-06-09,0.0,0.0,0.0,16050.0,0.0,,,,,
2021-06-10,0.0,0.0,0.0,16050.0,0.0,,,,,
2021-06-11,0.0,0.0,0.0,16050.0,0.0,,,,,
2021-06-14,0.0,0.0,0.0,16050.0,0.0,,,,,
2021-06-15,0.0,0.0,0.0,16050.0,0.0,,,,,
2021-06-16,0.0,0.0,0.0,16050.0,0.0,,,,,
2021-06-17,0.0,0.0,0.0,16050.0,0.0,,,,,
2021-06-18,0.0,0.0,0.0,16050.0,0.0,,,,,
2021-06-21,0.0,0.0,0.0,16050.0,0.0,,,,,
2021-06-22,0.0,0.0,0.0,16050.0,0.0,,,,,
2021-06-23,0.0,0.0,0.0,16050.0,0.0,,,,,
2021-06-24,0.0,0.0,0.0,16050.0,0.0,,,,,
2021-06-25,0.0,0.0,0.0,16050.0,0.0,,,,,
2021-06-28,0.0,0.0,0.0,16050.0,0.0,,,,,
2021-06-29,0.0,0.0,0.0,16050.0,0.0,,,,,
2021-06-30,0.0,0.0,0.0,16050.0,0.0,,,,,
2021-07-01,0.0,0.0,0.0,16050.0,0.0,,,,,
2021-07-02,0.0,0.0,0.0,16050.0,0.0,,,,,
2021-07-05,0.0,0.0,0.0,16050.0,0.0,,,,,
2021-07-06,0.0,0.0,0.0,16050.0,0.0,,,,,
2021-07-07,0.0,0.0,0.0,16050.0,0.0,,,,,
2021-07-08,0.0,0.0,0.0,16050.0,0.0,,,,,
2021-07-09,0.0,0.0,0.0,16050.0,0.0,,,,,
2021-07-12,0.0,0.0,0.0,16050.0,0.0,,,,,
2021-07-13,0.0,0.0,0.0,16050.0,0.0,,,,,
2021-07-14,0.0,0.0,0.0,16050.0,0.0,,,,,
2021-07-15,0.0,0.0,0.0,16050.0,0.0,,,,,
2021-07-16,0.0,0.0,0.0,16050.0,0.0,,,,,
2021-07-19,0.0,0.0,0.0,16050.0,0.0,,,,,
2021-07-20,0.0,0.0,0.0,16050.0,0.0,,,,,
2021-07-21,0.0,0.0,0.0,16050.0,0.0,,,,,
2021-07-22,0.0,0.0,0.0,16050.0,0.0,,,,,
2021-07-23,0.0,0.0,0.0,16050.0,0.0,,,,,
2021-07-26,0.0,0.0,0.0,16050.0,0.0,,,,,
2021-07-27,0.0,0.0,0.0,16050.0,0.0,,,,,
2021-07-28,0.0,0.0,0.0,16050.0,0.0,,,,,
2021-07-29,0.0,0.0,0.0,16050.0,0.0,,,,,
2021-07-30,0.0,0.0,0.0,16050.0,0.0,,,,,
2021-08-02,0.0,0.0,0.0,16050.0,0.0,,,,,
2021-08-03,0.0,0.0,0.0,16050.0,0.0,,,,,
2021-08-04,0.0,0.0,0.0,16050.0,0.0,,,,,
2021-08-05,0.0,0.0,0.0,16050.0,0.0,,,,,
2021-08-06,0.0,0.0,0.0,16050.0,0.0,,,,,
2021-08-09,0.0,0.0,0.0,16050.0,0.0,,,,,
2021-08-10,0.0,0.0,0.0,16050.0,0.0,,,,,
2021-08-11,0.0,0.0,0.0,16050.0,0.0,,,,,
2021-08-12,0.0,0.0,0.0,16050.0,0.0,,,,,
2021-08-13,0.0,0.0,0.0,16050.0,0.0,,,,,
2021-08-17,0.0,0.0,0.0,16050.0,0.0,,,,,
2021-08-18,0.0,0.0,0.0,16050.0,0.0,,,,,
2021-08-19,0.0,0.0,0.0,16050.0,0.0,,,,,
2021-08-20,0.0,0.0,0.0,16050.0,0.0,,,,,
2021-08-23,0.0,0.0,0.0,16050.0,0.0,,,,,
2021-08-24,0.0,0.0,0.0,16050.0,0.0,,,,,
2021-08-25,0.0,0.0,0.0,16050.0,0.0,,,,,
2021-08-26,0.0,0.0,0.0,16050.0,0.0,,,,,
2021-08-27,0.0,0.0,0.0,16050.0,0.0,,,,,
2021-08-30,0.0,0.0,0.0,16050.0,0.0,,,,,
2021-08-31,0.0,0.0,0.0,16050.0,0.0,,,,,
2021-09-01,0.0,0.0,0.0,16050.0,0.0,,,,,
2021-09-02,0.0,0.0,0.0,16050.0,0.0,,,,,
2021-09-03,0.0,0.0,0.0,16050.0,0.0,,,,,
2021-09-06,0.0,0.0,0.0,16050.0,0.0,,,,,
2021-09-07,0.0,0.0,0.0,16050.0,0.0,,,,,
2021-09-08,0.0,0.0,0.0,16050.0,0.0,,,,,
2021-09-09,0.0,0.0,0.0,16050.0,0.0,,,,,
2021-09-10,0.0,0.0,0.0,16050.0,0.0,,,,,
2021-09-13,0.0,0.0,0.0,16050.0,0.0,,,,,
2021-09-14,0.0,0.0,0.0,16050.0,0.0,,,,,
2021-09-15,0.0,0.0,0.0,16050.0,0.0,,,,,
2021-09-16,0.0,0.0,0.0,16050.0,0.0,,,,,
2021-09-17,0.0,0.0,0.0,16050.0,0.0,,,,,
2021-09-23,0.0,0.0,0.0,16050.0,0.0,,,,,
2021-09-24,0.0,0.0,0.0,16050.0,0.0,,,,,
2021-09-27,0.0,0.0,0.0,16050.0,0.0,,,,,
2021-09-28,0.0,0.0,0.0,16050.0,0.0,,,,,
2021-09-29,0.0,0.0,0.0,16050.0,0.0,,,,,
2021-09-30,0.0,0.0,0.0,16050.0,0.0,,,,,
2021-10-01,0.0,0.0,0.0,16050.0,0.0,,,,,
2021-10-05,0.0,0.0,0.0,16050.0,0.0,,,,,
2021-10-06,0.0,0.0,0.0,16050.0,0.0,,,,,
2021-10-07,0.0,0.0,0.0,16050.0,0.0,,,,,
2021-10-08,0.0,0.0,0.0,16050.0,0.0,,,,,
2021-10-12,0.0,0.0,0.0,16050.0,0.0,,,,,
2021-10-13,0.0,0.0,0.0,16050.0,0.0,,,,,
2021-10-14,0.0,0.0,0.0,16050.0,0.0,,,,,
2021-10-15,0.0,0.0,0.0,16050.0,0.0,,,,,
2021-10-18,0.0,0.0,0.0,16050.0,0.0,,,,,
2021-10-19,0.0,0.0,0.0,16050.0,0.0,,,,,
2021-10-20,0.0,0.0,0.0,16050.0,0.0,,,,,
2021-10-21,0.0,0.0,0.0,16050.0,0.0,,,,,
2021-10-22,0.0,0.0,0.0,16050.0,0.0,,,,,
2021-10-25,0.0,0.0,0.0,16050.0,0.0,,,,,
2021-10-26,0.0,0.0,0.0,16050.0,0.0,,,,,
2021-10-27,0.0,0.0,0.0,16050.0,0.0,,,,,
2021-10-28,0.0,0.0,0.0,16050.0,0.0,,,,,
2021-10-29,0.0,0.0,0.0,16050.0,0.0,,,,,
2021-11-01,0.0,0.0,0.0,16050.0,0.0,,,,,
2021-11-02,0.0,0.0,0.0,16050.0,0.0,,,,,
2021-11-03,0.0,0.0,0.0,16050.0,0.0,,,,,
2021-11-04,0.0,0.0,0.0,16050.0,0.0,,,,,
2021-11-05,0.0,0.0,0.0,16050.0,0.0,,,,,
2021-11-08,0.0,0.0,0.0,16050.0,0.0,,,,,
2021-11-09,0.0,0.0,0.0,16050.0,0.0,,,,,
2021-11-10,0.0,0.0,0.0,16050.0,0.0,,,,,
2021-11-11,0.0,0.0,0.0,16050.0,0.0,,,,,
2021-11-12,0.0,0.0,0.0,16050.0,0.0,,,,,
2021-11-15,0.0,0.0,0.0,16050.0,0.0,,,,,
2021-11-16,0.0,0.0,0.0,16050.0,0.0,,,,,
2021-11-17,0.0,0.0,0.0,16050.0,0.0,,,,,
2021-11-18,0.0,0.0,0.0,16050.0,0.0,,,,,
2021-11-19,0.0,0.0,0.0,16050.0,0.0,,,,,
2021-11-22,0.0,0.0,0.0,16050.0,0.0,,,,,
2021-11-23,0.0,0.0,0.0,16050.0,0.0,,,,,
2021-11-24,0.0,0.0,0.0,16050.0,0.0,,,,,
2021-11-25,0.0,0.0,0.0,16050.0,0.0,,,,,
2021-11-26,0.0,0.0,0.0,16050.0,0.0,,,,,
2021-11-29,0.0,0.0,0.0,16050.0,0.0,,,,,
2021-11-30,0.0,0.0,0.0,16050.0,0.0,,,,,
2021-12-01,0.0,0.0,0.0,16050.0,0.0,,,,,
2021-12-02,0.0,0.0,0.0,16050.0,0.0,,,,,
2021-12-03,0.0,0.0,0.0,16050.0,0.0,,,,,
2021-12-06,0.0,0.0,0.0,16050.0,0.0,,,,,
2021-12-07,0.0,0.0,0.0,16050.0,0.0,,,,,
2021-12-08,0.0,0.0,0.0,16050.0,0.0,,,,,
2021-12-09,0.0,0.0,0.0,16050.0,0.0,,,,,
2021-12-10,0.0,0.0,0.0,16050.0,0.0,,,,,
2021-12-13,0.0,0.0,0.0,16050.0,0.0,,,,,
2021-12-14,0.0,0.0,0.0,16050.0,0.0,,,,,
2021-12-15,0.0,0.0,0.0,16050.0,0.0,,,,,
2021-12-16,0.0,0.0,0.0,16050.0,0.0,,,,,
2021-12-17,0.0,0.0,0.0,16050.0,0.0,,,,,
2021-12-20,0.0,0.0,0.0,16050.0,0.0,,,,,
2021-12-21,0.0,0.0,0.0,16050.0,0.0,,,,,
2021-12-22,0.0,0.0,0.0,16050.0,0.0,,,,,
2021-12-23,0.0,0.0,0.0,16050.0,0.0,,,,,
2021-12-24,0.0,0.0,0.0,16050.0,0.0,,,,,
2021-12-27,0.0,0.0,0.0,16050.0,0.0,,,,,
2021-12-28,0.0,0.0,0.0,16050.0,0.0,,,,,
2021-12-29,0.0,0.0,0.0,16050.0,0.0,,,,,
2021-12-30,0.0,0.0,0.0,16050.0,0.0,,,,,
2022-01-03,0.0,0.0,0.0,16050.0,0.0,,,,,
2022-01-04,0.0,0.0,0.0,16050.0,0.0,,,,,
2022-01-05,0.0,0.0,0.0,16050.0,0.0,,,,,
2022-01-06,0.0,0.0,0.0,16050.0,0.0,,,,,
2022-01-07,0.0,0.0,0.0,16050.0,0.0,,,,,
2022-01-10,0.0,0.0,0.0,16050.0,0.0,,,,,
2022-01-11,0.0,0.0,0.0,16050.0,0.0,,,,,
2022-01-12,0.0,0.0,0.0,16050.0,0.0,,,,,
2022-01-13,0.0,0.0,0.0,16050.0,0.0,,,,,
2022-01-14,0.0,0.0,0.0,16050.0,0.0,,,,,
2022-01-17,0.0,0.0,0.0,16050.0,0.0,,,,,
2022-01-18,0.0,0.0,0.0,16050.0,0.0,,,,,
2022-01-19,0.0,0.0,0.0,16050.0,0.0,,,,,
2022-01-20,0.0,0.0,0.0,16050.0,0.0,,,,,
2022-01-21,0.0,0.0,0.0,16050.0,0.0,,,,,
2022-01-24,0.0,0.0,0.0,16050.0,0.0,,,,,
2022-01-25,0.0,0.0,0.0,16050.0,0.0,,,,,
2022-01-26,0.0,0.0,0.0,16050.0,0.0,,,,,
2022-01-27,0.0,0.0,0.0,16050.0,0.0,,,,,
2022-01-28,0.0,0.0,0.0,16050.0,0.0,,,,,
2022-02-03,0.0,0.0,0.0,16050.0,0.0,,,,,
2022-02-04,0.0,0.0,0.0,16050.0,0.0,,,,,
2022-02-07,0.0,0.0,0.0,16050.0,0.0,,,,,
2022-02-08,0.0,0.0,0.0,16050.0,0.0,,,,,
2022-02-09,0.0,0.0,0.0,16050.0,0.0,,,,,
2022-02-10,0.0,0.0,0.0,16050.0,0.0,,,,,
2022-02-11,0.0,0.0,0.0,16050.0,0.0,,,,,
2022-02-14,0.0,0.0,0.0,16050.0,0.0,,,,,
2022-02-15,0.0,0.0,0.0,16050.0,0.0,,,,,
2022-02-16,0.0,0.0,0.0,16050.0,0.0,,,,,
2022-02-17,0.0,0.0,0.0,16050.0,0.0,,,,,
2022-02-18,0.0,0.0,0.0,16050.0,0.0,,,,,
2022-02-21,0.0,0.0,0.0,16050.0,0.0,,,,,
2022-02-22,0.0,0.0,0.0,16050.0,0.0,,,,,
2022-02-23,0.0,0.0,0.0,16050.0,0.0,,,,,
2022-02-24,0.0,0.0,0.0,16050.0,0.0,,,,,
2022-02-25,0.0,0.0,0.0,16050.0,0.0,,,,,
2022-02-28,0.0,0.0,0.0,16050.0,0.0,,,,,
2022-03-02,0.0,0.0,0.0,16050.0,0.0,,,,,
2022-03-03,0.0,0.0,0.0,16050.0,0.0,,,,,
2022-03-04,0.0,0.0,0.0,16050.0,0.0,,,,,
2022-03-07,0.0,0.0,0.0,16050.0,0.0,,,,,
2022-03-08,0.0,0.0,0.0,16050.0,0.0,,,,,
2022-03-10,0.0,0.0,0.0,16050.0,0.0,,,,,
2022-03-11,0.0,0.0,0.0,16050.0,0.0,,,,,
2022-03-14,0.0,0.0,0.0,16050.0,0.0,,,,,
2022-03-15,0.0,0.0,0.0,16050.0,0.0,,,,,
2022-03-16,0.0,0.0,0.0,16050.0,0.0,,,,,
2022-03-17,0.0,0.0,0.0,16050.0,0.0,,,,,
2022-03-18,0.0,0.0,0.0,16050.0,0.0,,,,,
2022-03-21,0.0,0.0,0.0,16050.0,0.0,,,,,
2022-03-22,0.0,0.0,0.0,16050.0,0.0,,,,,
2022-03-23,0.0,0.0,0.0,16050.0,0.0,,,,,
2022-03-24,0.0,0.0,0.0,16050.0,0.0,,,,,
2022-03-25,0.0,0.0,0.0,16050.0,0.0,,,,,
2022-03-28,0.0,0.0,0.0,16050.0,0.0,,,,,
2022-03-29,0.0,0.0,0.0,16050.0,0.0,,,,,
2022-03-30,0.0,0.0,0.0,16050.0,0.0,,,,,
2022-03-31,0.0,0.0,0.0,16050.0,0.0,,,,,
2022-04-01,0.0,0.0,0.0,16050.0,0.0,,,,,
2022-04-04,0.0,0.0,0.0,16050.0,0.0,,,,,
2022-04-05,0.0,0.0,0.0,16050.0,0.0,,,,,
2022-04-06,0.0,0.0,0.0,16050.0,0.0,,,,,
2022-04-07,0.0,0.0,0.0,16050.0,0.0,,,,,
2022-04-08,0.0,0.0,0.0,16050.0,0.0,,,,,
2022-04-11,0.0,0.0,0.0,16050.0,0.0,,,,,
2022-04-12,0.0,0.0,0.0,16050.0,0.0,,,,,
2022-04-13,0.0,0.0,0.0,16050.0,0.0,,,,,
2022-04-14,0.0,0.0,0.0,16050.0,0.0,,,,,
2022-04-15,0.0,0.0,0.0,16050.0,0.0,,,,,
2022-04-18,0.0,0.0,0.0,16050.0,0.0,,,,,
2022-04-19,0.0,0.0,0.0,16050.0,0.0,,,,,
2022-04-20,0.0,0.0,0.0,16050.0,0.0,,,,,
2022-04-21,0.0,0.0,0.0,16050.0,0.0,,,,,
2022-04-22,0.0,0.0,0.0,16050.0,0.0,,,,,
2022-04-25,0.0,0.0,0.0,16050.0,0.0,,,,,
2022-04-26,0.0,0.0,0.0,16050.0,0.0,,,,,
2022-04-27,0.0,0.0,0.0,16050.0,0.0,,,,,
2022-04-28,0.0,0.0,0.0,16050.0,0.0,,,,,
2022-04-29,0.0,0.0,0.0,16050.0,0.0,,,,,
2022-05-02,0.0,0.0,0.0,16050.0,0.0,,,,,
2022-05-03,0.0,0.0,0.0,16050.0,0.0,,,,,
2022-05-04,0.0,0.0,0.0,16050.0,0.0,,,,,
2022-05-06,0.0,0.0,0.0,16050.0,0.0,,,,,
2022-05-09,0.0,0.0,0.0,16050.0,0.0,,,,,
2022-05-10,0.0,0.0,0.0,16050.0,0.0,,,,,
2022-05-11,0.0,0.0,0.0,16050.0,0.0,,,,,
2022-05-12,0.0,0.0,0.0,16050.0,0.0,,,,,
2022-05-13,0.0,0.0,0.0,16050.0,0.0,,,,,
2022-05-16,0.0,0.0,0.0,16050.0,0.0,,,,,
2022-05-17,0.0,0.0,0.0,16050.0,0.0,,,,,
2022-05-18,0.0,0.0,0.0,16050.0,0.0,,,,,
2022-05-19,0.0,0.0,0.0,16050.0,0.0,,,,,
2022-05-20,0.0,0.0,0.0,16050.0,0.0,,,,,
2022-05-23,0.0,0.0,0.0,16050.0,0.0,,,,,
2022-05-24,0.0,0.0,0.0,16050.0,0.0,,,,,
2022-05-25,0.0,0.0,0.0,16050.0,0.0,,,,,
2022-05-26,0.0,0.0,0.0,16050.0,0.0,,,,,
2022-05-27,0.0,0.0,0.0,16050.0,0.0,,,,,
2022-05-30,0.0,0.0,0.0,16050.0,0.0,,,,,
2022-05-31,0.0,0.0,0.0,16050.0,0.0,,,,,
2022-06-02,0.0,0.0,0.0,16050.0,0.0,,,,,
2022-06-03,0.0,0.0,0.0,16050.0,0.0,,,,,
2022-06-07,0.0,0.0,0.0,16050.0,0.0,,,,,
2022-06-08,0.0,0.0,0.0,16050.0,0.0,,,,,
2022-06-09,0.0,0.0,0.0,16050.0,0.0,,,,,
2022-06-10,0.0,0.0,0.0,16050.0,0.0,,,,,
2022-06-13,0.0,0.0,0.0,16050.0,0.0,,,,,
2022-06-14,0.0,0.0,0.0,16050.0,0.0,,,,,
2022-06-15,0.0,0.0,0.0,16050.0,0.0,,,,,
2022-06-16,0.0,0.0,0.0,16050.0,0.0,,,,,
2022-06-17,0.0,0.0,0.0,16050.0,0.0,,,,,
2022-06-20,0.0,0.0,0.0,16050.0,0.0,,,,,
2022-06-21,0.0,0.0,0.0,16050.0,0.0,,,,,
2022-06-22,0.0,0.0,0.0,16050.0,0.0,,,,,
2022-06-23,0.0,0.0,0.0,16050.0,0.0,,,,,
2022-06-24,0.0,0.0,0.0,16050.0,0.0,,,,,
2022-06-27,0.0,0.0,0.0,16050.0,0.0,,,,,
2022-06-28,0.0,0.0,0.0,16050.0,0.0,,,,,
2022-06-29,0.0,0.0,0.0,16050.0,0.0,,,,,
2022-06-30,0.0,0.0,0.0,16050.0,0.0,,,,,
2022-07-01,0.0,0.0,0.0,16050.0,0.0,,,,,
2022-07-04,0.0,0.0,0.0,16050.0,0.0,,,,,
2022-07-05,0.0,0.0,0.0,16050.0,0.0,,,,,
2022-07-06,0.0,0.0,0.0,16050.0,0.0,,,,,
2022-07-07,0.0,0.0,0.0,16050.0,0.0,,,,,
2022-07-08,0.0,0.0,0.0,16050.0,0.0,,,,,
2022-07-11,0.0,0.0,0.0,16050.0,0.0,,,,,
2022-07-12,0.0,0.0,0.0,16050.0,0.0,,,,,
2022-07-13,0.0,0.0,0.0,16050.0,0.0,,,,,
2022-07-14,0.0,0.0,0.0,16050.0,0.0,,,,,
2022-07-15,0.0,0.0,0.0,16050.0,0.0,,,,,
2022-07-18,0.0,0.0,0.0,16050.0,0.0,,,,,
2022-07-19,0.0,0.0,0.0,16050.0,0.0,,,,,
2022-07-20,0.0,0.0,0.0,16050.0,0.0,,,,,
2022-07-21,0.0,0.0,0.0,16050.0,0.0,,,,,
2022-07-22,0.0,0.0,0.0,16050.0,0.0,,,,,
2022-07-25,0.0,0.0,0.0,16050.0,0.0,,,,,
2022-07-26,0.0,0.0,0.0,16050.0,0.0,,,,,
2022-07-27,0.0,0.0,0.0,16050.0,0.0,,,,,
2022-07-28,0.0,0.0,0.0,16050.0,0.0,,,,,
2022-07-29,0.0,0.0,0.0,16050.0,0.0,,,,,
2022-08-01,0.0,0.0,0.0,16050.0,0.0,,,,,
2022-08-02,0.0,0.0,0.0,16050.0,0.0,,,,,
2022-08-03,0.0,0.0,0.0,16050.0,0.0,,,,,
2022-08-04,0.0,0.0,0.0,16050.0,0.0,,,,,
2022-08-05,0.0,0.0,0.0,16050.0,0.0,,,,,
2022-08-08,0.0,0.0,0.0,16050.0,0.0,,,,,
2022-08-09,0.0,0.0,0.0,16050.0,0.0,,,,,
2022-08-10,0.0,0.0,0.0,16050.0,0.0,,,,,
2022-08-11,0.0,0.0,0.0,16050.0,0.0,,,,,
2022-08-12,0.0,0.0,0.0,16050.0,0.0,,,,,
2022-08-16,0.0,0.0,0.0,16050.0,0.0,,,,,
2022-08-17,0.0,0.0,0.0,16050.0,0.0,,,,,
2022-08-18,0.0,0.0,0.0,16050.0,0.0,,,,,
2022-08-19,0.0,0.0,0.0,16050.0,0.0,,,,,
2022-08-22,0.0,0.0,0.0,16050.0,0.0,,,,,
2022-08-23,0.0,0.0,0.0,16050.0,0.0,,,,,
2022-08-24,0.0,0.0,0.0,16050.0,0.0,,,,,
2022-08-25,0.0,0.0,0.0,16050.0,0.0,,,,,
2022-08-26,0.0,0.0,0.0,16050.0,0.0,,,,,
2022-08-29,0.0,0.0,0.0,16050.0,0.0,,,,,
2022-08-30,0.0,0.0,0.0,16050.0,0.0,,,,,
2022-08-31,0.0,0.0,0.0,16050.0,0.0,,,,,
2022-09-01,0.0,0.0,0.0,16050.0,0.0,,,,,
2022-09-02,0.0,0.0,0.0,16050.0,0.0,,,,,
2022-09-05,0.0,0.0,0.0,16050.0,0.0,,,,,
2022-09-06,0.0,0.0,0.0,16050.0,0.0,,,,,
2022-09-07,0.0,0.0,0.0,16050.0,0.0,,,,,
2022-09-08,0.0,0.0,0.0,16050.0,0.0,,,,,
2022-09-13,0.0,0.0,0.0,16050.0,0.0,,,,,
2022-09-14,0.0,0.0,0.0,16050.0,0.0,,,,,
2022-09-15,0.0,0.0,0.0,16050.0,0.0,,,,,
2022-09-16,0.0,0.0,0.0,16050.0,0.0,,,,,
2022-09-19,0.0,0.0,0.0,16050.0,0.0,,,,,
2022-09-20,0.0,0.0,0.0,16050.0,0.0,,,,,
2022-09-21,0.0,0.0,0.0,16050.0,0.0,,,,,
2022-09-22,0.0,0.0,0.0,16050.0,0.0,,,,,
2022-09-23,0.0,0.0,0.0,16050.0,0.0,,,,,
2022-09-26,0.0,0.0,0.0,16050.0,0.0,,,,,
2022-09-27,0.0,0.0,0.0,16050.0,0.0,,,,,
2022-09-28,0.0,0.0,0.0,16050.0,0.0,,,,,
2022-09-29,0.0,0.0,0.0,16050.0,0.0,,,,,
2022-09-30,0.0,0.0,0.0,16050.0,0.0,,,,,
2022-10-04,0.0,0.0,0.0,16050.0,0.0,,,,,
2022-10-05,0.0,0.0,0.0,16050.0,0.0,,,,,
2022-10-06,0.0,0.0,0.0,16050.0,0.0,,,,,
2022-10-07,0.0,0.0,0.0,16050.0,0.0,,,,,
2022-10-11,0.0,0.0,0.0,16050.0,0.0,,,,,
2022-10-12,0.0,0.0,0.0,16050.0,0.0,,,,,
2022-10-13,0.0,0.0,0.0,16050.0,0.0,,,,,
2022-10-14,0.0,0.0,0.0,16050.0,0.0,,,,,
2022-10-17,0.0,0.0,0.0,16050.0,0.0,,,,,
2022-10-18,0.0,0.0,0.0,16050.0,0.0,,,,,
2022-10-19,0.0,0.0,0.0,16050.0,0.0,,,,,
2022-10-20,0.0,0.0,0.0,16050.0,0.0,,,,,
2022-10-21,0.0,0.0,0.0,16050.0,0.0,,,,,
2022-10-24,0.0,0.0,0.0,16050.0,0.0,,,,,
2022-10-25,16050.0,20850.0,16050.0,20850.0,1931850.0,,,,,
2022-10-26,22500.0,24500.0,18500.0,18850.0,18098793.0,,,,,
2022-10-27,19550.0,19850.0,17600.0,17700.0,3935180.0,,,,,
2022-10-28,17300.0,17450.0,14900.0,15500.0,3925143.0,,,,,
2022-10-31,15850.0,15950.0,14900.0,15200.0,1338567.0,,,,,
2022-11-01,15150.0,15200.0,12950.0,13950.0,3562139.0,,,,,
2022-11-02,13750.0,14300.0,13350.0,13400.0,1070355.0,,,,,
2022-11-03,13250.0,14000.0,12900.0,13750.0,1213207.0,,,,,
2022-11-04,13500.0,13700.0,12900.0,12950.0,830094.0,,,,,
2022-11-07,13050.0,13100.0,12300.0,12400.0,741410.0,,,,,
2022-11-08,12550.0,12750.0,12250.0,12500.0,706491.0,,,,,
2022-11-09,12600.0,13350.0,12400.0,12800.0,1142534.0,,,,,
2022-11-10,12500.0,12650.0,12200.0,12300.0,528695.0,,,,,
2022-11-11,12600.0,12600.0,12000.0,12200.0,637991.0,,,,,
2022-11-14,12100.0,12100.0,11600.0,11800.0,663261.0,,,,,
2022-11-15,11700.0,11800.0,11550.0,11550.0,377970.0,,,,,
2022-11-16,11550.0,11600.0,11100.0,11150.0,510836.0,,,,,
2022-11-17,11150.0,12300.0,11100.0,11400.0,1387572.0,,,,,
2022-11-18,11400.0,11550.0,11150.0,11150.0,333189.0,,,,,
2022-11-21,11200.0,13300.0,11150.0,12350.0,3312549.0,,,,,
2022-11-22,12150.0,12250.0,11600.0,11800.0,768633.0,,,,,
2022-11-23,11850.0,11900.0,11300.0,11400.0,485886.0,,,,,
2022-11-24,11350.0,11650.0,11250.0,11500.0,304390.0,,,,,
2022-11-25,11450.0,11850.0,11350.0,11450.0,297960.0,,,,,
2022-11-28,11500.0,11500.0,10850.0,10950.0,344831.0,,,,,
2022-11-29,10750.0,11100.0,10650.0,10950.0,241124.0,,,,,
2022-11-30,10950.0,10950.0,10700.0,10700.0,220311.0,,,,,
2022-12-01,10800.0,11050.0,10750.0,10800.0,286429.0,,,,,
2022-12-02,10750.0,11050.0,10650.0,10750.0,224091.0,,,,,
2022-12-05,11000.0,11500.0,10850.0,11200.0,425545.0,,,,,
2022-12-06,11050.0,11650.0,11000.0,11250.0,278188.0,,,,,
2022-12-07,11150.0,11750.0,11000.0,11550.0,359986.0,,,,,
2022-12-08,11550.0,11600.0,11150.0,11450.0,235615.0,,,,,
2022-12-09,11450.0,11650.0,11300.0,11500.0,176213.0,,,,,
2022-12-12,11500.0,11700.0,11300.0,11500.0,159126.0,,,,,
2022-12-13,11500.0,11550.0,11150.0,11150.0,247325.0,,,,,
2022-12-14,11150.0,11350.0,11050.0,11200.0,182181.0,,,,,
2022-12-15,11150.0,11500.0,11100.0,11200.0,137342.0,,,,,
2022-12-16,11050.0,11050.0,10650.0,10800.0,310240.0,,,,,
2022-12-19,10700.0,10700.0,10250.0,10350.0,252574.0,,,,,
2022-12-20,10200.0,10300.0,9960.0,9980.0,327189.0,,,,,
2022-12-21,10000.0,10150.0,9910.0,9990.0,177558.0,,,,,
2022-12-22,10050.0,10150.0,9950.0,9980.0,132158.0,,,,,
2022-12-23,9950.0,9950.0,9510.0,9510.0,255922.0,,,,,
2022-12-26,9510.0,9520.0,9300.0,9360.0,164511.0,,,,,
2022-12-27,9340.0,9570.0,9280.0,9300.0,170702.0,,,,,
2022-12-28,9300.0,9480.0,9150.0,9170.0,146760.0,,,,,
2022-12-29,9110.0,9190.0,8830.0,8890.0,213257.0,,,,,
2023-01-02,8950.0,9230.0,8860.0,8860.0,157299.0,,,,,
2023-01-03,8910.0,8910.0,8420.0,8800.0,207534.0,,,,,
2023-01-04,8650.0,8960.0,8650.0,8870.0,110894.0,,,,,
2023-01-05,8870.0,9170.0,8870.0,8970.0,134638.0,,,,,
2023-01-06,8950.0,9190.0,8810.0,9120.0,105208.0,,,,,
2023-01-09,9150.0,9380.0,9100.0,9320.0,149678.0,,,,,
2023-01-10,9320.0,10800.0,9260.0,10350.0,1126295.0,,,,,
2023-01-11,10250.0,10500.0,9960.0,10100.0,279164.0,,,,,
2023-01-12,10100.0,10750.0,9840.0,10550.0,448469.0,,,,,
2023-01-13,10600.0,10650.0,10200.0,10300.0,146980.0,,,,,
2023-01-16,10200.0,10550.0,10200.0,10250.0,117508.0,,,,,
2023-01-17,10350.0,10350.0,9910.0,9920.0,207351.0,,,,,
2023-01-18,9930.0,9950.0,9770.0,9850.0,129413.0,,,,,
2023-01-19,9790.0,9880.0,9680.0,9820.0,73369.0,,,,,
2023-01-20,9820.0,9950.0,9770.0,9820.0,66952.0,,,,,
2023-01-25,9830.0,10120.0,9830.0,10030.0,98329.0,,,,,
2023-01-26,10040.0,10070.0,9940.0,9960.0,98509.0,,,,,
2023-01-27,10000.0,10090.0,9930.0,9970.0,97465.0,,,,,
2023-01-30,9990.0,10030.0,9490.0,9790.0,161960.0,,,,,
2023-01-31,9780.0,9780.0,9500.0,9500.0,182549.0,,,,,
2023-02-01,9530.0,10050.0,9510.0,9870.0,184871.0,,,,,
2023-02-02,9880.0,9990.0,9800.0,9880.0,165303.0,,,,,
2023-02-03,9900.0,10150.0,9900.0,10000.0,198636.0,,,,,
2023-02-06,9950.0,10130.0,9910.0,9970.0,121866.0,,,,,
2023-02-07,9970.0,10090.0,9910.0,10070.0,105113.0,,,,,
2023-02-08,10070.0,10120.0,10010.0,10080.0,136405.0,,,,,
2023-02-09,10100.0,10860.0,9990.0,10330.0,424279.0,,,,,
2023-02-10,10250.0,10270.0,9970.0,10040.0,226932.0,,,,,
2023-02-13,10040.0,10050.0,9890.0,9890.0,153588.0,,,,,
2023-02-14,9670.0,9900.0,9670.0,9800.0,144298.0,,,,,
2023-02-15,9800.0,9840.0,9360.0,9420.0,233092.0,,,,,
2023-02-16,9410.0,9610.0,9390.0,9470.0,102797.0,,,,,
2023-02-17,9480.0,9620.0,9310.0,9450.0,107514.0,,,,,
2023-02-20,9450.0,9910.0,9310.0,9800.0,151906.0,,,,,
2023-02-21,9680.0,9960.0,9680.0,9800.0,66005.0,,,,,
2023-02-22,9610.0,9760.0,9560.0,9590.0,98417.0,,,,,
2023-02-23,9590.0,9750.0,9570.0,9610.0,68754.0,,,,,
2023-02-24,9530.0,9770.0,9420.0,9560.0,130690.0,,,,,
2023-02-27,9560.0,9560.0,9360.0,9430.0,77844.0,,,,,
2023-02-28,9430.0,9510.0,9420.0,9450.0,46269.0,,,,,
2023-03-02,9430.0,9630.0,9400.0,9440.0,81444.0,,,,,
2023-03-03,9460.0,9550.0,9430.0,9530.0,49397.0,,,,,
2023-03-06,9470.0,9560.0,9380.0,9420.0,99163.0,,,,,
2023-03-07,9410.0,9420.0,9250.0,9300.0,103262.0,,,,,
2023-03-08,9190.0,9290.0,9000.0,9130.0,146562.0,,,,,
2023-03-09,9050.0,9120.0,8940.0,8960.0,105122.0,,,,,
2023-03-10,8940.0,8960.0,8780.0,8860.0,114817.0,,,,,
2023-03-13,8900.0,8900.0,8730.0,8830.0,96019.0,,,,,
2023-03-14,8830.0,8830.0,8590.0,8600.0,108979.0,,,,,
2023-03-15,8700.0,8840.0,8670.0,8800.0,64707.0,,,,,
2023-03-16,8750.0,8750.0,8520.0,8670.0,80081.0,,,,,
2023-03-17,8880.0,9000.0,8650.0,8930.0,77170.0,,,,,
2023-03-20,8930.0,9420.0,8920.0,9150.0,119024.0,,,,,
2023-03-21,9250.0,9280.0,8950.0,8960.0,57209.0,,,,,
2023-03-22,8980.0,9050.0,8850.0,8900.0,67590.0,,,,,
2023-03-23,8770.0,8900.0,8690.0,8710.0,90377.0,,,,,
2023-03-24,8860.0,10060.0,8710.0,9460.0,611910.0,,,,,
2023-03-27,9590.0,9600.0,9050.0,9470.0,144934.0,,,,,
2023-03-28,9470.0,9550.0,9050.0,9470.0,102582.0,,,,,
2023-03-29,9440.0,9440.0,9220.0,9240.0,84045.0,,,,,
2023-03-30,9250.0,9370.0,9190.0,9250.0,84553.0,,,,,
2023-03-31,9260.0,9550.0,9250.0,9390.0,118046.0,,,,,
2023-04-03,9450.0,9570.0,9400.0,9490.0,82034.0,,,,,
2023-04-04,9550.0,10050.0,9400.0,9950.0,302516.0,,,,,
2023-04-05,9960.0,10350.0,9790.0,10050.0,260269.0,,,,,
2023-04-06,10240.0,10530.0,10010.0,10330.0,333435.0,,,,,
2023-04-07,10350.0,10450.0,9850.0,10300.0,174818.0,,,,,
2023-04-10,10270.0,10270.0,9930.0,10010.0,216795.0,,,,,
2023-04-11,10000.0,10250.0,9850.0,10200.0,141951.0,,,,,
2023-04-12,10080.0,10280.0,10030.0,10230.0,112717.0,,,,,
2023-04-13,10240.0,10570.0,10030.0,10490.0,194252.0,,,,,
2023-04-14,10560.0,11440.0,10560.0,10990.0,613896.0,,,,,
2023-04-17,11090.0,11170.0,10750.0,10890.0,200527.0,,,,,
2023-04-18,10700.0,11310.0,10700.0,11250.0,247682.0,,,,,
2023-04-19,11300.0,11300.0,10650.0,10990.0,163404.0,,,,,
2023-04-20,10990.0,11070.0,10540.0,10620.0,165911.0,,,,,
2023-04-21,10580.0,10750.0,10400.0,10400.0,118193.0,,,,,
2023-04-24,10530.0,11080.0,10360.0,10680.0,173851.0,,,,,
2023-04-25,10780.0,10950.0,10410.0,10600.0,117874.0,,,,,
2023-04-26,10410.0,10780.0,10360.0,10520.0,126994.0,,,,,
2023-04-27,10360.0,10650.0,10220.0,10350.0,196924.0,,,,,
2023-04-28,10950.0,11300.0,10560.0,10900.0,491268.0,,,,,
2023-05-02,10950.0,10980.0,10590.0,10880.0,119504.0,,,,,
2023-05-03,10880.0,10900.0,10590.0,10600.0,97037.0,,,,,
2023-05-04,10580.0,10720.0,10460.0,10700.0,54151.0,,,,,
2023-05-08,10820.0,10820.0,10590.0,10620.0,87671.0,,,,,
2023-05-09,10560.0,10690.0,10400.0,10410.0,79150.0,,,,,
2023-05-10,10310.0,10440.0,10150.0,10300.0,84380.0,,,,,
2023-05-11,10110.0,10470.0,10110.0,10160.0,56806.0,,,,,
2023-05-12,10160.0,10160.0,9950.0,9990.0,101165.0,,,,,
2023-05-15,9900.0,10100.0,9800.0,10070.0,71892.0,,,,,
2023-05-16,10130.0,10130.0,9910.0,9970.0,49033.0,,,,,
2023-05-17,9970.0,10020.0,9880.0,9980.0,55340.0,,,,,
2023-05-18,9990.0,10000.0,9840.0,9900.0,60886.0,,,,,
2023-05-19,9990.0,10040.0,9900.0,10010.0,56857.0,,,,,
2023-05-22,10030.0,10100.0,9890.0,9990.0,59280.0,,,,,
2023-05-23,9930.0,10060.0,9910.0,9960.0,62594.0,,,,,
2023-05-24,9950.0,10020.0,9900.0,9920.0,57647.0,,,,,
2023-05-25,9930.0,10010.0,9900.0,9960.0,59457.0,,,,,
2023-05-26,9960.0,9960.0,9740.0,9750.0,76901.0,,,,,
2023-05-30,9760.0,9810.0,9680.0,9720.0,60615.0,,,,,
2023-05-31,9720.0,9770.0,9560.0,9660.0,41595.0,,,,,
2023-06-01,9800.0,9910.0,9660.0,9780.0,33691.0,,,,,
2023-06-02,9900.0,9900.0,9740.0,9830.0,31697.0,,,,,
2023-06-05,9850.0,9920.0,9700.0,9880.0,43550.0,,,,,
2023-06-07,9590.0,9830.0,9590.0,9690.0,84141.0,,,,,
2023-06-08,9790.0,9790.0,9570.0,9580.0,43877.0,,,,,
2023-06-09,9680.0,9680.0,9550.0,9580.0,49212.0,,,,,
2023-06-12,9580.0,9670.0,9480.0,9500.0,55460.0,,,,,
2023-06-13,9500.0,9620.0,9470.0,9520.0,47856.0,,,,,
2023-06-14,9550.0,9550.0,9310.0,9340.0,80848.0,,,,,
2023-06-15,9340.0,9440.0,9120.0,9270.0,75552.0,,,,,
2023-06-16,9390.0,9630.0,9300.0,9600.0,65777.0,,,,,
2023-06-19,9600.0,10150.0,9600.0,9990.0,157945.0,,,,,
2023-06-20,9990.0,10000.0,9750.0,9890.0,57709.0,,,,,
2023-06-21,9870.0,9900.0,9580.0,9620.0,58190.0,,,,,
2023-06-22,9570.0,9770.0,9500.0,9610.0,33677.0,,,,,
2023-06-23,9610.0,10000.0,9500.0,9660.0,51562.0,,,,,
2023-06-26,9500.0,9790.0,9450.0,9560.0,40332.0,,,,,
2023-06-27,9780.0,9990.0,9560.0,9810.0,92258.0,,,,,
2023-06-28,9660.0,9800.0,9550.0,9560.0,56126.0,,,,,
2023-06-29,9560.0,9620.0,9310.0,9340.0,60785.0,,,,,
2023-06-30,9330.0,9490.0,9300.0,9470.0,31095.0,,,,,
2023-07-03,9550.0,9750.0,9440.0,9660.0,52211.0,,,,,
2023-07-04,9760.0,10600.0,9550.0,9750.0,216533.0,,,,,
2023-07-05,9770.0,9880.0,9530.0,9630.0,71632.0,,,,,
2023-07-06,9750.0,9750.0,9400.0,9430.0,54707.0,,,,,
2023-07-07,9490.0,9490.0,9260.0,9430.0,74806.0,,,,,
2023-07-10,9320.0,9500.0,9290.0,9300.0,68735.0,,,,,
2023-07-11,9310.0,9370.0,9250.0,9300.0,57606.0,,,,,
2023-07-12,9420.0,9420.0,9220.0,9300.0,42214.0,,,,,
2023-07-13,9310.0,9680.0,9310.0,9390.0,61002.0,,,,,
2023-07-14,9460.0,9460.0,9240.0,9270.0,69607.0,,,,,
2023-07-17,9270.0,9310.0,9070.0,9100.0,70943.0,,,,,
2023-07-18,9100.0,9140.0,8930.0,9000.0,88380.0,,,,,
2023-07-19,8950.0,9120.0,8950.0,9020.0,48515.0,,,,,
2023-07-20,8930.0,9040.0,8920.0,8990.0,37626.0,,,,,
2023-07-21,8920.0,9180.0,8890.0,9000.0,45894.0,,,,,
2023-07-24,8950.0,9000.0,8760.0,8790.0,105499.0,,,,,
2023-07-25,8780.0,8790.0,8570.0,8590.0,96481.0,,,,,
2023-07-26,8520.0,8730.0,8130.0,8140.0,202319.0,,,,,
2023-07-27,8150.0,8530.0,8150.0,8330.0,72915.0,,,,,
2023-07-28,8330.0,8440.0,8270.0,8370.0,51842.0,,,,,
2023-07-31,8370.0,8830.0,8370.0,8760.0,61450.0,,,,,
2023-08-01,8750.0,9020.0,8710.0,8870.0,54165.0,,,,,
2023-08-02,8710.0,8980.0,8550.0,8580.0,57053.0,,,,,
2023-08-03,8650.0,8950.0,8500.0,8790.0,56822.0,,,,,
2023-08-04,8900.0,8990.0,8750.0,8840.0,56720.0,,,,,
2023-08-07,9120.0,9370.0,8900.0,9100.0,110670.0,,,,,
2023-08-08,9000.0,9410.0,8970.0,9190.0,87528.0,,,,,
2023-08-09,9160.0,9450.0,9090.0,9370.0,68698.0,,,,,
2023-08-10,9330.0,9790.0,9290.0,9700.0,130844.0,,,,,
2023-08-11,9700.0,9710.0,9540.0,9600.0,53746.0,,,,,
2023-08-14,9740.0,10050.0,9630.0,9790.0,143431.0,,,,,
2023-08-16,9790.0,9890.0,9580.0,9600.0,83184.0,,,,,
2023-08-17,9580.0,9850.0,9450.0,9700.0,76171.0,,,,,
2023-08-18,9620.0,9720.0,9520.0,9560.0,68222.0,,,,,
2023-08-21,9520.0,9760.0,9500.0,9680.0,63418.0,,,,,
2023-08-22,9680.0,9740.0,9290.0,9400.0,65035.0,,,,,
2023-08-23,9400.0,9580.0,9300.0,9320.0,43742.0,,,,,
2023-08-24,9320.0,9440.0,9200.0,9240.0,56445.0,,,,,
2023-08-25,9190.0,9370.0,9070.0,9070.0,54554.0,,,,,
2023-08-28,9110.0,9190.0,9050.0,9070.0,60109.0,,,,,
2023-08-29,9080.0,9260.0,9080.0,9130.0,42250.0,,,,,
2023-08-30,9180.0,9300.0,9150.0,9190.0,40315.0,,,,,
2023-08-31,9230.0,9460.0,9140.0,9300.0,55092.0,,,,,
2023-09-01,9230.0,9400.0,9120.0,9130.0,49328.0,,,,,
2023-09-04,9200.0,9200.0,9040.0,9090.0,38748.0,,,,,
2023-09-05,9030.0,9120.0,9030.0,9040.0,24693.0,,,,,
2023-09-06,9050.0,9130.0,8980.0,9040.0,43941.0,,,,,
2023-09-07,9010.0,9170.0,8930.0,8990.0,52946.0,,,,,
2023-09-08,9000.0,9120.0,8850.0,9010.0,48971.0,,,,,
2023-09-11,9010.0,9450.0,8960.0,9160.0,115280.0,,,,,
2023-09-12,9220.0,9410.0,9150.0,9200.0,55761.0,,,,,
2023-09-13,9120.0,9230.0,8980.0,9090.0,62475.0,,,,,
2023-09-14,9030.0,9130.0,8930.0,9060.0,43390.0,,,,,
2023-09-15,9200.0,9200.0,8910.0,8960.0,79711.0,,,,,
2023-09-18,8960.0,9090.0,8780.0,8980.0,49230.0,,,,,
2023-09-19,8830.0,9040.0,8830.0,8970.0,38185.0,,,,,
2023-09-20,8960.0,8980.0,8830.0,8950.0,37212.0,,,,,
2023-09-21,8910.0,8980.0,8740.0,8770.0,53050.0,,,,,
2023-09-22,8650.0,8820.0,8650.0,8800.0,33958.0,,,,,
2023-09-25,8940.0,8940.0,8650.0,8680.0,38651.0,,,,,
2023-09-26,8820.0,8820.0,8620.0,8660.0,31758.0,,,,,
2023-09-27,8610.0,8950.0,8550.0,8860.0,28486.0,,,,,
2023-10-04,8860.0,8860.0,8580.0,8580.0,39618.0,,,,,
2023-10-05,8620.0,8670.0,8300.0,8350.0,45457.0,,,,,
2023-10-06,8520.0,8540.0,8330.0,8530.0,24167.0,,,,,
2023-10-10,8530.0,8640.0,8210.0,8320.0,42760.0,,,,,
2023-10-11,8310.0,8570.0,8310.0,8500.0,21916.0,,,,,
2023-10-12,8500.0,8630.0,8460.0,8500.0,21488.0,,,,,
2023-10-13,8510.0,8600.0,8430.0,8550.0,40457.0,,,,,
2023-10-16,8470.0,8530.0,8310.0,8360.0,28852.0,,,,,
2023-10-17,8500.0,8550.0,8380.0,8400.0,16135.0,,,,,
2023-10-18,8400.0,8530.0,8310.0,8430.0,29414.0,,,,,
2023-10-19,8410.0,8530.0,8310.0,8330.0,48521.0,,,,,
2023-10-20,8300.0,8310.0,8150.0,8240.0,68993.0,,,,,
2023-10-23,8200.0,8400.0,8150.0,8200.0,31290.0,,,,,
2023-10-24,8200.0,8400.0,8100.0,8310.0,30303.0,,,,,
2023-10-25,8310.0,8400.0,8220.0,8220.0,15321.0,,,,,
2023-10-26,8220.0,8280.0,8050.0,8110.0,33725.0,,,,,
2023-10-27,8120.0,8540.0,7710.0,8440.0,72470.0,,,,,
2023-10-30,8340.0,8520.0,8330.0,8380.0,20019.0,,,,,
2023-10-31,8450.0,8450.0,8100.0,8220.0,34593.0,,,,,
2023-11-01,8220.0,8500.0,7860.0,8370.0,55171.0,,,,,
2023-11-02,8490.0,8540.0,8390.0,8480.0,29606.0,,,,,
2023-11-03,8490.0,8990.0,8340.0,8640.0,125327.0,,,,,
2023-11-06,8640.0,8860.0,8560.0,8780.0,82042.0,,,,,
2023-11-07,8780.0,8920.0,8710.0,8850.0,43762.0,,,,,
2023-11-08,8800.0,8980.0,8760.0,8810.0,41163.0,,,,,
2023-11-09,8800.0,8800.0,8450.0,8530.0,44641.0,,,,,
2023-11-10,8460.0,8550.0,8310.0,8400.0,32402.0,,,,,
2023-11-13,8420.0,8460.0,8100.0,8120.0,64055.0,,,,,
2023-11-14,8120.0,8260.0,8110.0,8130.0,25579.0,,,,,
2023-11-15,8190.0,8300.0,8150.0,8250.0,26586.0,,,,,
2023-11-16,8230.0,9050.0,8140.0,8590.0,93501.0,,,,,
2023-11-17,8580.0,8960.0,8490.0,8700.0,84317.0,,,,,
2023-11-20,8700.0,8970.0,8560.0,8850.0,54172.0,,,,,
2023-11-21,8830.0,8970.0,8800.0,8850.0,21581.0,,,,,
2023-11-22,8840.0,8840.0,8650.0,8670.0,29535.0,,,,,
2023-11-23,8650.0,8820.0,8630.0,8750.0,25429.0,,,,,
2023-11-24,8760.0,8840.0,8640.0,8720.0,17663.0,,,,,
2023-11-27,8720.0,9200.0,8670.0,9010.0,107410.0,,,,,
2023-11-28,9110.0,9180.0,8850.0,9080.0,42818.0,,,,,
2023-11-29,9120.0,9150.0,8890.0,8960.0,35541.0,,,,,
2023-11-30,8880.0,9090.0,8840.0,8850.0,26763.0,,,,,
2023-12-01,8850.0,8960.0,8770.0,8850.0,34767.0,,,,,
2023-12-04,8790.0,8850.0,8630.0,8760.0,32832.0,,,,,
2023-12-05,8690.0,8960.0,8670.0,8680.0,29222.0,,,,,
2023-12-06,8660.0,8690.0,8500.0,8580.0,37336.0,,,,,
2023-12-07,8720.0,8720.0,8450.0,8570.0,23527.0,,,,,
2023-12-08,8570.0,8700.0,8480.0,8570.0,32012.0,,,,,
2023-12-11,8440.0,8700.0,8440.0,8670.0,36439.0,,,,,
2023-12-12,8670.0,8720.0,8490.0,8590.0,30062.0,,,,,
2023-12-13,8440.0,8650.0,8400.0,8550.0,44342.0,,,,,
2023-12-14,8550.0,8710.0,8410.0,8590.0,35754.0,,,,,
2023-12-15,8700.0,8730.0,8500.0,8570.0,40529.0,,,,,
2023-12-18,8770.0,8800.0,8340.0,8500.0,63022.0,,,,,
2023-12-19,8440.0,8600.0,8400.0,8430.0,53367.0,,,,,
2023-12-20,8430.0,8530.0,8240.0,8430.0,44844.0,,,,,
2023-12-21,8430.0,8550.0,8300.0,8400.0,60705.0,,,,,
2023-12-22,8500.0,8540.0,8320.0,8410.0,43848.0,,,,,
2023-12-26,8410.0,8530.0,8300.0,8360.0,42660.0,,,,,
2023-12-27,8480.0,8610.0,8320.0,8540.0,50305.0,,,,,
2023-12-28,8520.0,9190.0,8510.0,9020.0,134635.0,,,,,
2024-01-02,9020.0,9460.0,8960.0,9430.0,114842.0,,,,,
2024-01-03,9430.0,10300.0,9320.0,10210.0,458286.0,,,,,
2024-01-04,10240.0,10540.0,10040.0,10180.0,240200.0,,,,,
2024-01-05,10170.0,10590.0,10160.0,10200.0,113314.0,,,,,
2024-01-08,10200.0,10430.0,10150.0,10330.0,83587.0,,,,,
2024-01-09,10350.0,10600.0,10240.0,10550.0,113216.0,,,,,
2024-01-10,10650.0,10660.0,10440.0,10530.0,84536.0,,,,,
2024-01-11,10580.0,11940.0,10430.0,11690.0,835265.0,,,,,
2024-01-12,12010.0,12090.0,11210.0,12090.0,510077.0,,,,,
2024-01-15,12100.0,13250.0,11950.0,13180.0,840226.0,,,,,
2024-01-16,13180.0,13180.0,12500.0,13100.0,196207.0,,,,,
2024-01-17,13140.0,13140.0,12500.0,12780.0,177553.0,,,,,
2024-01-18,12870.0,12870.0,12450.0,12450.0,152333.0,,,,,
2024-01-19,12360.0,12360.0,10840.0,11510.0,518778.0,,,,,
2024-01-22,11230.0,11460.0,10860.0,11000.0,260419.0,,,,,
2024-01-23,10990.0,11670.0,10910.0,11400.0,156579.0,,,,,
2024-01-24,11780.0,11990.0,11430.0,11650.0,164910.0,,,,,
2024-01-25,11410.0,11760.0,11230.0,11530.0,76563.0,,,,,
2024-01-26,11520.0,11930.0,11290.0,11780.0,124025.0,,,,,
2024-01-29,11780.0,12550.0,11660.0,12310.0,241427.0,,,,,
2024-01-30,12320.0,12550.0,12140.0,12180.0,107086.0,,,,,
2024-01-31,12320.0,12320.0,11650.0,11690.0,131957.0,,,,,
2024-02-01,11670.0,11950.0,11160.0,11820.0,160239.0,,,,,
2024-02-02,11800.0,12300.0,11700.0,12290.0,166082.0,,,,,
2024-02-05,12290.0,12960.0,12150.0,12630.0,213468.0,,,,,
2024-02-06,12700.0,12850.0,12290.0,12420.0,104904.0,,,,,
2024-02-07,12640.0,12950.0,8870.0,9130.0,1977800.0,,,,,
2024-02-08,9140.0,10000.0,8610.0,9730.0,693819.0,,,,,
2024-02-13,9940.0,10360.0,9740.0,10230.0,232426.0,,,,,
2024-02-14,10280.0,10310.0,10040.0,10290.0,117042.0,,,,,
2024-02-15,10310.0,10960.0,10210.0,10490.0,159947.0,,,,,
2024-02-16,10580.0,10580.0,10160.0,10270.0,89286.0,,,,,
2024-02-19,10220.0,10400.0,10120.0,10290.0,79711.0,,,,,
2024-02-20,10240.0,10300.0,10050.0,10210.0,76322.0,,,,,
2024-02-21,10050.0,10180.0,9990.0,10030.0,79700.0,,,,,
2024-02-22,10000.0,10090.0,9910.0,10070.0,63746.0,,,,,
2024-02-23,10020.0,10220.0,9930.0,10050.0,87211.0,,,,,
2024-02-26,9910.0,10190.0,9910.0,10050.0,80488.0,,,,,
2024-02-27,9890.0,10260.0,9870.0,10050.0,103847.0,,,,,
2024-02-28,9990.0,10100.0,9960.0,10060.0,58283.0,,,,,
2024-02-29,10060.0,10200.0,9960.0,10000.0,53445.0,,,,,
2024-03-04,10000.0,10080.0,9600.0,9720.0,118289.0,,,,,
2024-03-05,9740.0,9740.0,9310.0,9500.0,145147.0,,,,,
2024-03-06,9510.0,9900.0,9420.0,9850.0,71418.0,,,,,
2024-03-07,9870.0,10070.0,9800.0,9900.0,50722.0,,,,,
2024-03-08,9840.0,10100.0,9670.0,10070.0,86785.0,,,,,
2024-03-11,10070.0,10930.0,10000.0,10790.0,205155.0,,,,,
2024-03-12,10950.0,11010.0,10420.0,10510.0,86946.0,,,,,
2024-03-13,10530.0,10880.0,10460.0,10800.0,87710.0,,,,,
2024-03-14,11070.0,12990.0,10850.0,12640.0,972824.0,,,,,
2024-03-15,12530.0,12720.0,12100.0,12640.0,207589.0,,,,,
2024-03-18,12640.0,13440.0,12360.0,13430.0,437306.0,,,,,
2024-03-19,13420.0,13640.0,13100.0,13140.0,206372.0,,,,,
2024-03-20,13320.0,13530.0,12030.0,12250.0,270839.0,,,,,
2024-03-21,13110.0,15920.0,12680.0,15920.0,3101597.0,,,,,
2024-03-22,16900.0,16900.0,14450.0,15070.0,1996999.0,,,,,
2024-03-25,15280.0,16250.0,14740.0,15010.0,1001774.0,,,,,
2024-03-26,15000.0,15340.0,14500.0,14680.0,480687.0,,,,,
2024-03-27,14450.0,14680.0,13260.0,13400.0,618370.0,,,,,
2024-03-28,13350.0,14100.0,13010.0,13500.0,342174.0,,,,,
2024-03-29,13160.0,13450.0,12860.0,12950.0,237690.0,,,,,
2024-04-01,12910.0,13450.0,12800.0,13360.0,144510.0,,,,,
2024-04-02,13350.0,13350.0,12020.0,12500.0,345120.0,,,,,
2024-04-03,12500.0,12700.0,12040.0,12490.0,153374.0,,,,,
2024-04-04,12620.0,12630.0,12190.0,12260.0,86939.0,,,,,
2024-04-05,12190.0,12320.0,11590.0,11950.0,163262.0,,,,,
2024-04-08,11990.0,12130.0,11590.0,11760.0,103887.0,,,,,
2024-04-09,11570.0,11890.0,11500.0,11740.0,102362.0,,,,,
2024-04-11,11790.0,11790.0,11310.0,11360.0,138835.0,,,,,
2024-04-12,11300.0,11740.0,11200.0,11350.0,102242.0,,,,,
2024-04-15,11100.0,11240.0,10870.0,11060.0,188638.0,,,,,
2024-04-16,10850.0,11050.0,10350.0,10780.0,105301.0,,,,,
2024-04-17,10970.0,10970.0,10530.0,10640.0,103020.0,,,,,
2024-04-18,10540.0,10800.0,10520.0,10750.0,155195.0,,,,,
2024-04-19,10700.0,10820.0,10350.0,10630.0,99476.0,,,,,
2024-04-22,10580.0,10760.0,10490.0,10620.0,95786.0,,,,,
2024-04-23,10740.0,11990.0,10610.0,11330.0,426320.0,,,,,
2024-04-24,11200.0,11460.0,11070.0,11220.0,82994.0,,,,,
2024-04-25,11220.0,11880.0,11180.0,11540.0,166738.0,,,,,
2024-04-26,11550.0,11900.0,11300.0,11330.0,96766.0,,,,,
2024-04-29,11300.0,11700.0,11250.0,11650.0,51755.0,,,,,
2024-04-30,11650.0,12200.0,11500.0,12100.0,100555.0,,,,,
2024-05-02,12320.0,12320.0,11900.0,12280.0,79080.0,,,,,
2024-05-03,12280.0,12440.0,12210.0,12430.0,59103.0,,,,,
2024-05-07,12400.0,12620.0,12160.0,12160.0,110223.0,,,,,
2024-05-08,12010.0,12300.0,11930.0,12200.0,70481.0,,,,,
2024-05-09,12190.0,12580.0,12150.0,12350.0,74329.0,,,,,
2024-05-10,12270.0,12550.0,12270.0,12550.0,53731.0,,,,,
2024-05-13,12550.0,12590.0,12200.0,12310.0,85830.0,,,,,
2024-05-14,12300.0,12520.0,12150.0,12470.0,53406.0,,,,,
2024-05-16,12500.0,12920.0,12350.0,12520.0,128507.0,,,,,
2024-05-17,12520.0,12740.0,12190.0,12440.0,79685.0,,,,,
2024-05-20,12450.0,12490.0,12040.0,12300.0,130407.0,,,,,
2024-05-21,12530.0,12530.0,12100.0,12200.0,67063.0,,,,,
2024-05-22,12130.0,13570.0,12070.0,13060.0,408709.0,,,,,
2024-05-23,12930.0,14940.0,12930.0,14650.0,958891.0,,,,,
2024-05-24,15660.0,16030.0,12710.0,13100.0,2064539.0,,,,,
2024-05-27,13100.0,13500.0,13000.0,13300.0,254952.0,,,,,
2024-05-28,13150.0,14920.0,13080.0,14240.0,646584.0,,,,,
2024-05-29,14090.0,14750.0,14020.0,14160.0,258168.0,,,,,
2024-05-30,14330.0,14670.0,14100.0,14100.0,225915.0,,,,,
2024-05-31,14200.0,14800.0,14050.0,14260.0,275048.0,,,,,
2024-06-03,14460.0,15450.0,14280.0,15180.0,377942.0,,,,,
2024-06-04,15180.0,15580.0,15010.0,15160.0,176706.0,,,,,
2024-06-05,15110.0,15160.0,13880.0,14190.0,420341.0,,,,,
2024-06-07,14170.0,14650.0,13680.0,14450.0,214937.0,,,,,
2024-06-10,14280.0,14780.0,14220.0,14580.0,105096.0,,,,,
2024-06-11,14890.0,15180.0,14440.0,14900.0,172207.0,,,,,
2024-06-12,14890.0,15270.0,14380.0,14490.0,152639.0,,,,,
2024-06-13,14620.0,14870.0,14200.0,14450.0,122172.0,,,,,
2024-06-14,14450.0,14700.0,13950.0,13950.0,141574.0,,,,,
2024-06-17,13940.0,14560.0,13850.0,13980.0,143585.0,,,,,
2024-06-18,14000.0,14130.0,13740.0,13830.0,92393.0,,,,,
2024-06-19,13760.0,13830.0,13460.0,13600.0,113794.0,,,,,
2024-06-20,13510.0,13600.0,13160.0,13400.0,126857.0,,,,,
2024-06-21,13280.0,13540.0,13110.0,13310.0,131372.0,,,,,
2024-06-24,13310.0,13810.0,13160.0,13680.0,66689.0,,,,,
2024-06-25,13800.0,14840.0,13680.0,14690.0,199969.0,,,,,
2024-06-26,14690.0,14880.0,13960.0,14000.0,139867.0,,,,,
2024-06-27,14020.0,14260.0,13890.0,14070.0,55609.0,,,,,
2024-06-28,14240.0,14460.0,13760.0,13990.0,148829.0,,,,,
2024-07-01,14000.0,14870.0,13990.0,14380.0,324254.0,,,,,
2024-07-02,14380.0,14400.0,13770.0,13870.0,146803.0,,,,,
2024-07-03,13880.0,13880.0,13520.0,13600.0,97885.0,,,,,
2024-07-04,13600.0,13640.0,13330.0,13440.0,76435.0,,,,,
2024-07-05,13450.0,14060.0,13360.0,13880.0,99846.0,,,,,
2024-07-08,13900.0,13900.0,13420.0,13720.0,126409.0,,,,,
2024-07-09,13950.0,14500.0,13830.0,14230.0,250907.0,,,,,
2024-07-10,14080.0,14450.0,14030.0,14280.0,108600.0,,,,,
2024-07-11,15310.0,16300.0,13780.0,13940.0,1511285.0,,,,,
2024-07-12,14380.0,18120.0,14230.0,18120.0,6493356.0,,,,,
2024-07-15,18490.0,21800.0,18010.0,20300.0,7873289.0,,,,,
2024-07-16,20100.0,20850.0,18760.0,18760.0,2339532.0,,,,,
2024-07-17,18050.0,19200.0,17750.0,18400.0,1716541.0,,,,,
2024-07-18,17820.0,18120.0,16630.0,17940.0,886085.0,,,,,
2024-07-19,17640.0,18380.0,17510.0,17720.0,532978.0,,,,,
2024-07-22,17430.0,17550.0,17030.0,17520.0,390380.0,,,,,
2024-07-23,17370.0,18300.0,17220.0,17780.0,442717.0,,,,,
2024-07-24,17600.0,18270.0,17380.0,18040.0,412673.0,,,,,
2024-07-25,17890.0,18320.0,17060.0,17230.0,576823.0,,,,,
2024-07-26,17500.0,17850.0,17130.0,17510.0,309640.0,,,,,
2024-07-29,17590.0,18200.0,17440.0,18080.0,300370.0,,,,,
2024-07-30,18100.0,19150.0,17620.0,17660.0,1016820.0,,,,,
2024-07-31,17630.0,17980.0,17240.0,17330.0,236093.0,,,,,
2024-08-01,17700.0,18500.0,17360.0,18100.0,374173.0,,,,,
2024-08-02,17800.0,18070.0,17340.0,17370.0,278536.0,,,,,
2024-08-05,17000.0,17000.0,15090.0,15990.0,684872.0,,,,,
2024-08-06,16400.0,16830.0,16060.0,16560.0,354681.0,,,,,
2024-08-07,16700.0,17700.0,16660.0,17300.0,310777.0,,,,,
2024-08-08,17200.0,17680.0,16990.0,17250.0,193320.0,,,,,
2024-08-09,17510.0,17700.0,17200.0,17270.0,160739.0,,,,,
2024-08-12,17330.0,17490.0,16790.0,16890.0,204481.0,,,,,
2024-08-13,16910.0,16910.0,15990.0,16140.0,329737.0,,,,,
2024-08-14,16250.0,16390.0,15940.0,16270.0,143757.0,,,,,
2024-08-16,16500.0,16830.0,16200.0,16830.0,153963.0,,,,,
2024-08-19,16840.0,16840.0,15960.0,16180.0,215645.0,,,,,
2024-08-20,16190.0,16220.0,15960.0,16160.0,117506.0,,,,,
2024-08-21,16200.0,16200.0,15300.0,15470.0,282232.0,,,,,
2024-08-22,15420.0,15460.0,14900.0,15120.0,172366.0,,,,,
2024-08-23,14920.0,15120.0,14700.0,15000.0,159650.0,,,,,
2024-08-26,15100.0,15330.0,14820.0,14930.0,98688.0,,,,,
2024-08-27,14930.0,15220.0,14730.0,15140.0,102703.0,,,,,
2024-08-28,15140.0,15500.0,15000.0,15240.0,124170.0,,,,,
2024-08-29,15240.0,15240.0,14950.0,14970.0,108494.0,,,,,
2024-08-30,15000.0,15870.0,15000.0,15600.0,174089.0,,,,,
2024-09-02,15600.0,15830.0,15000.0,15160.0,105682.0,,,,,
2024-09-03,15250.0,15360.0,15000.0,15010.0,104715.0,,,,,
2024-09-04,14600.0,14800.0,14260.0,14510.0,151645.0,,,,,
2024-09-05,14500.0,14730.0,13900.0,14260.0,127843.0,,,,,
2024-09-06,14190.0,14220.0,13430.0,13890.0,176631.0,,,,,
2024-09-09,13500.0,14070.0,13400.0,13750.0,92365.0,,,,,
2024-09-10,13800.0,14230.0,13280.0,13280.0,117188.0,,,,,
2024-09-11,13280.0,13690.0,13190.0,13430.0,89613.0,,,,,
2024-09-12,13690.0,13800.0,13200.0,13670.0,69725.0,,,,,
2024-09-13,13500.0,13760.0,13270.0,13670.0,78832.0,,,,,
2024-09-19,13670.0,14270.0,13670.0,13970.0,112265.0,,,,,
2024-09-20,14000.0,15280.0,13860.0,14840.0,259344.0,,,,,
2024-09-23,14950.0,15120.0,14450.0,14490.0,131083.0,,,,,
2024-09-24,14910.0,14940.0,13990.0,14410.0,103252.0,,,,,
2024-09-25,14410.0,14410.0,13840.0,13880.0,164042.0,,,,,
2024-09-26,13880.0,14060.0,13810.0,13990.0,68376.0,,,,,
2024-09-27,14010.0,14170.0,13700.0,13780.0,77635.0,,,,,
2024-09-30,13780.0,13880.0,13450.0,13660.0,81993.0,,,,,
2024-10-02,13580.0,14450.0,13320.0,13960.0,97870.0,,,,,
2024-10-04,13970.0,14050.0,13800.0,13840.0,51849.0,,,,,
2024-10-07,14040.0,14040.0,13820.0,13890.0,34514.0,,,,,
2024-10-08,13890.0,14450.0,13750.0,13990.0,61501.0,,,,,
2024-10-10,14030.0,15400.0,13990.0,15190.0,292549.0,,,,,
2024-10-11,15270.0,18170.0,15260.0,16910.0,1952763.0,,,,,
2024-10-14,17300.0,17900.0,16550.0,16930.0,587950.0,,,,,
2024-10-15,17190.0,17510.0,16790.0,17310.0,267645.0,,,,,
2024-10-16,17300.0,17340.0,16720.0,17040.0,186251.0,,,,,
2024-10-17,17040.0,17040.0,16230.0,16310.0,210767.0,,,,,
2024-10-18,16270.0,16610.0,15800.0,16020.0,178871.0,,,,,
2024-10-21,16020.0,16230.0,15650.0,16210.0,110569.0,,,,,
2024-10-22,16030.0,16030.0,15490.0,15640.0,123967.0,,,,,
2024-10-23,15650.0,17800.0,15650.0,16700.0,735256.0,,,,,
2024-10-24,16630.0,16680.0,15990.0,16050.0,169708.0,,,,,
2024-10-25,16050.0,16190.0,15700.0,16050.0,112402.0,,,,,
2024-10-28,16060.0,16100.0,15720.0,15810.0,93119.0,,,,,
2024-10-29,15950.0,16220.0,15700.0,16130.0,109776.0,,,,,
2024-10-30,16200.0,16760.0,15900.0,16370.0,141956.0,,,,,
2024-10-31,16380.0,16540.0,15980.0,16180.0,88368.0,,,,,
2024-11-01,16070.0,16100.0,15700.0,15700.0,116316.0,,,,,
2024-11-04,15550.0,16490.0,15250.0,16150.0,116819.0,,,,,
2024-11-05,16150.0,17130.0,16100.0,16830.0,196365.0,,,,,
2024-11-06,16820.0,17080.0,16360.0,16920.0,128948.0,,,,,
2024-11-07,17050.0,17910.0,16690.0,16700.0,183562.0,,,,,
2024-11-08,16640.0,16900.0,16200.0,16570.0,134494.0,,,,,
2024-11-11,16580.0,17100.0,16000.0,16170.0,144867.0,,,,,
2024-11-12,16010.0,16100.0,15200.0,15350.0,249438.0,,,,,
2024-11-13,15350.0,15360.0,14600.0,14840.0,173195.0,,,,,
2024-11-14,15330.0,15880.0,14910.0,15350.0,145587.0,,,,,
2024-11-15,15200.0,17100.0,14980.0,16670.0,396669.0,,,,,
2024-11-18,16670.0,16920.0,16180.0,16810.0,196024.0,,,,,
2024-11-19,16670.0,17740.0,16670.0,17200.0,375990.0,,,,,
2024-11-20,17020.0,17150.0,16660.0,16680.0,148679.0,,,,,
2024-11-21,16610.0,16610.0,15900.0,16250.0,156098.0,,,,,
2024-11-22,16250.0,16390.0,15600.0,15880.0,151121.0,,,,,
2024-11-25,15880.0,16340.0,15880.0,16060.0,107818.0,,,,,
2024-11-26,16060.0,16600.0,15910.0,16330.0,115382.0,,,,,
2024-11-27,16290.0,16870.0,16090.0,16690.0,148875.0,,,,,
2024-11-28,16710.0,17120.0,16600.0,16780.0,127444.0,,,,,
2024-11-29,16870.0,18390.0,16650.0,17550.0,1260706.0,,,,,
2024-12-02,18460.0,22400.0,18320.0,19700.0,2654592.0,,,,,
2024-12-03,20500.0,20600.0,19010.0,19560.0,669608.0,,,,,
2024-12-04,18870.0,19670.0,18760.0,19650.0,515794.0,,,,,
2024-12-05,19860.0,22250.0,19860.0,22200.0,1598154.0,,,,,
2024-12-06,23050.0,24250.0,20000.0,22850.0,1843557.0,,,,,
2024-12-09,21550.0,22350.0,20350.0,20500.0,741377.0,,,,,
2024-12-10,20650.0,21700.0,20500.0,21100.0,485862.0,,,,,
2024-12-11,21100.0,25550.0,20800.0,24700.0,1513165.0,,,,,
2024-12-12,24100.0,25000.0,23450.0,24300.0,770845.0,,,,,
2024-12-13,24000.0,28600.0,23500.0,27600.0,1680335.0,,,,,
2024-12-16,28350.0,28500.0,27150.0,27800.0,547458.0,,,,,
2024-12-17,27700.0,28600.0,24750.0,26100.0,987572.0,,,,,
2024-12-18,25550.0,26250.0,23000.0,24300.0,929588.0,,,,,
2024-12-19,23100.0,25450.0,22600.0,23000.0,804034.0,,,,,
2024-12-20,22650.0,23450.0,22100.0,23300.0,412771.0,,,,,
2024-12-23,23400.0,24250.0,22650.0,23500.0,400454.0,,,,,
2024-12-24,23500.0,26500.0,23050.0,25100.0,788464.0,,,,,
2024-12-26,24850.0,25750.0,23300.0,23550.0,439629.0,,,,,
2024-12-27,23250.0,23800.0,22200.0,22400.0,313287.0,,,,,
2024-12-30,22400.0,23750.0,21950.0,23250.0,235200.0,,,,,
2025-01-02,23000.0,24450.0,22800.0,24200.0,228535.0,,,,,
2025-01-03,24200.0,26100.0,23700.0,25000.0,405936.0,,,,,
2025-01-06,26350.0,26900.0,25550.0,26000.0,513709.0,,,,,
2025-01-07,25800.0,29800.0,25800.0,28150.0,1366472.0,,,,,
2025-01-08,28150.0,29450.0,28000.0,28400.0,432181.0,,,,,
2025-01-09,28800.0,30400.0,28700.0,29700.0,1001252.0,,,,,
2025-01-10,29650.0,30050.0,28500.0,28600.0,442080.0,,,,,
2025-01-13,28600.0,28700.0,27250.0,28650.0,387548.0,,,,,
2025-01-14,28750.0,30400.0,27650.0,30150.0,373344.0,,,,,
2025-01-15,30150.0,31450.0,29950.0,30350.0,586570.0,,,,,
2025-01-16,30600.0,30700.0,29250.0,29800.0,317422.0,,,,,
2025-01-17,30400.0,31150.0,29550.0,30500.0,326197.0,,,,,
2025-01-20,30450.0,30500.0,28500.0,28500.0,504579.0,,,,,
2025-01-21,28500.0,29000.0,27500.0,28750.0,234907.0,,,,,
2025-01-22,28200.0,29450.0,28200.0,28500.0,200796.0,,,,,
2025-01-23,28550.0,29150.0,28200.0,28650.0,138755.0,,,,,
2025-01-24,28300.0,29300.0,27900.0,29150.0,163175.0,,,,,
2025-01-31,29200.0,29900.0,28450.0,28700.0,137931.0,,,,,
2025-02-03,28200.0,30450.0,27250.0,30050.0,331530.0,,,,,
2025-02-04,30050.0,30800.0,29700.0,30300.0,279406.0,,,,,
2025-02-05,30400.0,30400.0,29400.0,29500.0,156683.0,,,,,
2025-02-06,29750.0,30300.0,29350.0,29350.0,184330.0,,,,,
2025-02-07,29350.0,32250.0,29350.0,31800.0,869756.0,,,,,
2025-02-10,32000.0,33000.0,31150.0,32150.0,468125.0,,,,,
2025-02-11,32200.0,35800.0,32000.0,35050.0,960612.0,,,,,
2025-02-12,34750.0,37250.0,34500.0,35100.0,750885.0,,,,,
2025-02-13,35100.0,36550.0,34150.0,35450.0,315585.0,,,,,
2025-02-14,35350.0,36350.0,34700.0,36050.0,257103.0,,,,,
2025-02-17,36200.0,39200.0,36150.0,38900.0,649820.0,,,,,
2025-02-18,38900.0,39450.0,37550.0,38950.0,445790.0,,,,,
2025-02-19,38700.0,40850.0,34850.0,36650.0,799285.0,,,,,
2025-02-20,36000.0,39200.0,35350.0,38750.0,510135.0,,,,,
2025-02-21,39700.0,39850.0,35150.0,35300.0,732851.0,,,,,
2025-02-24,34000.0,36500.0,33900.0,35700.0,394525.0,,,,,
2025-02-25,35650.0,37000.0,34750.0,36700.0,220209.0,,,,,
2025-02-26,36800.0,38000.0,36000.0,37000.0,211429.0,,,,,
2025-02-27,37150.0,37450.0,36350.0,37300.0,104721.0,,,,,
2025-02-28,36650.0,37500.0,35950.0,36300.0,163265.0,,,,,
2025-03-04,35500.0,39150.0,35500.0,38950.0,332462.0,,,,,
2025-03-05,39200.0,41250.0,38350.0,40550.0,560477.0,,,,,
2025-03-06,41400.0,41400.0,39550.0,40650.0,230315.0,,,,,
2025-03-07,40650.0,41550.0,38000.0,38800.0,411680.0,,,,,
2025-03-10,38750.0,40400.0,38100.0,39950.0,224248.0,,,,,
2025-03-11,39000.0,42400.0,38900.0,42000.0,695418.0,,,,,
2025-03-12,42000.0,48400.0,41750.0,46050.0,955049.0,,,,,
2025-03-13,48100.0,52000.0,47150.0,49000.0,1498135.0,,,,,
2025-03-14,50900.0,52400.0,47800.0,51700.0,867985.0,,,,,
2025-03-17,51900.0,51900.0,48750.0,49450.0,660233.0,,,,,
2025-03-18,49450.0,58000.0,49250.0,56600.0,1145698.0,,,,,
2025-03-19,57200.0,57900.0,54200.0,56200.0,682105.0,,,,,
2025-03-20,56200.0,59300.0,47100.0,48000.0,2189335.0,,,,,
2025-03-21,49500.0,53400.0,48500.0,51300.0,1494987.0,,,,,
2025-03-24,52200.0,53000.0,48800.0,52100.0,614891.0,,,,,
2025-03-25,52400.0,54200.0,49400.0,50400.0,699406.0,,,,,
2025-03-26,49550.0,53300.0,49000.0,51700.0,538745.0,,,,,
2025-03-27,51700.0,52700.0,48300.0,48900.0,464121.0,,,,,
2025-03-28,48950.0,49950.0,46900.0,48200.0,451903.0,,,,,
2025-03-31,46900.0,47250.0,41750.0,44700.0,1062098.0,,,,,
2025-04-01,45650.0,46950.0,44450.0,45250.0,504277.0,,,,,
2025-04-02,45250.0,45700.0,42400.0,43450.0,499685.0,,,,,
2025-04-03,42000.0,44100.0,41900.0,42800.0,323105.0,,,,,
2025-04-04,42000.0,45450.0,41800.0,43750.0,517031.0,,,,,
2025-04-07,42300.0,43000.0,40650.0,41250.0,447334.0,,,,,
2025-04-08,42350.0,42750.0,41050.0,41400.0,244775.0,,,,,
2025-04-09,40950.0,43650.0,40550.0,42150.0,379574.0,,,,,
2025-04-10,44400.0,44800.0,42700.0,43100.0,294934.0,,,,,
2025-04-11,42850.0,46300.0,42300.0,45300.0,537589.0,,,,,
2025-04-14,45700.0,46500.0,44750.0,46150.0,272318.0,,,,,
2025-04-15,46000.0,47550.0,44150.0,47550.0,418738.0,,,,,
2025-04-16,47200.0,48500.0,45450.0,45600.0,293774.0,,,,,
2025-04-17,45500.0,46300.0,44800.0,45400.0,197368.0,,,,,
2025-04-18,45500.0,46600.0,45025.0,45450.0,217717.0,,,,,
2025-04-21,45350.0,45450.0,43500.0,43500.0,249726.0,,,,,
2025-04-22,43150.0,47250.0,42575.0,46800.0,507047.0,,,,,
2025-04-23,46800.0,47750.0,46050.0,47050.0,301878.0,,,,,
2025-04-24,47050.0,48450.0,45700.0,47500.0,242733.0,,,,,
2025-04-25,47250.0,47400.0,44300.0,45450.0,375447.0,,,,,
2025-04-28,46500.0,46900.0,41500.0,41900.0,617632.0,,,,,
2025-04-29,42000.0,42500.0,38550.0,40900.0,867460.0,,,,,
2025-04-30,41300.0,41300.0,37800.0,38100.0,484701.0,,,,,
2025-05-02,38000.0,38650.0,36300.0,36500.0,444029.0,,,,,
2025-05-07,36450.0,38000.0,35250.0,37200.0,380471.0,,,,,
2025-05-08,37800.0,38150.0,36800.0,37450.0,221538.0,,,,,
2025-05-09,37500.0,37500.0,35300.0,35550.0,334062.0,,,,,
2025-05-12,35750.0,36000.0,34100.0,35100.0,302652.0,,,,,
2025-05-13,35500.0,36000.0,32350.0,32500.0,610688.0,,,,,
2025-05-14,33100.0,33500.0,31250.0,33200.0,624261.0,,,,,
2025-05-15,33300.0,34650.0,32250.0,34200.0,323011.0,,,,,
2025-05-16,34500.0,34750.0,33450.0,33950.0,193412.0,,,,,
2025-05-19,33900.0,33900.0,32350.0,33200.0,204598.0,,,,,
2025-05-20,32950.0,37250.0,32950.0,36800.0,480754.0,,,,,
2025-05-21,37000.0,37450.0,35550.0,35850.0,279759.0,,,,,
2025-05-22,37400.0,39250.0,35200.0,37050.0,725638.0,,,,,
2025-05-23,36600.0,39350.0,35600.0,38150.0,457964.0,,,,,
2025-05-26,37700.0,37900.0,36150.0,37250.0,265705.0,,,,,
2025-05-27,37250.0,41500.0,36750.0,41200.0,650300.0,,,,,
2025-05-28,41400.0,41900.0,40250.0,40600.0,373485.0,,,,,
2025-05-29,40650.0,41625.0,39700.0,40600.0,261463.0,,,,,
2025-05-30,41000.0,41400.0,38950.0,40600.0,248604.0,,,,,
2025-06-02,40600.0,40900.0,38650.0,39400.0,264167.0,,,,,
2025-06-04,39000.0,40350.0,38400.0,39700.0,254501.0,,,,,
2025-06-05,39650.0,41700.0,38800.0,38950.0,275217.0,,,,,
2025-06-09,38400.0,39250.0,37150.0,38850.0,340862.0,,,,,
2025-06-10,38900.0,40000.0,38000.0,38500.0,216558.0,,,,,
2025-06-11,38700.0,40500.0,38350.0,40000.0,308522.0,,,,,
2025-06-12,40000.0,40700.0,39300.0,39400.0,200959.0,,,,,
2025-06-13,39400.0,39400.0,36400.0,36850.0,504294.0,,,,,
2025-06-16,36850.0,41750.0,36250.0,41350.0,634856.0,,,,,
2025-06-17,41850.0,42550.0,39550.0,40100.0,400256.0,,,,,
2025-06-18,40000.0,40000.0,38100.0,38200.0,286913.0,,,,,
2025-06-19,38750.0,49650.0,38100.0,46100.0,4030482.0,,,,,
2025-06-20,45250.0,47900.0,43600.0,45000.0,1030500.0,,,,,
2025-06-23,44500.0,46700.0,42950.0,45600.0,629328.0,,,,,
2025-06-24,46500.0,46500.0,43850.0,44900.0,456874.0,,,,,
2025-06-25,44800.0,44850.0,42600.0,42650.0,349066.0,,,,,
2025-06-26,42950.0,43650.0,40350.0,40900.0,556652.0,,,,,
2025-06-27,40850.0,42500.0,40500.0,41500.0,324937.0,,,,,
2025-06-30,41000.0,42400.0,39600.0,41100.0,223345.0,,,,,
2025-07-01,41100.0,42550.0,40900.0,41500.0,156004.0,,,,,
2025-07-02,41500.0,42850.0,40800.0,42200.0,243510.0,,,,,
2025-07-03,42550.0,44650.0,41350.0,43900.0,364230.0,,,,,
2025-07-04,43900.0,43950.0,41300.0,41550.0,315916.0,,,,,
2025-07-07,41400.0,42000.0,40700.0,41850.0,146274.0,,,,,
2025-07-08,42250.0,44400.0,41450.0,42200.0,373182.0,,,,,
2025-07-09,42500.0,42500.0,40400.0,41050.0,305696.0,,,,,
2025-07-10,41200.0,43150.0,40800.0,42700.0,293842.0,,,,,
2025-07-11,42900.0,42900.0,41250.0,41850.0,163922.0,,,,,
2025-07-14,42250.0,42400.0,41500.0,42200.0,126918.0,,,,,
2025-07-15,42550.0,44700.0,42100.0,43750.0,373888.0,,,,,
2025-07-16,43400.0,43450.0,42100.0,43000.0,219101.0,,,,,
2025-07-17,43000.0,44600.0,42100.0,43700.0,342592.0,,,,,
2025-07-18,44000.0,45500.0,43000.0,43900.0,398098.0,,,,,
2025-07-21,43900.0,44000.0,43000.0,43350.0,129357.0,,,,,
2025-07-22,43350.0,43750.0,41150.0,41700.0,232284.0,,,,,
2025-07-23,42000.0,42450.0,41250.0,42000.0,149610.0,,,,,
2025-07-24,42200.0,43300.0,41500.0,41550.0,204949.0,,,,,
2025-07-25,41850.0,42050.0,40500.0,41450.0,180116.0,,,,,
2025-07-28,41400.0,41450.0,38500.0,39350.0,386322.0,,,,,
2025-07-29,39000.0,39600.0,38200.0,39000.0,194880.0,,,,,
2025-07-30,39000.0,39325.0,37150.0,37900.0,289956.0,,,,,
2025-07-31,37950.0,39300.0,37700.0,38300.0,187078.0,,,,,
2025-08-01,37500.0,38000.0,36500.0,37000.0,292410.0,,,,,
2025-08-04,37000.0,40450.0,36900.0,39650.0,293037.0,,,,,
2025-08-05,39650.0,41050.0,39650.0,40350.0,173902.0,,,,,
2025-08-06,40000.0,40450.0,39450.0,40100.0,337119.0,,,,,
2025-08-07,40200.0,40450.0,39450.0,39600.0,116474.0,,,,,
2025-08-08,39600.0,40200.0,39200.0,39600.0,89523.0,,,,,
2025-08-11,39600.0,39850.0,37900.0,39400.0,154634.0,,,,,
2025-08-12,39400.0,40250.0,37750.0,38050.0,212563.0,,,,,
2025-08-13,38200.0,39200.0,37900.0,38500.0,141408.0,,,,,
2025-08-14,38500.0,40050.0,38250.0,39250.0,143707.0,,,,,
2025-08-18,39000.0,39050.0,37700.0,37900.0,149847.0,,,,,
2025-08-19,37900.0,38200.0,36500.0,36900.0,179924.0,,,,,
2025-08-20,36300.0,36700.0,35800.0,36450.0,155488.0,,,,,
2025-08-21,37000.0,37150.0,36100.0,36300.0,128896.0,,,,,
2025-08-22,36300.0,37000.0,36000.0,36800.0,75136.0,,,,,
2025-08-25,37050.0,37950.0,36750.0,36750.0,136709.0,,,,,
2025-08-26,36800.0,40000.0,36250.0,38800.0,333488.0,,,,,
2025-08-27,38800.0,39400.0,37600.0,38000.0,120897.0,,,,,
2025-08-28,37600.0,38400.0,37200.0,37950.0,111823.0,,,,,
2025-08-29,38000.0,38200.0,36750.0,37050.0,145369.0,,,,,
2025-09-01,36700.0,37400.0,36250.0,36700.0,99218.0,,,,,
2025-09-02,36950.0,37750.0,36150.0,37400.0,112972.0,,,,,
2025-09-03,37400.0,37750.0,36650.0,37100.0,120193.0,,,,,
2025-09-04,37500.0,40850.0,37100.0,39750.0,441645.0,,,,,
2025-09-05,39750.0,42800.0,39400.0,42400.0,610998.0,,,,,
2025-09-08,44050.0,44350.0,42050.0,44050.0,540668.0,,,,,
2025-09-09,43900.0,45250.0,42950.0,44700.0,397603.0,,,,,
2025-09-10,44550.0,44600.0,41000.0,42300.0,675709.0,,,,,
2025-09-11,42300.0,45250.0,41650.0,45200.0,576038.0,,,,,
2025-09-12,46300.0,51400.0,45550.0,49650.0,2107251.0,,,,,
2025-09-15,49750.0,51900.0,47350.0,48450.0,826421.0,,,,,
2025-09-16,47850.0,48850.0,46150.0,46400.0,653851.0,,,,,
2025-09-17,46450.0,46850.0,45000.0,45050.0,363579.0,,,,,
2025-09-18,45050.0,45950.0,43650.0,45000.0,382580.0,,,,,
2025-09-19,45000.0,46500.0,44100.0,45100.0,319595.0,,,,,
2025-09-22,45300.0,46700.0,44150.0,45900.0,332343.0,,,,,
2025-09-23,46000.0,52400.0,45850.0,52000.0,1871815.0,,,,,
2025-09-24,52300.0,52400.0,50200.0,50700.0,519379.0,,,,,
2025-09-25,50700.0,50900.0,48500.0,48900.0,401041.0,,,,,
2025-09-26,48600.0,48750.0,46850.0,47300.0,350986.0,,,,,
2025-09-29,47250.0,48200.0,46650.0,47500.0,223896.0,,,,,
2025-09-30,48000.0,48700.0,47300.0,47850.0,144084.0,,,,,
2025-10-01,47750.0,47850.0,46200.0,46750.0,264679.0,,,,,
2025-10-02,47150.0,47200.0,45350.0,46800.0,244897.0,,,,,
2025-10-10,46650.0,46650.0,44500.0,45000.0,332843.0,,,,,
2025-10-13,44000.0,47000.0,44000.0,44600.0,242611.0,,,,,
2025-10-14,44600.0,45200.0,43500.0,44700.0,233431.0,,,,,
2025-10-15,44700.0,45400.0,44150.0,44300.0,148343.0,,,,,
2025-10-16,44300.0,44500.0,42600.0,43600.0,329484.0,,,,,
2025-10-17,44050.0,45400.0,43800.0,43850.0,236411.0,,,,,
2025-10-20,43900.0,45250.0,42600.0,45000.0,194195.0,,,,,
2025-10-21,45000.0,45000.0,43500.0,44450.0,231555.0,,,,,
2025-10-22,44500.0,45450.0,43900.0,44750.0,153570.0,,,,,
2025-10-23,44750.0,45100.0,43250.0,43500.0,181814.0,,,,,
2025-10-24,43950.0,44000.0,42800.0,43750.0,154312.0,,,,,
2025-10-27,43750.0,47300.0,43050.0,47150.0,518491.0,,,,,
2025-10-28,47550.0,47550.0,45000.0,45500.0,275529.0,,,,,
2025-10-29,46000.0,46150.0,43800.0,44100.0,320578.0,,,,,
2025-10-30,44200.0,44600.0,43000.0,43850.0,264454.0,,,,,
2025-10-31,44200.0,45500.0,43200.0,44800.0,236712.0,,,,,
2025-11-03,44900.0,45750.0,43600.0,44850.0,344638.0,,,,,
2025-11-04,44950.0,49750.0,44550.0,47750.0,785513.0,,,,,
2025-11-05,48000.0,48300.0,44900.0,45600.0,480155.0,,,,,
2025-11-06,45850.0,47600.0,45500.0,46100.0,342517.0,,,,,
2025-11-07,45250.0,46550.0,43600.0,44250.0,310346.0,,,,,
2025-11-10,44900.0,49650.0,44900.0,47550.0,849391.0,,,,,
2025-11-11,47550.0,49250.0,46800.0,47600.0,323194.0,,,,,
2025-11-12,49650.0,53700.0,48800.0,51200.0,1281858.0,,,,,
2025-11-13,52000.0,54900.0,51000.0,51500.0,838891.0,,,,,
2025-11-14,50700.0,54500.0,50300.0,53800.0,781345.0,,,,,
2025-11-17,54900.0,58600.0,52500.0,56900.0,962230.0,,,,,
2025-11-18,56900.0,58900.0,54800.0,56800.0,824852.0,,,,,
2025-11-19,56700.0,57300.0,53000.0,53800.0,527535.0,,,,,
2025-11-20,54100.0,58600.0,53300.0,58300.0,687885.0,,,,,
2025-11-21,56400.0,65700.0,55000.0,65000.0,2381495.0,,,,,
2025-11-24,65900.0,68000.0,62500.0,64400.0,1009146.0,,,,,
2025-11-25,64000.0,66700.0,62300.0,62800.0,796594.0,,,,,
2025-11-26,62800.0,70000.0,61200.0,68600.0,1105986.0,,,,,
2025-11-27,69000.0,69900.0,67300.0,68900.0,436776.0,,,,,
2025-11-28,70000.0,88400.0,70000.0,85400.0,3373719.0,,,,,
2025-12-01,85400.0,88700.0,82000.0,87300.0,919483.0,,,,,
2025-12-02,85500.0,87000.0,81000.0,83300.0,1019344.0,,,,,
2025-12-03,83300.0,85300.0,80000.0,82800.0,647876.0,,,,,
2025-12-04,83000.0,84100.0,80600.0,82100.0,533246.0,,,,,
2025-12-05,82100.0,82600.0,76400.0,80000.0,989505.0,,,,,
2025-12-08,80200.0,81800.0,75700.0,77300.0,668808.0,,,,,
2025-12-09,78700.0,81600.0,76000.0,80900.0,594698.0,,,,,
2025-12-10,80700.0,83500.0,79000.0,82600.0,565172.0,,,,,
2025-12-11,84000.0,84000.0,80400.0,81500.0,330245.0,,,,,
2025-12-12,82300.0,84800.0,79900.0,81200.0,458213.0,,,,,
2025-12-15,81000.0,82500.0,79900.0,80200.0,286809.0,,,,,
2025-12-16,81100.0,81500.0,76900.0,77300.0,464105.0,,,,,
2025-12-17,77300.0,77800.0,71500.0,72100.0,906988.0,,,,,
2025-12-18,70000.0,74300.0,70000.0,73400.0,298467.0,,,,,
2025-12-19,74100.0,76700.0,73900.0,74700.0,331763.0,,,,,
2025-12-22,75700.0,77550.0,74200.0,75300.0,335501.0,,,,,
2025-12-23,75400.0,76300.0,74100.0,75400.0,182893.0,,,,,
2025-12-24,75400.0,75500.0,73200.0,73600.0,247895.0,,,,,
2025-12-26,73600.0,76000.0,71600.0,75000.0,380077.0,,,,,
2025-12-29,75300.0,78500.0,75300.0,78500.0,350232.0,,,,,
2025-12-30,78200.0,80600.0,77300.0,79600.0,307795.0,,,,,
2026-01-02,79600.0,79800.0,63200.0,71500.0,1575382.0,,,,,
2026-01-05,70800.0,73300.0,68600.0,71900.0,544991.0,,,,,
2026-01-06,71700.0,72100.0,68600.0,69300.0,520189.0,,,,,
2026-01-07,69200.0,72650.0,67500.0,70700.0,414075.0,,,,,
2026-01-08,70700.0,74500.0,69900.0,72800.0,336292.0,,,,,
2026-01-09,72800.0,73900.0,71500.0,73600.0,174094.0,,,,,
2026-01-12,73700.0,73900.0,71200.0,72900.0,170401.0,,,,,
2026-01-13,72800.0,76000.0,72800.0,73500.0,311894.0,,,,,
2026-01-14,73500.0,75400.0,71000.0,71700.0,215717.0,,,,,
2026-01-15,71900.0,73800.0,71600.0,72200.0,161250.0,,,,,
2026-01-16,71500.0,76900.0,69400.0,74700.0,576065.0,,,,,
2026-01-19,74900.0,78600.0,74000.0,75500.0,342536.0,,,,,
2026-01-20,75500.0,79150.0,74200.0,74200.0,340663.0,,,,,
2026-01-21,72100.0,73500.0,69600.0,72000.0,527548.0,,,,,
2026-01-22,72100.0,79000.0,71400.0,77800.0,598951.0,,,,,
2026-01-23,79800.0,83500.0,77400.0,83100.0,808509.0,,,,,
2026-01-26,83900.0,96100.0,83900.0,93900.0,1322328.0,,,,,
2026-01-27,93900.0,103200.0,93000.0,98300.0,1066628.0,,,,,
2026-01-28,99000.0,101100.0,91300.0,97200.0,904992.0,,,,,
2026-01-29,97000.0,109300.0,96000.0,104300.0,1311568.0,,,,,
2026-01-30,104000.0,108700.0,101500.0,105000.0,608006.0,,,,,
2026-02-02,102000.0,110900.0,101000.0,102900.0,563500.0,,,,,
2026-02-03,106000.0,106800.0,97700.0,105000.0,700965.0,,,,,
2026-02-04,104000.0,107800.0,98500.0,100400.0,542411.0,,,,,
2026-02-05,103500.0,107500.0,95100.0,99900.0,757496.0,,,,,
2026-02-06,97000.0,98700.0,91000.0,94300.0,647883.0,,,,,
2026-02-09,97500.0,100000.0,94500.0,97900.0,290493.0,,,,,
2026-02-10,98100.0,99900.0,92500.0,93500.0,296765.0,,,,,
2026-02-11,94500.0,97400.0,92700.0,93500.0,287270.0,,,,,
2026-02-12,95300.0,98300.0,92600.0,93300.0,275284.0,,,,,
2026-02-13,92900.0,93000.0,88100.0,89500.0,463018.0,,,,,
2026-02-19,90000.0,93100.0,87400.0,92100.0,330215.0,,,,,
2026-02-20,92500.0,93000.0,89950.0,90600.0,227651.0,,,,,
2026-02-23,90400.0,97500.0,90100.0,96800.0,544367.0,,,,,
2026-02-24,96800.0,98000.0,94200.0,96300.0,264465.0,,,,,
2026-02-25,96600.0,97800.0,94500.0,95000.0,291895.0,,,,,
2026-02-26,94900.0,109900.0,94400.0,105000.0,1004758.0,,,,,
2026-02-27,105000.0,111900.0,102000.0,107000.0,590993.0,,,,,
2026-03-03,104900.0,112800.0,100000.0,105100.0,681815.0,,,,,
2026-03-04,100300.0,103600.0,91000.0,91100.0,712999.0,,,,,
2026-03-05,99500.0,107400.0,98500.0,102300.0,634002.0,,,,,
2026-03-06,103000.0,115000.0,100900.0,113000.0,965606.0,,,,,
2026-03-09,113900.0,118900.0,99100.0,103600.0,1008829.0,,,,,
2026-03-10,110300.0,110300.0,100700.0,101400.0,562020.0,,,,,
2026-03-11,103900.0,104300.0,96300.0,98800.0,554528.0,,,,,
2026-03-12,97500.0,102200.0,96200.0,101000.0,245674.0,,,,,
2026-03-13,97700.0,104000.0,97700.0,103200.0,316178.0,,,,,
2026-03-16,103000.0,105400.0,99600.0,103400.0,275226.0,,,,,
2026-03-17,103300.0,108000.0,100900.0,102000.0,369524.0,,,,,
2026-03-18,103300.0,103500.0,99600.0,100700.0,304399.0,,,,,
2026-03-19,99400.0,102500.0,96500.0,97200.0,387542.0,,,,,
2026-03-20,97200.0,99600.0,96500.0,98200.0,203785.0,,,,,
2026-03-23,96400.0,96500.0,90000.0,90100.0,365601.0,,,,,
2026-03-24,95400.0,96000.0,90600.0,93000.0,181166.0,,,,,
2026-03-25,93500.0,103200.0,93500.0,102300.0,521947.0,,,,,
2026-03-26,107000.0,130700.0,102900.0,119800.0,2742224.0,,,,,
2026-03-27,122100.0,128400.0,116400.0,127000.0,1209697.0,,,,,
2026-03-30,122200.0,126800.0,113800.0,117300.0,684798.0,,,,,
2026-03-31,117100.0,117100.0,105100.0,106700.0,708378.0,,,,,
2026-04-01,113000.0,114600.0,105300.0,108500.0,503104.0,,,,,
2026-04-02,109300.0,113600.0,97500.0,100100.0,619857.0,,,,,
2026-04-03,101100.0,103100.0,98300.0,100200.0,330650.0,,,,,
2026-04-06,99600.0,100700.0,97000.0,98700.0,346407.0,,,,,
2026-04-07,99300.0,103200.0,97000.0,98800.0,329577.0,,,,,
2026-04-08,103700.0,104700.0,98600.0,101500.0,340059.0,,,,,
2026-04-09,,,,,,103800.0,108100.0,100400.0,103500.0,337487.0
2026-04-10,,,,,,103600.0,103600.0,98000.0,99300.0,431742.0
2026-04-13,,,,,,97500.0,97600.0,89600.0,93700.0,684872.0
2026-04-14,,,,,,95900.0,96600.0,92700.0,95500.0,284572.0
2026-04-15,,,,,,96500.0,106500.0,96100.0,104800.0,606401.0
2026-04-16,,,,,,104800.0,104800.0,104800.0,104800.0,0.0
