날짜,시가,고가,저가,종가,거래량
2016-05-23,37480.0,37947.0,36546.0,37747.0,118329.0
2016-05-24,37947.0,37947.0,36746.0,36813.0,92692.0
2016-05-25,36946.0,37546.0,36346.0,36747.0,125335.0
2016-05-26,36679.0,36879.0,35879.0,36146.0,123644.0
2016-05-27,37947.0,38547.0,36813.0,38214.0,351610.0
2016-05-30,38547.0,40147.0,38480.0,39814.0,354506.0
2016-05-31,40547.0,41214.0,39881.0,40681.0,312959.0
2016-06-01,40547.0,41014.0,39814.0,40481.0,120115.0
2016-06-02,40481.0,42148.0,39814.0,41815.0,231058.0
2016-06-03,42215.0,43482.0,41615.0,42215.0,366597.0
2016-06-07,42882.0,43882.0,42482.0,42949.0,229418.0
2016-06-08,42682.0,44682.0,42615.0,44016.0,302252.0
2016-06-09,44015.0,44482.0,42348.0,43749.0,339776.0
2016-06-10,43749.0,43949.0,42682.0,42815.0,158508.0
2016-06-13,42081.0,42415.0,41281.0,41882.0,174076.0
2016-06-14,41348.0,42415.0,40681.0,41482.0,141538.0
2016-06-15,41948.0,41948.0,40481.0,40815.0,137787.0
2016-06-16,40881.0,41548.0,40481.0,40815.0,119783.0
2016-06-17,40948.0,41348.0,40414.0,40415.0,114659.0
2016-06-20,41148.0,41548.0,40614.0,41215.0,103226.0
2016-06-21,41948.0,41948.0,40814.0,41348.0,72459.0
2016-06-22,41281.0,41548.0,40814.0,40948.0,93153.0
2016-06-23,41214.0,41615.0,40481.0,41082.0,130998.0
2016-06-24,41548.0,42148.0,38747.0,38881.0,339312.0
2016-06-27,37080.0,40014.0,37080.0,39814.0,168664.0
2016-06-28,39814.0,41148.0,39147.0,40215.0,117335.0
2016-06-29,40014.0,41615.0,40014.0,41015.0,107243.0
2016-06-30,41681.0,42281.0,41214.0,41348.0,126543.0
2016-07-01,41348.0,42148.0,41348.0,41948.0,89518.0
2016-07-04,42015.0,42281.0,41414.0,41815.0,60643.0
2016-07-05,41414.0,42215.0,41414.0,41682.0,63107.0
2016-07-06,41348.0,41748.0,40214.0,40681.0,92046.0
2016-07-07,40814.0,41414.0,40547.0,40881.0,69430.0
2016-07-08,40814.0,41681.0,40547.0,41482.0,68274.0
2016-07-11,41881.0,42081.0,41681.0,41882.0,61326.0
2016-07-12,41948.0,42015.0,41348.0,41415.0,49471.0
2016-07-13,41481.0,41815.0,40681.0,40881.0,75073.0
2016-07-14,41214.0,41214.0,40481.0,40548.0,59241.0
2016-07-15,41348.0,41881.0,40681.0,41548.0,136651.0
2016-07-18,41481.0,41948.0,40014.0,40014.0,127782.0
2016-07-19,39881.0,40814.0,38880.0,39214.0,136964.0
2016-07-20,39747.0,41881.0,39414.0,41548.0,226979.0
2016-07-21,41815.0,42215.0,41214.0,41615.0,80036.0
2016-07-22,41681.0,42348.0,41615.0,41882.0,77191.0
2016-07-25,41881.0,42615.0,41481.0,41548.0,53442.0
2016-07-26,41748.0,41748.0,40614.0,40948.0,85255.0
2016-07-27,41348.0,42015.0,41014.0,41748.0,115025.0
2016-07-28,41748.0,41881.0,40614.0,40815.0,77338.0
2016-07-29,41281.0,41281.0,40481.0,41148.0,48935.0
2016-08-01,41281.0,41548.0,40681.0,40881.0,53310.0
2016-08-02,40681.0,41148.0,40481.0,40748.0,51106.0
2016-08-03,40481.0,40748.0,39614.0,40215.0,85333.0
2016-08-04,40281.0,40814.0,39947.0,40548.0,76562.0
2016-08-05,40547.0,40814.0,40147.0,40615.0,86639.0
2016-08-08,40881.0,41214.0,40081.0,40148.0,82708.0
2016-08-09,40147.0,40547.0,39747.0,40415.0,108120.0
2016-08-10,39947.0,40681.0,39814.0,39881.0,131598.0
2016-08-11,39881.0,42815.0,39614.0,42349.0,326893.0
2016-08-12,42682.0,45683.0,42482.0,45683.0,460056.0
2016-08-16,46350.0,47550.0,45416.0,45616.0,266189.0
2016-08-17,45949.0,48017.0,45616.0,47951.0,393504.0
2016-08-18,47950.0,48550.0,46350.0,47084.0,236708.0
2016-08-19,47683.0,48550.0,46950.0,48351.0,248859.0
2016-08-22,48017.0,48017.0,46750.0,47350.0,127547.0
2016-08-23,47617.0,48417.0,46616.0,46817.0,143506.0
2016-08-24,47217.0,47750.0,46416.0,46617.0,121591.0
2016-08-25,47283.0,47483.0,45949.0,45950.0,109380.0
2016-08-26,45616.0,47083.0,45616.0,47017.0,113804.0
2016-08-29,46750.0,46950.0,45149.0,45150.0,115075.0
2016-08-30,45416.0,46950.0,45349.0,46417.0,119242.0
2016-08-31,46883.0,47483.0,46550.0,46684.0,120327.0
2016-09-01,46683.0,46883.0,45949.0,46083.0,82743.0
2016-09-02,46216.0,48284.0,46016.0,46950.0,199371.0
2016-09-05,47350.0,47683.0,46750.0,47350.0,80814.0
2016-09-06,47283.0,47283.0,45949.0,46217.0,93099.0
2016-09-07,46283.0,46950.0,45349.0,45416.0,128250.0
2016-09-08,45349.0,45749.0,44482.0,44749.0,116321.0
2016-09-09,44749.0,45016.0,43815.0,44083.0,100975.0
2016-09-12,43949.0,44882.0,43682.0,44349.0,73687.0
2016-09-13,44482.0,44682.0,42615.0,42682.0,142408.0
2016-09-19,42815.0,43415.0,42281.0,43282.0,71014.0
2016-09-20,42948.0,43415.0,42682.0,43349.0,85584.0
2016-09-21,43082.0,43348.0,42015.0,42549.0,134677.0
2016-09-22,42882.0,43482.0,41948.0,42282.0,154800.0
2016-09-23,42482.0,42548.0,41948.0,42149.0,82212.0
2016-09-26,42215.0,43282.0,42015.0,42882.0,114705.0
2016-09-27,42815.0,43348.0,42281.0,43216.0,82408.0
2016-09-28,43482.0,44816.0,42748.0,44216.0,164921.0
2016-09-29,44616.0,45416.0,44616.0,45016.0,169571.0
2016-09-30,45016.0,45483.0,44149.0,45283.0,103225.0
2016-10-04,45349.0,45816.0,44549.0,44549.0,71786.0
2016-10-05,44549.0,44949.0,43949.0,44816.0,88709.0
2016-10-06,44349.0,44616.0,43949.0,44016.0,71348.0
2016-10-07,43682.0,43882.0,43015.0,43149.0,93578.0
2016-10-10,43682.0,45283.0,43082.0,44950.0,99119.0
2016-10-11,45683.0,45816.0,44549.0,44616.0,58178.0
2016-10-12,44616.0,45149.0,44616.0,44883.0,56585.0
2016-10-13,45016.0,45016.0,43348.0,43349.0,65706.0
2016-10-14,43749.0,44215.0,43148.0,43282.0,44364.0
2016-10-17,43348.0,43549.0,42015.0,42615.0,83443.0
2016-10-18,43015.0,43015.0,42281.0,42349.0,72679.0
2016-10-19,42682.0,42948.0,42081.0,42282.0,52610.0
2016-10-20,42482.0,42682.0,41348.0,41948.0,55928.0
2016-10-21,42148.0,42882.0,41414.0,42615.0,68579.0
2016-10-24,42548.0,43148.0,41948.0,42149.0,72951.0
2016-10-25,42148.0,42148.0,39414.0,41015.0,166217.0
2016-10-26,40748.0,40814.0,39014.0,39881.0,183213.0
2016-10-27,39480.0,40748.0,39480.0,40148.0,105413.0
2016-10-28,40214.0,40614.0,39347.0,39614.0,88010.0
2016-10-31,39080.0,39080.0,37346.0,37347.0,208138.0
2016-11-01,37346.0,38814.0,37280.0,38414.0,109825.0
2016-11-02,38413.0,38680.0,35412.0,35746.0,210798.0
2016-11-03,35612.0,37680.0,35612.0,36680.0,108814.0
2016-11-04,37346.0,37680.0,36813.0,37347.0,64285.0
2016-11-07,38013.0,39080.0,37480.0,38481.0,89218.0
2016-11-08,39014.0,39014.0,38413.0,38481.0,55583.0
2016-11-09,38147.0,39947.0,36946.0,38681.0,180871.0
2016-11-10,39280.0,40614.0,39280.0,40348.0,155323.0
2016-11-11,40681.0,42081.0,39547.0,41482.0,149228.0
2016-11-14,41881.0,42482.0,40681.0,42015.0,102388.0
2016-11-15,42281.0,43615.0,42015.0,43416.0,190942.0
2016-11-16,43415.0,43749.0,42215.0,42882.0,126908.0
2016-11-17,42548.0,43415.0,42415.0,42815.0,61822.0
2016-11-18,43148.0,43148.0,41414.0,42215.0,97361.0
2016-11-21,42215.0,42215.0,40881.0,41415.0,80569.0
2016-11-22,41548.0,42482.0,41414.0,41948.0,67996.0
2016-11-23,41615.0,42415.0,41281.0,42282.0,82968.0
2016-11-24,42281.0,42882.0,41948.0,42149.0,48494.0
2016-11-25,42415.0,42415.0,40414.0,41282.0,90901.0
2016-11-28,41214.0,41214.0,40347.0,40681.0,49830.0
2016-11-29,40214.0,41081.0,39680.0,40215.0,80480.0
2016-11-30,40214.0,40214.0,38547.0,38547.0,145899.0
2016-12-01,38880.0,39881.0,38547.0,39681.0,81408.0
2016-12-02,38947.0,39680.0,38547.0,38681.0,97093.0
2016-12-05,38747.0,39347.0,38013.0,38614.0,60724.0
2016-12-06,38613.0,39681.0,38547.0,38614.0,64912.0
2016-12-07,38880.0,39147.0,37813.0,38080.0,81306.0
2016-12-08,38147.0,39080.0,37813.0,38814.0,109154.0
2016-12-09,38480.0,38613.0,37880.0,38014.0,101168.0
2016-12-12,37880.0,38547.0,37813.0,38147.0,98664.0
2016-12-13,38213.0,39214.0,38147.0,38747.0,117113.0
2016-12-14,39014.0,39347.0,38147.0,38147.0,114096.0
2016-12-15,38147.0,38880.0,37746.0,38681.0,80950.0
2016-12-16,38680.0,38680.0,38013.0,38080.0,91795.0
2016-12-19,38147.0,38213.0,37546.0,37680.0,78790.0
2016-12-20,37746.0,37813.0,37213.0,37347.0,90666.0
2016-12-21,37413.0,38013.0,37280.0,37414.0,139453.0
2016-12-22,37546.0,37680.0,37013.0,37213.0,112242.0
2016-12-23,37213.0,37480.0,36679.0,36813.0,128591.0
2016-12-26,36413.0,36746.0,34945.0,35213.0,266629.0
2016-12-27,35479.0,35746.0,35012.0,35213.0,135772.0
2016-12-28,35079.0,35546.0,34745.0,35279.0,107409.0
2016-12-29,36679.0,39147.0,36346.0,38280.0,489098.0
2017-01-02,38280.0,39547.0,37813.0,38347.0,184775.0
2017-01-03,38413.0,39280.0,37880.0,38147.0,175173.0
2017-01-04,38613.0,38613.0,37746.0,38147.0,107031.0
2017-01-05,38013.0,38747.0,37813.0,38547.0,102400.0
2017-01-06,38413.0,39080.0,38413.0,38881.0,95832.0
2017-01-09,38880.0,39147.0,38413.0,38881.0,114830.0
2017-01-10,38747.0,39680.0,38213.0,39348.0,129663.0
2017-01-11,39414.0,40014.0,39214.0,39814.0,89745.0
2017-01-12,40014.0,40214.0,39347.0,40014.0,83183.0
2017-01-13,40014.0,40147.0,39614.0,39948.0,71382.0
2017-01-16,40214.0,40214.0,38347.0,38881.0,111175.0
2017-01-17,38880.0,39280.0,38413.0,38814.0,91689.0
2017-01-18,38814.0,39014.0,38347.0,38481.0,68103.0
2017-01-19,38413.0,39080.0,37613.0,37680.0,97121.0
2017-01-20,37746.0,38080.0,37013.0,37880.0,64031.0
2017-01-23,37813.0,38413.0,37746.0,37747.0,62623.0
2017-01-24,37746.0,37947.0,36946.0,36947.0,83433.0
2017-01-25,37213.0,38280.0,36946.0,37814.0,93333.0
2017-01-26,37880.0,38947.0,37813.0,38614.0,108742.0
2017-01-31,38213.0,39480.0,38213.0,39214.0,68840.0
2017-02-01,39414.0,40014.0,39147.0,39948.0,117353.0
2017-02-02,39947.0,40814.0,39414.0,39748.0,123584.0
2017-02-03,39947.0,40014.0,37880.0,38080.0,120240.0
2017-02-06,38480.0,38814.0,37947.0,38280.0,40154.0
2017-02-07,38013.0,38613.0,37947.0,38280.0,50857.0
2017-02-08,38080.0,38480.0,37546.0,37747.0,63296.0
2017-02-09,37947.0,38080.0,37480.0,38014.0,56921.0
2017-02-10,38814.0,40814.0,38480.0,39681.0,300322.0
2017-02-13,39747.0,40614.0,39747.0,40148.0,153273.0
2017-02-14,40214.0,40614.0,39814.0,40148.0,90916.0
2017-02-15,40347.0,40748.0,39280.0,39548.0,120504.0
2017-02-16,39814.0,39814.0,38347.0,38681.0,123506.0
2017-02-17,38680.0,38880.0,37746.0,38080.0,164980.0
2017-02-20,37947.0,38213.0,37413.0,38014.0,131454.0
2017-02-21,37947.0,39014.0,37947.0,39014.0,101731.0
2017-02-22,39080.0,39147.0,38613.0,38747.0,64442.0
2017-02-23,38747.0,39280.0,38347.0,38414.0,85085.0
2017-02-24,38413.0,38814.0,38213.0,38614.0,51500.0
2017-02-27,38347.0,38814.0,37746.0,37947.0,82647.0
2017-02-28,37947.0,38280.0,37680.0,37814.0,79705.0
2017-03-02,37880.0,38280.0,37480.0,37547.0,74505.0
2017-03-03,37213.0,37947.0,37146.0,37414.0,78706.0
2017-03-06,37346.0,37813.0,37080.0,37680.0,78832.0
2017-03-07,37746.0,38747.0,37680.0,38681.0,141989.0
2017-03-08,38680.0,38947.0,38147.0,38347.0,80515.0
2017-03-09,38880.0,39214.0,38347.0,38747.0,122749.0
2017-03-10,38814.0,38814.0,37480.0,38347.0,109331.0
2017-03-13,38613.0,38814.0,37947.0,38080.0,78859.0
2017-03-14,38080.0,38280.0,37280.0,37480.0,187229.0
2017-03-15,37346.0,38013.0,37346.0,37547.0,91699.0
2017-03-16,37746.0,38147.0,37613.0,37947.0,73394.0
2017-03-17,38213.0,39014.0,37746.0,37880.0,142256.0
2017-03-20,38013.0,38280.0,37613.0,38214.0,54519.0
2017-03-21,38613.0,38680.0,38147.0,38414.0,77662.0
2017-03-22,38347.0,38413.0,37880.0,38280.0,65159.0
2017-03-23,38413.0,39680.0,38280.0,39548.0,308614.0
2017-03-24,39881.0,41148.0,39547.0,41148.0,460861.0
2017-03-27,40814.0,41281.0,40414.0,41015.0,136221.0
2017-03-28,41348.0,42482.0,41348.0,42149.0,255758.0
2017-03-29,42348.0,42682.0,41748.0,42149.0,103271.0
2017-03-30,42348.0,42548.0,41681.0,41948.0,83456.0
2017-03-31,41948.0,42348.0,41681.0,42149.0,74828.0
2017-04-03,42348.0,42548.0,40948.0,41082.0,122544.0
2017-04-04,40948.0,41014.0,40014.0,40348.0,111525.0
2017-04-05,40347.0,40814.0,40214.0,40481.0,82238.0
2017-04-06,40281.0,40681.0,39881.0,40281.0,75654.0
2017-04-07,40547.0,40948.0,40147.0,40748.0,57401.0
2017-04-10,40814.0,40881.0,39947.0,40148.0,67712.0
2017-04-11,39881.0,40547.0,39881.0,40481.0,58670.0
2017-04-12,40481.0,40547.0,39547.0,39748.0,94808.0
2017-04-13,39814.0,40281.0,39414.0,40281.0,76109.0
2017-04-14,40214.0,40214.0,39280.0,39548.0,69358.0
2017-04-17,39814.0,40681.0,39547.0,40681.0,106290.0
2017-04-18,40881.0,40881.0,40481.0,40615.0,86716.0
2017-04-19,40547.0,40814.0,40081.0,40281.0,48605.0
2017-04-20,40281.0,40481.0,39814.0,40148.0,81771.0
2017-04-21,40147.0,40614.0,39814.0,40415.0,65054.0
2017-04-24,40347.0,40414.0,40014.0,40215.0,82507.0
2017-04-25,40147.0,40948.0,39814.0,40081.0,160212.0
2017-04-26,39947.0,41948.0,39947.0,41815.0,324180.0
2017-04-27,41948.0,42015.0,41214.0,41415.0,73156.0
2017-04-28,41214.0,41948.0,40814.0,41548.0,97928.0
2017-05-02,41414.0,41881.0,41348.0,41482.0,109474.0
2017-05-04,41281.0,43682.0,41281.0,43349.0,249854.0
2017-05-08,43415.0,44349.0,42882.0,44283.0,222027.0
2017-05-10,44682.0,45216.0,43215.0,43549.0,256541.0
2017-05-11,43815.0,44816.0,43682.0,44216.0,180316.0
2017-05-12,44215.0,44215.0,43082.0,43082.0,110113.0
2017-05-15,42682.0,43549.0,42482.0,43082.0,82456.0
2017-05-16,42815.0,42815.0,40948.0,41015.0,352318.0
2017-05-17,41214.0,41615.0,40681.0,41348.0,146082.0
2017-05-18,40814.0,41414.0,40481.0,41348.0,106735.0
2017-05-19,41148.0,42281.0,41148.0,41215.0,133398.0
2017-05-22,41281.0,41615.0,40881.0,41282.0,142092.0
2017-05-23,42081.0,43015.0,41948.0,42415.0,322839.0
2017-05-24,42682.0,42682.0,42148.0,42482.0,101084.0
2017-05-25,42682.0,43549.0,42482.0,43349.0,174557.0
2017-05-26,43615.0,44149.0,43215.0,43616.0,160201.0
2017-05-29,43549.0,43615.0,42682.0,42682.0,150638.0
2017-05-30,42548.0,43282.0,41881.0,42082.0,202968.0
2017-05-31,42281.0,42348.0,41281.0,41615.0,262185.0
2017-06-01,41748.0,42148.0,41615.0,41948.0,108434.0
2017-06-02,42148.0,42548.0,41748.0,42549.0,139803.0
2017-06-05,42748.0,42748.0,41815.0,42149.0,147869.0
2017-06-07,41815.0,41815.0,41081.0,41482.0,164374.0
2017-06-08,41481.0,41615.0,40948.0,41148.0,180135.0
2017-06-09,41748.0,42415.0,41548.0,41615.0,186680.0
2017-06-12,41615.0,42148.0,41214.0,41482.0,140003.0
2017-06-13,41815.0,41881.0,41148.0,41482.0,142679.0
2017-06-14,41481.0,42281.0,41281.0,42082.0,168149.0
2017-06-15,42215.0,42281.0,41081.0,41215.0,155792.0
2017-06-16,41348.0,41681.0,41081.0,41682.0,111068.0
2017-06-19,41881.0,41948.0,41348.0,41682.0,100138.0
2017-06-20,41881.0,41948.0,40681.0,40681.0,202738.0
2017-06-21,40681.0,41014.0,40281.0,40748.0,106032.0
2017-06-22,40681.0,40948.0,40214.0,40281.0,118236.0
2017-06-23,40214.0,40881.0,40214.0,40815.0,82074.0
2017-06-26,41014.0,41081.0,40347.0,40548.0,61088.0
2017-06-27,40547.0,41081.0,40414.0,40615.0,69485.0
2017-06-28,40681.0,41748.0,40547.0,41482.0,119698.0
2017-06-29,41481.0,41548.0,40881.0,41015.0,83941.0
2017-06-30,40814.0,41615.0,40748.0,40881.0,85772.0
2017-07-03,41281.0,41748.0,41014.0,41682.0,127504.0
2017-07-04,41815.0,41948.0,40414.0,40815.0,155216.0
2017-07-05,40547.0,40881.0,40414.0,40681.0,80940.0
2017-07-06,40547.0,41014.0,40414.0,40615.0,120228.0
2017-07-07,40748.0,41081.0,40547.0,40615.0,71325.0
2017-07-10,40614.0,40814.0,40147.0,40148.0,68375.0
2017-07-11,40081.0,40347.0,38947.0,39281.0,198969.0
2017-07-12,39480.0,39881.0,39347.0,39814.0,101381.0
2017-07-13,39947.0,40014.0,39080.0,39214.0,187780.0
2017-07-14,38747.0,39080.0,38280.0,38614.0,202986.0
2017-07-17,38880.0,39814.0,38814.0,39214.0,133395.0
2017-07-18,39480.0,39547.0,38814.0,38947.0,124412.0
2017-07-19,39014.0,40014.0,39014.0,39681.0,127476.0
2017-07-20,39747.0,40014.0,38880.0,39014.0,161666.0
2017-07-21,38880.0,39347.0,38880.0,39081.0,70708.0
2017-07-24,39214.0,39214.0,38413.0,38414.0,110679.0
2017-07-25,38480.0,38947.0,37947.0,38280.0,135518.0
2017-07-26,38613.0,38880.0,38013.0,38214.0,119216.0
2017-07-27,38280.0,38680.0,38213.0,38414.0,66081.0
2017-07-28,38347.0,38613.0,37746.0,37814.0,114025.0
2017-07-31,37480.0,37546.0,35746.0,35813.0,324167.0
2017-08-01,35546.0,36279.0,35279.0,35613.0,270532.0
2017-08-02,35679.0,35879.0,35212.0,35213.0,158664.0
2017-08-03,35012.0,35146.0,33745.0,33812.0,231545.0
2017-08-04,33945.0,34745.0,33945.0,34346.0,93212.0
2017-08-07,34479.0,34945.0,34279.0,34279.0,118326.0
2017-08-08,34745.0,35212.0,34545.0,34813.0,137223.0
2017-08-09,34479.0,34745.0,34078.0,34146.0,113333.0
2017-08-10,34212.0,34945.0,34078.0,34079.0,167163.0
2017-08-11,33745.0,34345.0,33678.0,34212.0,91385.0
2017-08-14,34612.0,34945.0,34145.0,34279.0,84794.0
2017-08-16,34545.0,34945.0,34412.0,34546.0,118138.0
2017-08-17,34345.0,34812.0,34279.0,34546.0,95759.0
2017-08-18,34412.0,34679.0,34279.0,34479.0,64502.0
2017-08-21,34479.0,34612.0,34212.0,34412.0,44721.0
2017-08-22,34279.0,34679.0,34279.0,34346.0,60517.0
2017-08-23,34412.0,34812.0,34412.0,34546.0,57816.0
2017-08-24,34679.0,35212.0,34545.0,34746.0,107533.0
2017-08-25,34745.0,34945.0,34612.0,34879.0,56828.0
2017-08-28,34879.0,35079.0,34612.0,34813.0,50572.0
2017-08-29,34545.0,34679.0,33945.0,34479.0,77475.0
2017-08-30,34479.0,34945.0,34479.0,34746.0,51336.0
2017-08-31,34612.0,34879.0,34612.0,34679.0,59799.0
2017-09-01,34679.0,35346.0,34679.0,34879.0,88036.0
2017-09-04,33878.0,34479.0,33878.0,34079.0,95677.0
2017-09-05,34412.0,34412.0,33745.0,34012.0,55564.0
2017-09-06,34012.0,34012.0,33812.0,33879.0,41597.0
2017-09-07,33745.0,34212.0,33745.0,33879.0,61459.0
2017-09-08,33878.0,34078.0,33145.0,33479.0,105053.0
2017-09-11,33478.0,34145.0,33345.0,33746.0,49690.0
2017-09-12,33745.0,34145.0,33545.0,33946.0,34719.0
2017-09-13,33945.0,34612.0,33745.0,34012.0,72996.0
2017-09-14,34345.0,34679.0,34078.0,34679.0,90286.0
2017-09-15,34479.0,35012.0,34345.0,34479.0,73219.0
2017-09-18,34479.0,34745.0,34012.0,34146.0,55366.0
2017-09-19,34012.0,34612.0,34012.0,34146.0,59516.0
2017-09-20,34145.0,34412.0,33678.0,33746.0,62480.0
2017-09-21,33745.0,33812.0,33145.0,33245.0,100929.0
2017-09-22,32878.0,33211.0,32111.0,32212.0,125033.0
2017-09-25,31544.0,31944.0,30044.0,30144.0,203058.0
2017-09-26,30010.0,31811.0,30010.0,31711.0,146903.0
2017-09-27,31878.0,32345.0,31377.0,32178.0,63415.0
2017-09-28,31744.0,32778.0,31744.0,32645.0,79808.0
2017-09-29,32545.0,33678.0,32545.0,33312.0,120617.0
2017-10-10,33312.0,33878.0,32678.0,33746.0,105043.0
2017-10-11,33745.0,33945.0,33412.0,33612.0,62815.0
2017-10-12,33478.0,33878.0,33412.0,33879.0,75230.0
2017-10-13,33878.0,34679.0,33878.0,34412.0,98974.0
2017-10-16,34612.0,34679.0,34012.0,34679.0,73343.0
2017-10-17,34612.0,35346.0,34412.0,35079.0,112695.0
2017-10-18,35346.0,35679.0,35146.0,35479.0,97162.0
2017-10-19,35612.0,36279.0,35479.0,36013.0,155137.0
2017-10-20,36146.0,36413.0,35479.0,36280.0,118216.0
2017-10-23,36213.0,36413.0,35746.0,36013.0,78799.0
2017-10-24,36013.0,36213.0,35612.0,36013.0,79489.0
2017-10-25,35679.0,36679.0,35479.0,36213.0,117212.0
2017-10-26,35946.0,36346.0,35946.0,36280.0,45832.0
2017-10-27,36146.0,37746.0,36146.0,37347.0,162960.0
2017-10-30,37546.0,37546.0,36346.0,36480.0,88143.0
2017-10-31,36213.0,36946.0,36213.0,36547.0,89695.0
2017-11-01,36213.0,36946.0,36213.0,36747.0,45835.0
2017-11-02,36479.0,37280.0,36413.0,37213.0,65776.0
2017-11-03,37346.0,37480.0,36679.0,36813.0,59945.0
2017-11-06,36679.0,37280.0,36479.0,36880.0,51099.0
2017-11-07,36879.0,37413.0,36813.0,36947.0,74918.0
2017-11-08,36613.0,36946.0,36346.0,36813.0,71540.0
2017-11-09,37146.0,37146.0,36546.0,36680.0,75628.0
2017-11-10,36613.0,37213.0,36479.0,37080.0,69356.0
2017-11-13,37346.0,38080.0,37080.0,37147.0,86672.0
2017-11-14,37346.0,37413.0,36479.0,36947.0,72686.0
2017-11-15,37146.0,37613.0,36279.0,37480.0,104530.0
2017-11-16,37480.0,37613.0,36879.0,37147.0,82471.0
2017-11-17,36879.0,37346.0,36279.0,36547.0,97252.0
2017-11-20,36479.0,36879.0,35612.0,35813.0,140539.0
2017-11-21,35879.0,36213.0,35346.0,35946.0,100895.0
2017-11-22,35946.0,36079.0,35012.0,35279.0,117108.0
2017-11-23,35212.0,35679.0,35146.0,35546.0,72680.0
2017-11-24,35212.0,35679.0,35146.0,35213.0,69756.0
2017-11-27,34879.0,35079.0,34412.0,34546.0,139233.0
2017-11-28,34545.0,35212.0,34479.0,34746.0,72468.0
2017-11-29,34612.0,34879.0,34345.0,34679.0,50222.0
2017-11-30,35212.0,35212.0,34745.0,35146.0,89310.0
2017-12-01,35012.0,35079.0,34212.0,34546.0,86043.0
2017-12-04,34679.0,35012.0,34545.0,34546.0,67864.0
2017-12-05,34812.0,35412.0,34279.0,35346.0,106598.0
2017-12-06,35346.0,35412.0,34745.0,34946.0,87647.0
2017-12-07,34812.0,34879.0,33945.0,34146.0,92583.0
2017-12-08,33812.0,34145.0,33412.0,33946.0,79122.0
2017-12-11,33745.0,34078.0,33612.0,34012.0,34840.0
2017-12-12,33678.0,34078.0,33612.0,33812.0,64643.0
2017-12-13,33412.0,34945.0,33412.0,34813.0,79123.0
2017-12-14,35212.0,36479.0,34879.0,34946.0,279168.0
2017-12-15,35546.0,36146.0,35279.0,35746.0,75114.0
2017-12-18,35746.0,35879.0,35412.0,35546.0,32508.0
2017-12-19,35412.0,35879.0,34945.0,35346.0,48194.0
2017-12-20,35079.0,36213.0,35012.0,36013.0,61564.0
2017-12-21,35679.0,36146.0,35546.0,36013.0,54622.0
2017-12-22,36213.0,36346.0,35879.0,36146.0,78373.0
2017-12-26,36346.0,36346.0,35012.0,35946.0,64527.0
2017-12-27,35546.0,36079.0,35412.0,35946.0,67272.0
2017-12-28,36079.0,36546.0,35879.0,36280.0,55698.0
2018-01-02,38680.0,38880.0,37013.0,37013.0,225859.0
2018-01-03,37080.0,38147.0,36813.0,37947.0,187180.0
2018-01-04,38147.0,38147.0,36946.0,37080.0,89738.0
2018-01-05,37080.0,37480.0,36546.0,37080.0,62306.0
2018-01-08,37546.0,37880.0,37213.0,37680.0,113610.0
2018-01-09,37880.0,37880.0,36946.0,37013.0,82656.0
2018-01-10,37280.0,37346.0,36479.0,37013.0,94162.0
2018-01-11,36813.0,36946.0,36346.0,36346.0,72558.0
2018-01-12,36413.0,37080.0,36346.0,36413.0,59617.0
2018-01-15,36413.0,36613.0,36213.0,36346.0,49737.0
2018-01-16,36346.0,36613.0,36279.0,36480.0,66447.0
2018-01-17,36413.0,36613.0,36013.0,36146.0,78375.0
2018-01-18,36279.0,37346.0,36279.0,36547.0,76123.0
2018-01-19,36613.0,36946.0,36279.0,36813.0,72273.0
2018-01-22,36679.0,37480.0,36613.0,37080.0,55931.0
2018-01-23,37213.0,37880.0,37013.0,37814.0,132497.0
2018-01-24,37813.0,38347.0,37613.0,38280.0,118722.0
2018-01-25,38347.0,41414.0,38213.0,41348.0,678319.0
2018-01-26,41548.0,41748.0,40614.0,41148.0,167526.0
2018-01-29,41148.0,43015.0,40481.0,42749.0,366801.0
2018-01-30,42615.0,43015.0,41681.0,41815.0,334711.0
2018-01-31,41214.0,41481.0,39747.0,40148.0,197749.0
2018-02-01,40281.0,41348.0,40281.0,40681.0,90551.0
2018-02-02,40681.0,41281.0,39347.0,41148.0,178990.0
2018-02-05,40347.0,40614.0,39480.0,39748.0,97197.0
2018-02-06,38680.0,39214.0,37680.0,39081.0,147143.0
2018-02-07,39547.0,39814.0,38213.0,38347.0,87791.0
2018-02-08,38613.0,39614.0,38413.0,39014.0,220429.0
2018-02-09,38080.0,39614.0,37813.0,38414.0,150052.0
2018-02-12,39347.0,39347.0,37546.0,37947.0,126006.0
2018-02-13,38147.0,39681.0,37746.0,39681.0,161112.0
2018-02-14,39680.0,40081.0,39480.0,39614.0,87146.0
2018-02-19,40014.0,40414.0,39147.0,39814.0,93477.0
2018-02-20,39681.0,39747.0,38613.0,38614.0,67621.0
2018-02-21,38347.0,39747.0,37746.0,37947.0,125431.0
2018-02-22,38080.0,38480.0,37746.0,38347.0,61705.0
2018-02-23,38413.0,40214.0,38413.0,39681.0,178595.0
2018-02-26,39814.0,40347.0,39014.0,39281.0,68903.0
2018-02-27,39347.0,39480.0,38680.0,38814.0,45747.0
2018-02-28,38347.0,39681.0,38347.0,39147.0,79403.0
2018-03-02,38747.0,39080.0,37013.0,38280.0,108676.0
2018-03-05,38280.0,38680.0,37346.0,37680.0,71089.0
2018-03-06,38280.0,38547.0,37680.0,38147.0,77152.0
2018-03-07,41348.0,44549.0,40347.0,41748.0,1585083.0
2018-03-08,42015.0,43682.0,40614.0,42749.0,612775.0
2018-03-09,45883.0,54886.0,44816.0,52419.0,3150138.0
2018-03-12,53285.0,53419.0,49884.0,50352.0,1375142.0
2018-03-13,49551.0,51151.0,48750.0,50618.0,725338.0
2018-03-14,49684.0,51085.0,49351.0,49885.0,384259.0
2018-03-15,49351.0,50218.0,47950.0,48884.0,446970.0
2018-03-16,49217.0,50751.0,49084.0,49818.0,368856.0
2018-03-19,52152.0,57354.0,51218.0,56354.0,1766991.0
2018-03-20,55019.0,55219.0,53219.0,53486.0,795582.0
2018-03-21,52885.0,55353.0,52352.0,53353.0,827417.0
2018-03-22,53752.0,53752.0,51351.0,52219.0,494971.0
2018-03-23,50418.0,52418.0,50151.0,50885.0,493286.0
2018-03-26,50885.0,52819.0,49417.0,52219.0,427985.0
2018-03-27,53352.0,54219.0,51885.0,52019.0,465313.0
2018-03-28,51551.0,56086.0,50751.0,53353.0,1874954.0
2018-03-29,55019.0,55620.0,52152.0,53019.0,731221.0
2018-03-30,53352.0,54219.0,51952.0,53153.0,533091.0
2018-04-02,52418.0,53152.0,51618.0,51885.0,369722.0
2018-04-03,51351.0,53819.0,51351.0,53153.0,437170.0
2018-04-04,54352.0,56220.0,52352.0,52952.0,734799.0
2018-04-05,53085.0,53819.0,52552.0,53219.0,1178840.0
2018-04-06,55019.0,56220.0,53219.0,53553.0,948359.0
2018-04-09,53686.0,54152.0,51485.0,51485.0,583798.0
2018-04-10,51818.0,51885.0,49151.0,51285.0,644665.0
2018-04-11,51885.0,52218.0,50418.0,50752.0,426293.0
2018-04-12,51018.0,51818.0,50218.0,51152.0,696446.0
2018-04-13,51551.0,54686.0,51218.0,53619.0,834721.0
2018-04-16,54419.0,56620.0,54152.0,55353.0,575902.0
2018-04-17,56086.0,57487.0,55553.0,56620.0,460971.0
2018-04-18,59288.0,60488.0,57287.0,59622.0,1272875.0
2018-04-19,61488.0,71025.0,60421.0,69358.0,3455161.0
2018-04-20,69358.0,70358.0,66357.0,68691.0,1636292.0
2018-04-23,74360.0,74360.0,64356.0,65424.0,2192213.0
2018-04-24,65423.0,67024.0,62422.0,64157.0,1260456.0
2018-04-25,63422.0,65690.0,62755.0,62889.0,759873.0
2018-04-26,62422.0,64823.0,61822.0,63290.0,771941.0
2018-04-27,63689.0,64289.0,61022.0,62623.0,1391907.0
2018-04-30,66023.0,72026.0,64890.0,69358.0,2937539.0
2018-05-02,69358.0,71025.0,66157.0,66291.0,1787574.0
2018-05-03,65156.0,65490.0,60955.0,61622.0,1066672.0
2018-05-04,62355.0,67357.0,62089.0,66624.0,1151534.0
2018-05-08,63289.0,67357.0,62822.0,64957.0,831646.0
2018-05-09,66157.0,72359.0,63489.0,72359.0,2098580.0
2018-05-10,73359.0,74693.0,69358.0,71026.0,1762322.0
2018-05-11,69358.0,74693.0,67691.0,74360.0,2048831.0
2018-05-14,74026.0,79361.0,73693.0,76361.0,1997349.0
2018-05-15,76694.0,81696.0,75027.0,80696.0,1694259.0
2018-05-16,75360.0,79028.0,70692.0,72359.0,3197960.0
2018-05-17,72692.0,75694.0,67357.0,69358.0,2664794.0
2018-05-18,70692.0,71692.0,67691.0,71693.0,1876351.0
2018-05-21,70692.0,72026.0,69024.0,71359.0,1269943.0
2018-05-23,68691.0,73693.0,66490.0,72359.0,2092928.0
2018-05-24,73026.0,73693.0,68691.0,69692.0,1202593.0
2018-05-25,58954.0,60688.0,56687.0,57954.0,4512494.0
2018-05-28,70692.0,75027.0,69691.0,75027.0,2883716.0
2018-05-29,75360.0,79361.0,73026.0,76361.0,2891412.0
2018-05-30,77361.0,87698.0,75027.0,86031.0,3873218.0
2018-05-31,84697.0,91032.0,82696.0,89032.0,2083220.0
2018-06-01,89365.0,90032.0,83029.0,83363.0,2042739.0
2018-06-04,88031.0,88031.0,80028.0,80696.0,1719961.0
2018-06-05,79028.0,83029.0,77694.0,82697.0,1631116.0
2018-06-07,82029.0,84030.0,81029.0,81696.0,935969.0
2018-06-08,82363.0,82696.0,77361.0,77695.0,1227743.0
2018-06-11,79028.0,82696.0,78028.0,82697.0,1249508.0
2018-06-12,82363.0,84030.0,76027.0,79695.0,2461748.0
2018-06-14,76027.0,76360.0,68024.0,68358.0,2285482.0
2018-06-15,68358.0,71025.0,67691.0,70359.0,1183086.0
2018-06-18,71692.0,74026.0,71359.0,73026.0,1160104.0
2018-06-19,72359.0,74026.0,69024.0,69692.0,743195.0
2018-06-20,69358.0,72026.0,68024.0,71693.0,730654.0
2018-06-21,71359.0,73026.0,69024.0,69358.0,615101.0
2018-06-22,70692.0,71359.0,65623.0,67358.0,1106900.0
2018-06-25,66423.0,68358.0,65156.0,67358.0,595740.0
2018-06-26,66690.0,67691.0,60955.0,61689.0,1199742.0
2018-06-27,61822.0,62956.0,57487.0,60022.0,1477218.0
2018-06-28,58954.0,61022.0,56420.0,56954.0,1097918.0
2018-06-29,58421.0,60355.0,56953.0,59755.0,1115807.0
2018-07-02,59554.0,59821.0,54686.0,54820.0,962950.0
2018-07-03,56153.0,56820.0,54019.0,56487.0,845294.0
2018-07-04,56220.0,57420.0,55620.0,55887.0,454526.0
2018-07-05,55753.0,56487.0,52018.0,53153.0,1070288.0
2018-07-06,53419.0,56687.0,52352.0,56154.0,906705.0
2018-07-09,52352.0,52885.0,47883.0,48751.0,1533986.0
2018-07-10,49884.0,51818.0,49551.0,50285.0,898661.0
2018-07-11,49817.0,53686.0,49751.0,52752.0,939180.0
2018-07-12,53152.0,55353.0,52152.0,52952.0,908757.0
2018-07-13,54553.0,56220.0,53752.0,55287.0,681129.0
2018-07-16,55886.0,56286.0,54086.0,54486.0,403675.0
2018-07-17,54753.0,54953.0,53552.0,53819.0,302036.0
2018-07-18,54086.0,54352.0,50951.0,51085.0,561368.0
2018-07-19,51151.0,55886.0,48750.0,52019.0,1394252.0
2018-07-20,52685.0,52952.0,50551.0,51419.0,461478.0
2018-07-23,50351.0,51018.0,48684.0,48884.0,493644.0
2018-07-24,50618.0,55620.0,50484.0,54820.0,1827285.0
2018-07-25,55820.0,56953.0,54019.0,55487.0,1009256.0
2018-07-26,56086.0,60955.0,55820.0,59622.0,1159961.0
2018-07-27,59688.0,61422.0,58221.0,61089.0,855292.0
2018-07-30,61022.0,63756.0,60621.0,63223.0,1056592.0
2018-07-31,63689.0,64023.0,59554.0,60689.0,1020919.0
2018-08-01,61422.0,62289.0,60021.0,61489.0,494067.0
2018-08-02,61822.0,62822.0,60288.0,62356.0,566908.0
2018-08-03,62689.0,62889.0,61755.0,62022.0,448125.0
2018-08-06,60688.0,61488.0,59821.0,60155.0,484820.0
2018-08-07,61022.0,61088.0,59554.0,60489.0,326549.0
2018-08-08,60488.0,62622.0,60221.0,61222.0,408022.0
2018-08-09,61088.0,62755.0,60355.0,62689.0,436724.0
2018-08-10,65557.0,69358.0,64556.0,68025.0,1464303.0
2018-08-13,69358.0,70358.0,62822.0,64357.0,1346799.0
2018-08-14,64623.0,67691.0,62289.0,67691.0,958500.0
2018-08-16,70358.0,71359.0,67357.0,68025.0,708894.0
2018-08-17,67691.0,69691.0,67024.0,69692.0,503266.0
2018-08-20,69691.0,70692.0,68691.0,69025.0,377386.0
2018-08-21,70358.0,70692.0,68358.0,69358.0,460415.0
2018-08-22,68691.0,69024.0,66624.0,68358.0,444693.0
2018-08-23,68024.0,70358.0,67357.0,69025.0,472804.0
2018-08-24,70025.0,70025.0,68024.0,69358.0,434668.0
2018-08-27,62889.0,63689.0,61022.0,61155.0,1832149.0
2018-08-28,60955.0,61955.0,58554.0,59021.0,1179526.0
2018-08-29,57687.0,59554.0,57620.0,58554.0,687183.0
2018-08-30,59421.0,61822.0,59354.0,60022.0,779004.0
2018-08-31,59488.0,60888.0,59021.0,60889.0,382272.0
2018-09-03,63222.0,63222.0,61088.0,61489.0,524726.0
2018-09-04,61555.0,63089.0,61155.0,62489.0,380213.0
2018-09-05,63556.0,63756.0,62155.0,62623.0,518657.0
2018-09-06,63689.0,66690.0,61155.0,62356.0,1397424.0
2018-09-07,63156.0,68691.0,62555.0,68691.0,1230105.0
2018-09-10,70025.0,74693.0,69024.0,74360.0,1108621.0
2018-09-11,76360.0,77361.0,74360.0,75694.0,977793.0
2018-09-12,75360.0,77361.0,72359.0,77361.0,821078.0
2018-09-13,76360.0,78361.0,75360.0,76694.0,596856.0
2018-09-14,77027.0,78361.0,75360.0,76694.0,712024.0
2018-09-17,78028.0,78695.0,74026.0,74694.0,848295.0
2018-09-18,74360.0,78028.0,72692.0,75694.0,1134348.0
2018-09-19,75694.0,76027.0,68358.0,70359.0,2004320.0
2018-09-20,73693.0,74360.0,69358.0,71693.0,1069167.0
2018-09-21,72359.0,80028.0,72026.0,80029.0,2268709.0
2018-09-27,80028.0,80362.0,76360.0,77028.0,1085860.0
2018-09-28,76360.0,76694.0,72359.0,74360.0,1056594.0
2018-10-01,74360.0,76027.0,73359.0,75361.0,515978.0
2018-10-02,73693.0,78361.0,73026.0,76361.0,784611.0
2018-10-04,82029.0,84697.0,79695.0,84364.0,1656604.0
2018-10-05,83029.0,84697.0,81696.0,82363.0,910984.0
2018-10-08,81029.0,84697.0,80362.0,83697.0,793714.0
2018-10-10,80362.0,80695.0,67024.0,68691.0,2307574.0
2018-10-11,63622.0,66423.0,62822.0,63156.0,2124497.0
2018-10-12,63622.0,66557.0,63156.0,66024.0,1135781.0
2018-10-15,65156.0,68024.0,61022.0,62423.0,1195279.0
2018-10-16,62689.0,65290.0,62555.0,64757.0,704740.0
2018-10-17,66023.0,69358.0,65557.0,67024.0,797249.0
2018-10-18,68024.0,68691.0,65757.0,67024.0,499472.0
2018-10-19,66157.0,68691.0,65690.0,68358.0,507655.0
2018-10-22,65557.0,65757.0,62689.0,63356.0,894028.0
2018-10-23,63289.0,64489.0,60421.0,61022.0,786348.0
2018-10-24,62022.0,62222.0,57754.0,58088.0,834021.0
2018-10-25,56286.0,59021.0,55953.0,57421.0,756045.0
2018-10-26,58554.0,58621.0,54352.0,54953.0,685808.0
2018-10-29,54553.0,55686.0,50684.0,50885.0,819090.0
2018-10-30,50885.0,55686.0,50418.0,54953.0,1048517.0
2018-10-31,54819.0,55353.0,52619.0,53153.0,546741.0
2018-11-01,55153.0,57887.0,55019.0,55687.0,610390.0
2018-11-02,57687.0,61022.0,57420.0,60689.0,739981.0
2018-11-05,60221.0,61889.0,59021.0,60822.0,540823.0
2018-11-06,61688.0,61822.0,58754.0,59555.0,442242.0
2018-11-07,60421.0,62889.0,53019.0,54886.0,2065398.0
2018-11-08,56420.0,58554.0,55553.0,57354.0,793373.0
2018-11-09,56353.0,57820.0,54886.0,56687.0,391920.0
2018-11-12,55086.0,57487.0,54753.0,55753.0,340186.0
2018-11-13,54619.0,55620.0,53686.0,55553.0,350286.0
2018-11-14,57554.0,57620.0,55153.0,55220.0,453245.0
2018-11-15,55286.0,60355.0,55286.0,60355.0,958346.0
2018-11-16,59954.0,60488.0,58821.0,59955.0,607110.0
2018-11-19,61822.0,64423.0,61688.0,63423.0,917813.0
2018-11-20,61822.0,63689.0,61755.0,63089.0,491336.0
2018-11-21,62689.0,65757.0,61955.0,63356.0,836020.0
2018-11-22,63756.0,64023.0,61422.0,62156.0,417025.0
2018-11-23,62956.0,64823.0,61022.0,62022.0,730223.0
2018-11-26,63156.0,63356.0,59488.0,60155.0,720476.0
2018-11-27,59354.0,60955.0,58554.0,60689.0,466698.0
2018-11-28,60488.0,61155.0,59954.0,60088.0,289840.0
2018-11-29,61222.0,62689.0,60355.0,61489.0,558850.0
2018-11-30,61688.0,62822.0,60755.0,62489.0,349229.0
2018-12-03,63956.0,67357.0,62956.0,66424.0,1021304.0
2018-12-04,66023.0,69358.0,66023.0,69025.0,678407.0
2018-12-05,68024.0,71692.0,67691.0,69025.0,960999.0
2018-12-06,68358.0,69358.0,66557.0,67691.0,509533.0
2018-12-07,69691.0,71692.0,68691.0,70359.0,735479.0
2018-12-10,67357.0,69358.0,65823.0,66691.0,941954.0
2018-12-11,68024.0,68358.0,64023.0,66224.0,1076679.0
2018-12-12,65623.0,67691.0,62355.0,63423.0,874160.0
2018-12-13,62889.0,65423.0,62555.0,65424.0,704856.0
2018-12-14,65623.0,66157.0,63489.0,64690.0,601932.0
2018-12-17,63489.0,63956.0,60421.0,61422.0,716082.0
2018-12-18,60221.0,63489.0,60155.0,62089.0,496010.0
2018-12-19,63556.0,64023.0,62222.0,62489.0,331157.0
2018-12-20,63289.0,67691.0,63289.0,66491.0,910460.0
2018-12-21,68024.0,68691.0,65356.0,66691.0,639490.0
2018-12-24,67024.0,70692.0,66223.0,69025.0,1050356.0
2018-12-26,67357.0,69024.0,64756.0,65157.0,1088673.0
2018-12-27,68691.0,71692.0,67357.0,69692.0,1147423.0
2018-12-28,70358.0,72359.0,69691.0,71359.0,833672.0
2019-01-02,74026.0,74693.0,68358.0,69025.0,972650.0
2019-01-03,69691.0,75027.0,68024.0,71693.0,1421496.0
2019-01-04,71025.0,73693.0,70025.0,73693.0,661062.0
2019-01-07,74360.0,75694.0,73359.0,73360.0,597766.0
2019-01-08,73693.0,77027.0,72359.0,74360.0,1025885.0
2019-01-09,74693.0,76027.0,73693.0,74694.0,395349.0
2019-01-10,74693.0,75694.0,72692.0,73026.0,615488.0
2019-01-11,73359.0,77027.0,73026.0,76361.0,819900.0
2019-01-14,77361.0,80695.0,76360.0,80029.0,1071630.0
2019-01-15,79361.0,80695.0,78695.0,80029.0,588040.0
2019-01-16,80362.0,81696.0,79028.0,79362.0,536136.0
2019-01-17,80028.0,80028.0,76027.0,77028.0,851328.0
2019-01-18,77361.0,79028.0,75694.0,76694.0,741409.0
2019-01-21,77361.0,78361.0,74693.0,75361.0,623458.0
2019-01-22,75694.0,76694.0,74360.0,74694.0,590795.0
2019-01-23,74360.0,76360.0,74026.0,76027.0,604718.0
2019-01-24,77361.0,77361.0,75027.0,75027.0,441236.0
2019-01-25,75360.0,77361.0,74693.0,77361.0,492139.0
2019-01-28,76694.0,77361.0,76027.0,76694.0,328948.0
2019-01-29,76360.0,77027.0,72359.0,72693.0,780313.0
2019-01-30,74026.0,75360.0,72692.0,74360.0,508836.0
2019-01-31,74360.0,74693.0,72359.0,74027.0,386702.0
2019-02-01,75360.0,79695.0,75027.0,79029.0,1016758.0
2019-02-07,80362.0,82696.0,79362.0,82030.0,877241.0
2019-02-08,80695.0,82696.0,80362.0,81363.0,456134.0
2019-02-11,82696.0,83029.0,80028.0,80029.0,418636.0
2019-02-12,80362.0,82029.0,78361.0,79362.0,517135.0
2019-02-13,80028.0,80362.0,78695.0,79695.0,350786.0
2019-02-14,79362.0,80028.0,76694.0,79029.0,498057.0
2019-02-15,78695.0,81696.0,78028.0,81363.0,519996.0
2019-02-18,82029.0,82363.0,80028.0,81363.0,315619.0
2019-02-19,83363.0,85364.0,82363.0,83697.0,763022.0
2019-02-20,84030.0,84363.0,81029.0,81696.0,593055.0
2019-02-21,81696.0,81696.0,76694.0,78362.0,940891.0
2019-02-22,78361.0,80695.0,78028.0,80029.0,566642.0
2019-02-25,81362.0,81696.0,73693.0,75027.0,1669520.0
2019-02-26,75694.0,78028.0,75360.0,76694.0,829577.0
2019-02-27,77361.0,78695.0,76027.0,78028.0,748967.0
2019-02-28,79028.0,79361.0,63556.0,63556.0,2931794.0
2019-03-04,59354.0,62822.0,58887.0,60155.0,2516424.0
2019-03-05,60355.0,61088.0,58821.0,60355.0,1342757.0
2019-03-06,59754.0,60488.0,57087.0,57554.0,1312794.0
2019-03-07,56820.0,57820.0,55219.0,55553.0,998345.0
2019-03-08,54686.0,55953.0,54286.0,54886.0,773319.0
2019-03-11,55019.0,55420.0,53886.0,54820.0,465728.0
2019-03-12,55353.0,56820.0,55019.0,56087.0,715726.0
2019-03-13,55753.0,56553.0,55686.0,55820.0,328595.0
2019-03-14,55886.0,56553.0,55686.0,56087.0,484606.0
2019-03-15,55953.0,56286.0,51285.0,52219.0,1741611.0
2019-03-18,53152.0,55286.0,53085.0,55020.0,683262.0
2019-03-19,55353.0,55886.0,54819.0,55153.0,361120.0
2019-03-20,54686.0,54953.0,53485.0,54220.0,373242.0
2019-03-21,53886.0,54886.0,53552.0,53886.0,260692.0
2019-03-22,53352.0,54286.0,52552.0,54020.0,313116.0
2019-03-25,53085.0,55420.0,53019.0,55087.0,1004056.0
2019-03-26,55686.0,55686.0,54286.0,54486.0,396337.0
2019-03-27,54352.0,54753.0,53285.0,53953.0,350799.0
2019-03-28,53819.0,54686.0,53686.0,53953.0,218327.0
2019-03-29,54286.0,59688.0,54286.0,59622.0,1813826.0
2019-04-01,60621.0,61088.0,59021.0,60222.0,830581.0
2019-04-02,60421.0,62155.0,59488.0,62022.0,748574.0
2019-04-03,62222.0,63156.0,61822.0,62689.0,513116.0
2019-04-04,62022.0,62422.0,60955.0,62089.0,456803.0
2019-04-05,62089.0,65023.0,61822.0,64023.0,662516.0
2019-04-08,63622.0,63622.0,61555.0,61756.0,545347.0
2019-04-09,61688.0,62155.0,60621.0,61689.0,287692.0
2019-04-10,62022.0,62822.0,61622.0,61622.0,370190.0
2019-04-11,61889.0,63022.0,61422.0,62689.0,563004.0
2019-04-12,60555.0,61222.0,59821.0,60622.0,628031.0
2019-04-15,62089.0,62222.0,61155.0,61222.0,365201.0
2019-04-16,60488.0,62889.0,59554.0,61089.0,578650.0
2019-04-17,60621.0,60621.0,59754.0,59755.0,284005.0
2019-04-18,59421.0,60088.0,58687.0,58688.0,277896.0
2019-04-19,58687.0,59554.0,57820.0,58221.0,279130.0
2019-04-22,58754.0,59888.0,58487.0,58821.0,216760.0
2019-04-23,59154.0,59621.0,58487.0,59555.0,117244.0
2019-04-24,59554.0,59688.0,58287.0,58288.0,203032.0
2019-04-25,58421.0,58487.0,57020.0,57354.0,243348.0
2019-04-26,57087.0,59154.0,57087.0,58688.0,247023.0
2019-04-29,58221.0,58221.0,56687.0,57354.0,229678.0
2019-04-30,57487.0,57887.0,57020.0,57354.0,110007.0
2019-05-02,57420.0,57820.0,57020.0,57354.0,124512.0
2019-05-03,57687.0,57820.0,56687.0,56887.0,125563.0
2019-05-07,54886.0,55820.0,54753.0,55087.0,247876.0
2019-05-08,55286.0,56820.0,55286.0,55620.0,234946.0
2019-05-09,55486.0,56153.0,53752.0,53953.0,359317.0
2019-05-10,52685.0,53752.0,52152.0,52819.0,419931.0
2019-05-13,51885.0,53152.0,51818.0,52219.0,222833.0
2019-05-14,51952.0,52685.0,50818.0,51685.0,227318.0
2019-05-15,51752.0,52819.0,51218.0,52819.0,182477.0
2019-05-16,54486.0,54886.0,52685.0,53086.0,313503.0
2019-05-17,53285.0,56020.0,53285.0,55287.0,453254.0
2019-05-20,55953.0,56153.0,53819.0,53819.0,277047.0
2019-05-21,53419.0,54953.0,53419.0,53486.0,167743.0
2019-05-22,53619.0,54753.0,53619.0,54086.0,147005.0
2019-05-23,53886.0,54019.0,52752.0,52886.0,162700.0
2019-05-24,52085.0,52485.0,51685.0,52019.0,183861.0
2019-05-27,52085.0,53085.0,52085.0,52419.0,99891.0
2019-05-28,52552.0,53952.0,52552.0,53553.0,156946.0
2019-05-29,53485.0,53686.0,52819.0,53153.0,98355.0
2019-05-30,52885.0,53352.0,52685.0,53019.0,93443.0
2019-05-31,52819.0,54152.0,52285.0,53419.0,131722.0
2019-06-03,53552.0,53686.0,52752.0,53019.0,122914.0
2019-06-04,53019.0,54619.0,52952.0,54286.0,160198.0
2019-06-05,54486.0,55019.0,54019.0,54153.0,111773.0
2019-06-07,54419.0,55953.0,54152.0,55820.0,217100.0
2019-06-10,56687.0,59088.0,56420.0,58621.0,422009.0
2019-06-11,58687.0,59354.0,58020.0,59021.0,206455.0
2019-06-12,60755.0,61755.0,59688.0,59688.0,681347.0
2019-06-13,59621.0,60555.0,58954.0,60422.0,295046.0
2019-06-14,60755.0,61088.0,60155.0,60555.0,226857.0
2019-06-17,60555.0,60888.0,59888.0,59955.0,160551.0
2019-06-18,60088.0,60888.0,59221.0,59622.0,190128.0
2019-06-19,60555.0,62555.0,60488.0,62222.0,453512.0
2019-06-20,62022.0,62289.0,60688.0,61155.0,264458.0
2019-06-21,61422.0,61488.0,59821.0,60489.0,247643.0
2019-06-24,63022.0,63289.0,61955.0,62889.0,507300.0
2019-06-25,62622.0,62956.0,60688.0,60822.0,335391.0
2019-06-26,60821.0,61889.0,58754.0,61622.0,291411.0
2019-06-27,62155.0,62155.0,60021.0,60555.0,258022.0
2019-06-28,60488.0,61022.0,58621.0,60489.0,381458.0
2019-07-01,64690.0,65757.0,62555.0,65624.0,1401054.0
2019-07-02,64956.0,65423.0,63889.0,64157.0,449996.0
2019-07-03,63756.0,63823.0,60888.0,60889.0,621927.0
2019-07-04,61155.0,61889.0,60821.0,61556.0,273659.0
2019-07-05,63289.0,63689.0,62155.0,62156.0,488413.0
2019-07-08,61088.0,61088.0,57620.0,57688.0,588792.0
2019-07-09,57687.0,58354.0,55219.0,55287.0,458641.0
2019-07-10,55420.0,56286.0,55086.0,55420.0,280777.0
2019-07-11,55420.0,60021.0,55420.0,59488.0,520856.0
2019-07-12,58221.0,59688.0,57287.0,59088.0,467358.0
2019-07-15,58887.0,60088.0,58421.0,58888.0,313824.0
2019-07-16,58887.0,59354.0,58487.0,58888.0,167105.0
2019-07-17,57687.0,58221.0,56286.0,56821.0,302579.0
2019-07-18,56153.0,57754.0,55886.0,56554.0,207276.0
2019-07-19,56687.0,58020.0,56687.0,57688.0,191864.0
2019-07-22,57487.0,57820.0,56820.0,57554.0,104368.0
2019-07-23,58087.0,58354.0,57087.0,57221.0,122227.0
2019-07-24,57020.0,57487.0,55820.0,56020.0,157110.0
2019-07-25,54753.0,55753.0,54553.0,55353.0,245299.0
2019-07-26,54753.0,55753.0,54086.0,54486.0,214945.0
2019-07-29,53819.0,54286.0,51952.0,51952.0,340237.0
2019-07-30,51952.0,53752.0,51952.0,52752.0,257788.0
2019-07-31,52819.0,53485.0,52352.0,53486.0,238064.0
2019-08-01,53019.0,53485.0,52218.0,52286.0,195216.0
2019-08-02,51218.0,52485.0,50818.0,51685.0,270460.0
2019-08-05,50618.0,51551.0,47083.0,47150.0,506403.0
2019-08-06,45483.0,48484.0,44015.0,45683.0,683042.0
2019-08-07,46016.0,47417.0,46016.0,47284.0,346383.0
2019-08-08,48350.0,49817.0,48084.0,49084.0,398262.0
2019-08-09,49684.0,50018.0,48617.0,49551.0,177133.0
2019-08-12,50684.0,51351.0,50351.0,50752.0,343025.0
2019-08-13,50284.0,51418.0,49884.0,51018.0,198687.0
2019-08-14,51618.0,52152.0,50951.0,52152.0,204091.0
2019-08-16,51018.0,51351.0,50618.0,51152.0,219376.0
2019-08-19,51952.0,53352.0,51885.0,53353.0,364351.0
2019-08-20,53285.0,53485.0,52685.0,53486.0,201652.0
2019-08-21,53019.0,53419.0,52485.0,53153.0,182990.0
2019-08-22,52218.0,53019.0,51618.0,52619.0,299618.0
2019-08-23,52352.0,53085.0,51551.0,51952.0,255398.0
2019-08-26,50018.0,51018.0,49951.0,50218.0,284594.0
2019-08-27,51685.0,52418.0,50418.0,50752.0,257262.0
2019-08-28,50751.0,51551.0,50618.0,51285.0,132877.0
2019-08-29,51818.0,51818.0,50885.0,51552.0,142257.0
2019-08-30,51685.0,52685.0,51618.0,52486.0,197455.0
2019-09-02,51351.0,52085.0,51151.0,51819.0,151435.0
2019-09-03,51818.0,53019.0,51752.0,52419.0,158225.0
2019-09-04,52218.0,52952.0,52018.0,52952.0,112869.0
2019-09-05,52952.0,53352.0,52685.0,52952.0,173434.0
2019-09-06,53085.0,53285.0,52552.0,52952.0,131811.0
2019-09-09,53019.0,53419.0,52285.0,52352.0,142264.0
2019-09-10,54419.0,56953.0,53819.0,56821.0,628960.0
2019-09-11,58554.0,59021.0,57087.0,58421.0,626367.0
2019-09-16,59754.0,61288.0,59554.0,61022.0,603595.0
2019-09-17,60088.0,61155.0,59821.0,60155.0,322027.0
2019-09-18,60288.0,61688.0,59288.0,60822.0,348521.0
2019-09-19,61088.0,61755.0,60488.0,61022.0,269321.0
2019-09-20,61488.0,62689.0,60955.0,62356.0,437282.0
2019-09-23,63489.0,63556.0,62355.0,62823.0,326251.0
2019-09-24,61822.0,62689.0,60821.0,62022.0,458630.0
2019-09-25,61555.0,61622.0,58287.0,58488.0,560111.0
2019-09-26,59688.0,60288.0,58421.0,60022.0,347562.0
2019-09-27,58821.0,61022.0,58821.0,60022.0,245548.0
2019-09-30,59488.0,60421.0,58887.0,59555.0,161641.0
2019-10-01,59488.0,60021.0,59021.0,59488.0,151381.0
2019-10-02,62355.0,62355.0,60421.0,60755.0,554311.0
2019-10-04,60888.0,61088.0,58554.0,58621.0,418485.0
2019-10-07,52552.0,53886.0,51551.0,52152.0,913837.0
2019-10-08,52152.0,53085.0,51952.0,52819.0,324812.0
2019-10-10,52552.0,53219.0,52018.0,52019.0,328423.0
2019-10-11,52352.0,52685.0,51885.0,52152.0,175243.0
2019-10-14,53019.0,54619.0,52685.0,53686.0,298252.0
2019-10-15,53752.0,54152.0,53485.0,53619.0,103987.0
2019-10-16,53485.0,54953.0,53019.0,54486.0,227895.0
2019-10-17,54152.0,54219.0,53352.0,53419.0,139629.0
2019-10-18,53552.0,54219.0,52685.0,53486.0,159924.0
2019-10-21,52819.0,53285.0,51685.0,51885.0,262062.0
2019-10-22,52752.0,54219.0,52418.0,53619.0,287643.0
2019-10-23,51351.0,51551.0,49017.0,49618.0,1197886.0
2019-10-24,49551.0,51551.0,49351.0,51018.0,446258.0
2019-10-25,50951.0,51618.0,49484.0,50085.0,361564.0
2019-10-28,49284.0,50351.0,48017.0,49418.0,361225.0
2019-10-29,49551.0,51151.0,49551.0,50618.0,274041.0
2019-10-30,49351.0,50084.0,48884.0,49151.0,348133.0
2019-10-31,49484.0,49684.0,48550.0,49151.0,301350.0
2019-11-01,49017.0,49484.0,48750.0,49351.0,123848.0
2019-11-04,49617.0,50018.0,48951.0,50018.0,201839.0
2019-11-05,51351.0,51885.0,50885.0,51352.0,397037.0
2019-11-06,52218.0,52552.0,51351.0,51685.0,289890.0
2019-11-07,51285.0,51485.0,50618.0,50952.0,165807.0
2019-11-08,51151.0,52152.0,50951.0,52085.0,203598.0
2019-11-11,51685.0,51685.0,50618.0,50752.0,180003.0
2019-11-12,50751.0,51018.0,49884.0,50218.0,146036.0
2019-11-13,50151.0,50818.0,50084.0,50552.0,104812.0
2019-11-14,50818.0,51285.0,50218.0,51218.0,191800.0
2019-11-15,50551.0,51351.0,49551.0,51218.0,304653.0
2019-11-18,52552.0,53085.0,52018.0,52152.0,366370.0
2019-11-19,51551.0,51618.0,50951.0,51085.0,218511.0
2019-11-20,50951.0,50951.0,49884.0,49951.0,233466.0
2019-11-21,49817.0,50084.0,48350.0,48618.0,274629.0
2019-11-22,48350.0,49551.0,48350.0,48818.0,128793.0
2019-11-25,49017.0,49617.0,48817.0,49218.0,109163.0
2019-11-26,49151.0,49884.0,48951.0,49284.0,115677.0
2019-11-27,49417.0,49484.0,48417.0,48551.0,127081.0
2019-11-28,48550.0,48684.0,47617.0,47684.0,141519.0
2019-11-29,47617.0,48350.0,47217.0,47350.0,127466.0
2019-12-02,47083.0,47883.0,46350.0,46417.0,184479.0
2019-12-03,46016.0,47483.0,45082.0,47150.0,293545.0
2019-12-04,45949.0,46816.0,45549.0,46217.0,160064.0
2019-12-05,46350.0,46683.0,45149.0,45216.0,221563.0
2019-12-06,45149.0,46283.0,45149.0,46283.0,126611.0
2019-12-09,45949.0,46016.0,45349.0,45416.0,169875.0
2019-12-10,45416.0,45816.0,44682.0,44883.0,241377.0
2019-12-11,45016.0,45949.0,44949.0,45616.0,143976.0
2019-12-12,46083.0,47617.0,45949.0,47150.0,325773.0
2019-12-13,47083.0,47883.0,46816.0,47150.0,155550.0
2019-12-16,47083.0,47883.0,46616.0,47084.0,195958.0
2019-12-17,47550.0,47883.0,45349.0,45550.0,455490.0
2019-12-18,45216.0,46550.0,45149.0,46417.0,229679.0
2019-12-19,46350.0,46616.0,45816.0,45883.0,143533.0
2019-12-20,46083.0,46883.0,46016.0,46417.0,192620.0
2019-12-23,46016.0,46150.0,45349.0,45616.0,182793.0
2019-12-24,45683.0,46150.0,45149.0,45150.0,158961.0
2019-12-26,45416.0,45883.0,45082.0,45350.0,265660.0
2019-12-27,45349.0,46016.0,45149.0,45750.0,158026.0
2019-12-30,45349.0,45683.0,45082.0,45550.0,137554.0
2020-01-02,45616.0,45683.0,44816.0,45083.0,163457.0
2020-01-03,45216.0,45616.0,44882.0,45083.0,134206.0
2020-01-06,44682.0,44682.0,43348.0,43416.0,346310.0
2020-01-07,43682.0,44349.0,43682.0,43682.0,167410.0
2020-01-08,43615.0,43615.0,41081.0,41348.0,407894.0
2020-01-09,42615.0,44549.0,42548.0,44283.0,360961.0
2020-01-10,44015.0,45216.0,43815.0,44349.0,175731.0
2020-01-13,43882.0,47417.0,43348.0,46750.0,615219.0
2020-01-14,46683.0,47150.0,45549.0,45950.0,237558.0
2020-01-15,45949.0,48150.0,45949.0,47751.0,468545.0
2020-01-16,48017.0,48017.0,46483.0,47017.0,303644.0
2020-01-17,47016.0,47750.0,46750.0,47150.0,202152.0
2020-01-20,46750.0,47083.0,46216.0,46417.0,186705.0
2020-01-21,46283.0,48017.0,46283.0,46417.0,243023.0
2020-01-22,46416.0,46616.0,45549.0,46150.0,193822.0
2020-01-23,46150.0,46216.0,45216.0,45616.0,154804.0
2020-01-28,43615.0,44349.0,42548.0,42682.0,360297.0
2020-01-29,43015.0,43348.0,42215.0,42482.0,272275.0
2020-01-30,42348.0,42682.0,41148.0,41415.0,235628.0
2020-01-31,41481.0,42215.0,40547.0,40548.0,238653.0
2020-02-03,39347.0,40481.0,39014.0,39814.0,398475.0
2020-02-04,39947.0,41214.0,39947.0,40881.0,237091.0
2020-02-05,41281.0,41481.0,40214.0,40348.0,262711.0
2020-02-06,40814.0,41548.0,40748.0,41482.0,232164.0
2020-02-07,41615.0,42015.0,41214.0,41882.0,195076.0
2020-02-10,42415.0,42415.0,41481.0,42082.0,184456.0
2020-02-11,40814.0,41548.0,40748.0,41482.0,250619.0
2020-02-12,41281.0,41748.0,40881.0,41215.0,197076.0
2020-02-13,41214.0,41681.0,40748.0,40748.0,257233.0
2020-02-14,41014.0,41414.0,40481.0,41215.0,298745.0
2020-02-17,41214.0,41281.0,40681.0,41082.0,132200.0
2020-02-18,40881.0,41014.0,40014.0,40215.0,226910.0
2020-02-19,40547.0,40547.0,39014.0,39614.0,261555.0
2020-02-20,39480.0,39814.0,38747.0,38814.0,225050.0
2020-02-21,38480.0,39014.0,37413.0,37480.0,295511.0
2020-02-24,36013.0,36546.0,34679.0,34746.0,516063.0
2020-02-25,34345.0,37013.0,34345.0,36813.0,429127.0
2020-02-26,36013.0,37546.0,35746.0,37013.0,235020.0
2020-02-27,36813.0,38013.0,36479.0,36547.0,204850.0
2020-02-28,37013.0,37213.0,35346.0,35880.0,360325.0
2020-03-02,36013.0,36679.0,35546.0,36413.0,277546.0
2020-03-03,36946.0,37746.0,36546.0,36613.0,251898.0
2020-03-04,36279.0,37346.0,36279.0,36947.0,149416.0
2020-03-05,37346.0,37947.0,37080.0,37680.0,192893.0
2020-03-06,38880.0,39280.0,37613.0,38280.0,487693.0
2020-03-09,37346.0,37880.0,36479.0,37414.0,337161.0
2020-03-10,36679.0,37746.0,36413.0,37080.0,321289.0
2020-03-11,37080.0,37413.0,36546.0,36947.0,263771.0
2020-03-12,36746.0,37013.0,33878.0,34346.0,502084.0
2020-03-13,30644.0,32311.0,29177.0,31345.0,817976.0
2020-03-16,31678.0,32378.0,30444.0,30478.0,475374.0
2020-03-17,28010.0,30611.0,28010.0,30011.0,393992.0
2020-03-18,30277.0,30844.0,29143.0,29144.0,401717.0
2020-03-19,29877.0,30277.0,24242.0,24242.0,721864.0
2020-03-20,24442.0,26876.0,24208.0,26843.0,531140.0
2020-03-23,24408.0,27843.0,24408.0,27643.0,460009.0
2020-03-24,28010.0,31177.0,27776.0,30911.0,378727.0
2020-03-25,31411.0,32711.0,31044.0,32245.0,409765.0
2020-03-26,32278.0,33812.0,31744.0,32812.0,359459.0
2020-03-27,34545.0,35146.0,33478.0,34546.0,403031.0
2020-03-30,33278.0,35412.0,32945.0,34879.0,269102.0
2020-03-31,35079.0,42948.0,34812.0,38080.0,1559841.0
2020-04-01,37346.0,38480.0,35612.0,36146.0,477452.0
2020-04-02,36213.0,37013.0,35012.0,36680.0,244957.0
2020-04-03,36679.0,37080.0,35612.0,36480.0,213820.0
2020-04-06,36479.0,37480.0,36479.0,37213.0,211482.0
2020-04-07,37947.0,38680.0,37146.0,38014.0,351781.0
2020-04-08,37613.0,38480.0,37080.0,37547.0,238771.0
2020-04-09,38147.0,38547.0,37680.0,38014.0,220160.0
2020-04-10,38080.0,38680.0,37413.0,38681.0,244222.0
2020-04-13,38347.0,39480.0,37813.0,39014.0,321788.0
2020-04-14,39414.0,41548.0,39214.0,40415.0,668169.0
2020-04-16,41348.0,43415.0,40414.0,43216.0,1149875.0
2020-04-17,43082.0,43215.0,42081.0,42415.0,492191.0
2020-04-20,42815.0,46216.0,42548.0,44016.0,1285842.0
2020-04-21,44482.0,45883.0,38213.0,41948.0,1931381.0
2020-04-22,41348.0,42482.0,39614.0,42415.0,594993.0
2020-04-23,42548.0,43082.0,41414.0,42149.0,387651.0
2020-04-24,41748.0,42548.0,40681.0,41148.0,400331.0
2020-04-27,41881.0,42148.0,41214.0,41548.0,265313.0
2020-04-28,41748.0,42015.0,40681.0,41615.0,297723.0
2020-04-29,41681.0,41881.0,41081.0,41282.0,250410.0
2020-05-04,42215.0,42415.0,41281.0,41282.0,302889.0
2020-05-06,41681.0,42615.0,41148.0,42615.0,285183.0
2020-05-07,42748.0,43815.0,42415.0,42815.0,295453.0
2020-05-08,43215.0,43815.0,42948.0,43749.0,252805.0
2020-05-11,43415.0,43415.0,41815.0,42415.0,287394.0
2020-05-12,42215.0,42348.0,41348.0,41415.0,193196.0
2020-05-13,40614.0,41748.0,40614.0,41615.0,132911.0
2020-05-14,41414.0,41548.0,40881.0,41348.0,166485.0
2020-05-15,41281.0,41548.0,40681.0,41015.0,121733.0
2020-05-18,41014.0,41081.0,40481.0,40815.0,114828.0
2020-05-19,41281.0,42015.0,41281.0,41815.0,178572.0
2020-05-20,41815.0,42415.0,41481.0,42149.0,124286.0
2020-05-21,42281.0,42948.0,41615.0,42282.0,190072.0
2020-05-22,42948.0,43282.0,41481.0,41748.0,185704.0
2020-05-25,41815.0,42081.0,41081.0,42015.0,111973.0
2020-05-26,42015.0,43949.0,41681.0,42815.0,336258.0
2020-05-27,42948.0,43482.0,42482.0,43216.0,187374.0
2020-05-28,43348.0,43615.0,41748.0,41948.0,225917.0
2020-05-29,41948.0,42281.0,41214.0,42215.0,124227.0
2020-06-01,42015.0,42615.0,41881.0,42349.0,123050.0
2020-06-02,42081.0,42948.0,42081.0,42815.0,137949.0
2020-06-03,43082.0,43482.0,42615.0,43082.0,252825.0
2020-06-04,42948.0,44215.0,42815.0,43616.0,353113.0
2020-06-05,43549.0,44882.0,43482.0,44683.0,343650.0
2020-06-08,44082.0,44149.0,43082.0,43282.0,330012.0
2020-06-09,41948.0,42882.0,41748.0,42482.0,356345.0
2020-06-10,41881.0,42281.0,41348.0,41548.0,243486.0
2020-06-11,41414.0,42015.0,40814.0,41282.0,252915.0
2020-06-12,39347.0,40748.0,39280.0,40348.0,247063.0
2020-06-15,39414.0,39414.0,36413.0,36413.0,457743.0
2020-06-16,37346.0,40147.0,37346.0,39548.0,274620.0
2020-06-17,37546.0,38280.0,37413.0,38014.0,392703.0
2020-06-18,37746.0,49417.0,37546.0,48684.0,5583799.0
2020-06-19,47683.0,48817.0,45349.0,45350.0,2294635.0
2020-06-22,46083.0,46750.0,43682.0,44216.0,807950.0
2020-06-23,44349.0,45149.0,43682.0,44149.0,381260.0
2020-06-24,46816.0,46816.0,44616.0,45883.0,907981.0
2020-06-25,44882.0,45749.0,44749.0,45083.0,315233.0
2020-06-26,45082.0,45616.0,44482.0,45216.0,244008.0
2020-06-29,44749.0,45549.0,44682.0,45283.0,200753.0
2020-06-30,45683.0,46350.0,45149.0,46150.0,292254.0
2020-07-01,46150.0,47150.0,45949.0,46150.0,426770.0
2020-07-02,48350.0,52800.0,46500.0,48350.0,859877.0
2020-07-03,48550.0,51400.0,47550.0,51400.0,457887.0
2020-07-06,51800.0,52300.0,50000.0,51100.0,333807.0
2020-07-07,50900.0,51100.0,49800.0,50000.0,279165.0
2020-07-08,50000.0,51600.0,49600.0,50700.0,239482.0
2020-07-09,51000.0,51300.0,50400.0,51300.0,239961.0
2020-07-10,51200.0,51400.0,48900.0,49650.0,226192.0
2020-07-13,49750.0,49850.0,48500.0,49600.0,130437.0
2020-07-14,49500.0,49500.0,48600.0,48800.0,156864.0
2020-07-15,48900.0,50200.0,48800.0,49550.0,174887.0
2020-07-16,49250.0,49600.0,48950.0,49100.0,104881.0
2020-07-17,49700.0,50100.0,49100.0,49200.0,122681.0
2020-07-20,49200.0,49300.0,48600.0,49000.0,123818.0
2020-07-21,49000.0,50800.0,48900.0,50000.0,255875.0
2020-07-22,48800.0,48850.0,48000.0,48100.0,698830.0
2020-07-23,48100.0,48150.0,46200.0,46500.0,523962.0
2020-07-24,45950.0,46650.0,45050.0,46000.0,321342.0
2020-07-27,45050.0,46650.0,45050.0,46350.0,194944.0
2020-07-28,46400.0,47400.0,46200.0,46250.0,332412.0
2020-07-29,46050.0,46700.0,45600.0,46500.0,213524.0
2020-07-30,46500.0,47000.0,46150.0,46850.0,244344.0
2020-07-31,46850.0,47000.0,46300.0,46300.0,198221.0
2020-08-03,46900.0,46900.0,45800.0,46050.0,201478.0
2020-08-04,45950.0,47350.0,45950.0,46850.0,311108.0
2020-08-05,46850.0,47000.0,46000.0,46350.0,263694.0
2020-08-06,46550.0,47550.0,46400.0,46750.0,319685.0
2020-08-07,46900.0,47050.0,46150.0,46350.0,206228.0
2020-08-10,46300.0,46300.0,45600.0,46000.0,283338.0
2020-08-11,45900.0,47100.0,45800.0,46550.0,291417.0
2020-08-12,46550.0,46550.0,45700.0,46050.0,265929.0
2020-08-13,46250.0,46750.0,45900.0,46100.0,304944.0
2020-08-14,46300.0,46850.0,46050.0,46700.0,323873.0
2020-08-18,46400.0,46500.0,43400.0,43500.0,475007.0
2020-08-19,43500.0,44200.0,43250.0,43550.0,210586.0
2020-08-20,43150.0,43550.0,41050.0,41050.0,412362.0
2020-08-21,41700.0,43250.0,41600.0,42000.0,232333.0
2020-08-24,41950.0,42150.0,41000.0,42050.0,137452.0
2020-08-25,42050.0,42800.0,42050.0,42600.0,175579.0
2020-08-26,42550.0,42550.0,41550.0,41900.0,179560.0
2020-08-27,41900.0,41900.0,40500.0,40600.0,328759.0
2020-08-28,40600.0,41350.0,40550.0,41000.0,200488.0
2020-08-31,41000.0,41900.0,40750.0,41050.0,200454.0
2020-09-01,40900.0,41350.0,40700.0,41200.0,126933.0
2020-09-02,41350.0,41850.0,41050.0,41800.0,173635.0
2020-09-03,41900.0,42100.0,41350.0,41400.0,163205.0
2020-09-04,40600.0,40800.0,40350.0,40800.0,227021.0
2020-09-07,40600.0,41550.0,40450.0,41200.0,193256.0
2020-09-08,41300.0,42600.0,41150.0,41750.0,329512.0
2020-09-09,41500.0,41500.0,40800.0,40950.0,173336.0
2020-09-10,41100.0,41300.0,40700.0,40800.0,246910.0
2020-09-11,41200.0,41750.0,40700.0,41100.0,294775.0
2020-09-14,41150.0,41800.0,40850.0,41600.0,275381.0
2020-09-15,42050.0,42050.0,41200.0,41650.0,272655.0
2020-09-16,42050.0,43450.0,41700.0,42050.0,559357.0
2020-09-17,42100.0,42300.0,41150.0,41400.0,259098.0
2020-09-18,41650.0,41650.0,40900.0,41200.0,203857.0
2020-09-21,41050.0,41250.0,40500.0,40750.0,195798.0
2020-09-22,40650.0,40900.0,39700.0,39700.0,282552.0
2020-09-23,39850.0,40250.0,39500.0,40100.0,169643.0
2020-09-24,39650.0,40750.0,39600.0,39650.0,244874.0
2020-09-25,39600.0,41500.0,38300.0,40550.0,518183.0
2020-09-28,40900.0,41150.0,40100.0,40600.0,204507.0
2020-09-29,41050.0,41150.0,40700.0,40750.0,220950.0
2020-10-05,40100.0,41200.0,39800.0,40750.0,239088.0
2020-10-06,40800.0,41300.0,40400.0,40850.0,223600.0
2020-10-07,40650.0,40650.0,40100.0,40300.0,224541.0
2020-10-08,40450.0,40550.0,40100.0,40100.0,264176.0
2020-10-12,41000.0,41300.0,40700.0,41300.0,345308.0
2020-10-13,41300.0,41400.0,40600.0,40800.0,166301.0
2020-10-14,40600.0,40800.0,40100.0,40150.0,189352.0
2020-10-15,40150.0,40650.0,39950.0,40300.0,164232.0
2020-10-16,40300.0,40400.0,39800.0,40000.0,184139.0
2020-10-19,40000.0,40450.0,40000.0,40100.0,192901.0
2020-10-20,39500.0,40050.0,39500.0,39850.0,129488.0
2020-10-21,39850.0,40200.0,39750.0,40050.0,85092.0
2020-10-22,40000.0,40050.0,39700.0,40000.0,122425.0
2020-10-23,40100.0,40100.0,39500.0,39700.0,141519.0
2020-10-26,39550.0,39600.0,38500.0,38650.0,252244.0
2020-10-27,38550.0,38550.0,37800.0,38000.0,201836.0
2020-10-28,37500.0,38150.0,37500.0,38150.0,121774.0
2020-10-29,37500.0,37550.0,37000.0,37400.0,249901.0
2020-10-30,37400.0,38150.0,37100.0,37200.0,201488.0
2020-11-02,37250.0,37400.0,36950.0,37300.0,148802.0
2020-11-03,37300.0,38150.0,37300.0,38000.0,168367.0
2020-11-04,38250.0,40700.0,37700.0,39550.0,1070604.0
2020-11-05,37700.0,38300.0,37450.0,38300.0,700246.0
2020-11-06,38600.0,38900.0,38350.0,38700.0,269097.0
2020-11-09,38550.0,39450.0,38550.0,39250.0,253929.0
2020-11-10,39550.0,40300.0,39150.0,40200.0,436626.0
2020-11-11,40300.0,40500.0,39500.0,40300.0,254285.0
2020-11-12,40050.0,40600.0,39850.0,40050.0,212890.0
2020-11-13,39900.0,40400.0,39800.0,40200.0,159037.0
2020-11-16,40200.0,40500.0,39950.0,40100.0,256606.0
2020-11-17,40350.0,41600.0,40200.0,40550.0,522295.0
2020-11-18,40750.0,41550.0,40500.0,40900.0,228389.0
2020-11-19,40900.0,40900.0,40050.0,40400.0,179506.0
2020-11-20,40200.0,40750.0,40100.0,40700.0,130345.0
2020-11-23,40600.0,40900.0,40350.0,40750.0,161829.0
2020-11-24,40750.0,41400.0,40600.0,40750.0,262561.0
2020-11-25,40800.0,41300.0,40400.0,40950.0,317482.0
2020-11-26,40600.0,41000.0,40300.0,40400.0,174518.0
2020-11-27,40200.0,40350.0,39950.0,40150.0,176567.0
2020-11-30,40250.0,40350.0,39800.0,39950.0,230667.0
2020-12-01,40150.0,40650.0,39750.0,40550.0,213983.0
2020-12-02,40550.0,40750.0,40300.0,40500.0,172621.0
2020-12-03,40350.0,40400.0,40100.0,40400.0,156721.0
2020-12-04,40450.0,40950.0,40050.0,40350.0,334314.0
2020-12-07,40200.0,40250.0,39600.0,39650.0,310624.0
2020-12-08,39800.0,40200.0,39600.0,39950.0,165768.0
2020-12-09,39850.0,40600.0,39800.0,40300.0,263841.0
2020-12-10,40300.0,42400.0,39950.0,41800.0,1017207.0
2020-12-11,42500.0,43050.0,41650.0,41950.0,532647.0
2020-12-14,42050.0,42050.0,41100.0,41150.0,318707.0
2020-12-15,40950.0,41450.0,40600.0,41350.0,260475.0
2020-12-16,41450.0,41850.0,41250.0,41400.0,203606.0
2020-12-17,41400.0,41550.0,40900.0,41050.0,190246.0
2020-12-18,41050.0,41450.0,40800.0,40900.0,237677.0
2020-12-21,40800.0,41300.0,40700.0,40900.0,199459.0
2020-12-22,41000.0,41000.0,39950.0,40050.0,318351.0
2020-12-23,40150.0,40200.0,39350.0,39600.0,305696.0
2020-12-24,39700.0,40100.0,39550.0,39700.0,252900.0
2020-12-28,39850.0,39850.0,39500.0,39600.0,256562.0
2020-12-29,39500.0,39700.0,39000.0,39350.0,351692.0
2020-12-30,39400.0,39700.0,39300.0,39700.0,237003.0
2021-01-04,39850.0,41050.0,39300.0,40900.0,510789.0
2021-01-05,40650.0,42650.0,40600.0,41800.0,861765.0
2021-01-06,42000.0,42450.0,40650.0,41950.0,805415.0
2021-01-07,42450.0,44700.0,42150.0,44100.0,1692915.0
2021-01-08,45450.0,45500.0,43650.0,44250.0,954765.0
2021-01-11,44250.0,44750.0,41650.0,42150.0,1199677.0
2021-01-12,42400.0,44050.0,42300.0,43400.0,865672.0
2021-01-13,43850.0,44000.0,42900.0,43300.0,426604.0
2021-01-14,43600.0,44000.0,43300.0,44000.0,392282.0
2021-01-15,44450.0,44450.0,43000.0,43050.0,396632.0
2021-01-18,42500.0,43400.0,42000.0,42050.0,384243.0
2021-01-19,42550.0,43650.0,42500.0,43500.0,351304.0
2021-01-20,43950.0,43950.0,43050.0,43600.0,289449.0
2021-01-21,43900.0,44900.0,43600.0,44800.0,663252.0
2021-01-22,45000.0,45750.0,44100.0,45300.0,651995.0
2021-01-25,45500.0,45600.0,44550.0,44650.0,470284.0
2021-01-26,44800.0,45200.0,44100.0,44250.0,390994.0
2021-01-27,44700.0,44950.0,43650.0,44500.0,332706.0
2021-01-28,43500.0,43900.0,43050.0,43700.0,292194.0
2021-01-29,44250.0,44250.0,41700.0,42450.0,380913.0
2021-02-01,41850.0,43050.0,41500.0,43050.0,241537.0
2021-02-02,43450.0,43650.0,42650.0,43400.0,253156.0
2021-02-03,43600.0,44450.0,43500.0,44000.0,312414.0
2021-02-04,44450.0,44900.0,43400.0,43750.0,377143.0
2021-02-05,44400.0,44750.0,44050.0,44550.0,348168.0
2021-02-08,44550.0,44850.0,44150.0,44150.0,293644.0
2021-02-09,44450.0,45000.0,44200.0,44250.0,278840.0
2021-02-10,44450.0,44800.0,44150.0,44500.0,282510.0
2021-02-15,45000.0,45050.0,44350.0,44450.0,252222.0
2021-02-16,44550.0,46500.0,44350.0,46450.0,1122919.0
2021-02-17,46600.0,46600.0,45700.0,46150.0,464365.0
2021-02-18,46400.0,47450.0,45000.0,45000.0,601024.0
2021-02-19,45200.0,46000.0,43850.0,45900.0,459062.0
2021-02-22,46050.0,46650.0,45200.0,45250.0,343447.0
2021-02-23,44850.0,45500.0,44400.0,45250.0,228737.0
2021-02-24,45200.0,45200.0,43400.0,43650.0,408261.0
2021-02-25,44300.0,44400.0,43850.0,44000.0,211610.0
2021-02-26,42850.0,43500.0,42550.0,43100.0,364876.0
2021-03-02,43450.0,44100.0,42450.0,42800.0,285349.0
2021-03-03,42950.0,43650.0,42750.0,43500.0,185194.0
2021-03-04,43000.0,43850.0,42700.0,43100.0,206133.0
2021-03-05,42600.0,43050.0,42350.0,43050.0,193103.0
2021-03-08,43350.0,43600.0,43000.0,43200.0,203329.0
2021-03-09,43500.0,43550.0,42350.0,43300.0,222205.0
2021-03-10,43750.0,43800.0,42850.0,43000.0,129256.0
2021-03-11,43100.0,43800.0,43000.0,43350.0,271386.0
2021-03-12,44000.0,45000.0,43850.0,45000.0,414652.0
2021-03-15,45350.0,46000.0,44900.0,45150.0,352958.0
2021-03-16,44750.0,45300.0,44600.0,45200.0,249117.0
2021-03-17,45300.0,45350.0,44500.0,45000.0,190575.0
2021-03-18,44800.0,45350.0,44400.0,44400.0,230532.0
2021-03-19,44000.0,44600.0,43550.0,44500.0,171671.0
2021-03-22,44500.0,44500.0,44000.0,44450.0,160720.0
2021-03-23,44550.0,44750.0,43650.0,43700.0,209602.0
2021-03-24,43450.0,44300.0,43200.0,43850.0,165980.0
2021-03-25,43600.0,44200.0,43500.0,44050.0,130338.0
2021-03-26,44250.0,45650.0,44150.0,45300.0,497824.0
2021-03-29,45700.0,46750.0,45350.0,46350.0,789533.0
2021-03-30,46650.0,46900.0,45300.0,45350.0,451927.0
2021-03-31,45400.0,46000.0,45200.0,45800.0,247288.0
2021-04-01,46150.0,46150.0,45000.0,45100.0,227583.0
2021-04-02,45150.0,45300.0,44600.0,44900.0,199478.0
2021-04-05,44950.0,45400.0,44750.0,45100.0,184577.0
2021-04-06,45250.0,45950.0,45000.0,45650.0,341331.0
2021-04-07,45800.0,45800.0,45250.0,45650.0,179646.0
2021-04-08,45750.0,46350.0,45400.0,45550.0,316669.0
2021-04-09,45950.0,46300.0,45700.0,45950.0,289900.0
2021-04-12,46050.0,46100.0,45250.0,45400.0,202777.0
2021-04-13,45200.0,45850.0,45200.0,45550.0,198122.0
2021-04-14,45800.0,46850.0,45500.0,46800.0,574826.0
2021-04-15,46900.0,47000.0,46400.0,46650.0,265753.0
2021-04-16,47150.0,47250.0,46600.0,46750.0,284630.0
2021-04-19,46750.0,46750.0,46150.0,46350.0,283014.0
2021-04-20,46250.0,47250.0,46200.0,47150.0,345453.0
2021-04-21,47000.0,47100.0,46100.0,46500.0,401006.0
2021-04-22,46500.0,46900.0,46250.0,46550.0,247259.0
2021-04-23,46550.0,46650.0,46000.0,46300.0,172900.0
2021-04-26,46400.0,46500.0,45750.0,46200.0,287013.0
2021-04-27,46300.0,47200.0,45950.0,47150.0,385936.0
2021-04-28,47250.0,47700.0,46100.0,46300.0,359428.0
2021-04-29,46250.0,46600.0,45550.0,46250.0,260335.0
2021-04-30,46250.0,46350.0,45150.0,45300.0,381648.0
2021-05-03,45150.0,46750.0,45050.0,46100.0,377758.0
2021-05-04,46500.0,46550.0,45700.0,46400.0,320145.0
2021-05-06,46400.0,47050.0,46150.0,47000.0,305147.0
2021-05-07,47700.0,50600.0,47550.0,49450.0,1592058.0
2021-05-10,50100.0,50800.0,49550.0,49750.0,834718.0
2021-05-11,50100.0,51400.0,50000.0,50800.0,770651.0
2021-05-12,50800.0,51800.0,49000.0,49800.0,597762.0
2021-05-13,48800.0,50200.0,48400.0,48700.0,421925.0
2021-05-14,49300.0,49650.0,48850.0,49600.0,229133.0
2021-05-17,50300.0,51000.0,49950.0,50500.0,364864.0
2021-05-18,51100.0,52600.0,51000.0,51900.0,665328.0
2021-05-20,52000.0,52200.0,50700.0,51800.0,363445.0
2021-05-21,52300.0,52800.0,50400.0,50900.0,540807.0
2021-05-24,51400.0,51500.0,50200.0,50800.0,355098.0
2021-05-25,51400.0,52600.0,51000.0,52600.0,460848.0
2021-05-26,52700.0,54400.0,52100.0,53700.0,613794.0
2021-05-27,53800.0,55800.0,53700.0,54400.0,920923.0
2021-05-28,54700.0,54700.0,52700.0,53500.0,583900.0
2021-05-31,53000.0,54300.0,52400.0,54200.0,395893.0
2021-06-01,54900.0,57300.0,54800.0,56700.0,1136357.0
2021-06-02,57200.0,57300.0,56200.0,56300.0,485922.0
2021-06-03,56800.0,57000.0,55400.0,56000.0,320807.0
2021-06-04,56000.0,57600.0,55500.0,57400.0,486374.0
2021-06-07,57400.0,57800.0,56300.0,57100.0,420525.0
2021-06-08,56800.0,57400.0,56400.0,56800.0,340730.0
2021-06-09,56800.0,57700.0,55000.0,55300.0,753266.0
2021-06-10,55300.0,55900.0,54500.0,54700.0,434713.0
2021-06-11,55200.0,55600.0,54500.0,55300.0,233663.0
2021-06-14,55600.0,56200.0,54800.0,55600.0,256463.0
2021-06-15,55600.0,55800.0,53600.0,54000.0,468127.0
2021-06-16,53700.0,54600.0,53700.0,54100.0,206091.0
2021-06-17,53800.0,53800.0,52500.0,53000.0,426081.0
2021-06-18,53700.0,56000.0,53500.0,54800.0,749741.0
2021-06-21,55400.0,56000.0,54300.0,54600.0,440325.0
2021-06-22,54500.0,55700.0,53900.0,54400.0,330708.0
2021-06-23,54300.0,54400.0,52600.0,52700.0,469871.0
2021-06-24,52400.0,52700.0,51300.0,52700.0,476049.0
2021-06-25,53000.0,53400.0,52400.0,52800.0,307572.0
2021-06-28,53300.0,53400.0,52500.0,52800.0,244860.0
2021-06-29,52900.0,53000.0,52300.0,52800.0,172199.0
2021-06-30,52800.0,53200.0,52300.0,53100.0,232592.0
2021-07-01,53200.0,53300.0,52400.0,52500.0,133276.0
2021-07-02,53000.0,54000.0,52700.0,53400.0,331036.0
2021-07-05,53600.0,53600.0,52900.0,53100.0,182540.0
2021-07-06,53300.0,53600.0,52300.0,52600.0,263615.0
2021-07-07,52800.0,52800.0,51800.0,52000.0,277309.0
2021-07-08,52000.0,52200.0,50500.0,50500.0,453923.0
2021-07-09,49850.0,50300.0,49150.0,49800.0,356307.0
2021-07-12,50200.0,50800.0,49950.0,50500.0,238502.0
2021-07-13,50900.0,51200.0,50200.0,50400.0,157652.0
2021-07-14,50300.0,50400.0,49600.0,49900.0,236435.0
2021-07-15,50200.0,50800.0,50000.0,50300.0,152520.0
2021-07-16,50000.0,50500.0,49850.0,50400.0,143955.0
2021-07-19,49900.0,50400.0,49200.0,49250.0,288802.0
2021-07-20,48850.0,49700.0,48750.0,49400.0,220389.0
2021-07-21,49800.0,49850.0,49200.0,49400.0,163860.0
2021-07-22,49600.0,49800.0,49400.0,49450.0,163399.0
2021-07-23,49500.0,50600.0,49500.0,50500.0,220651.0
2021-07-26,51000.0,51100.0,49850.0,49900.0,216752.0
2021-07-27,50100.0,54200.0,50000.0,52300.0,1604599.0
2021-07-28,52900.0,53900.0,52200.0,53000.0,968204.0
2021-07-29,53400.0,53400.0,52500.0,52800.0,319622.0
2021-07-30,52800.0,54200.0,52200.0,54000.0,555612.0
2021-08-02,53400.0,54000.0,53200.0,53500.0,308292.0
2021-08-03,53500.0,53900.0,52600.0,53300.0,347870.0
2021-08-04,53100.0,54500.0,53000.0,54400.0,396577.0
2021-08-05,54500.0,54600.0,53400.0,53400.0,291303.0
2021-08-06,53800.0,56000.0,53600.0,55900.0,783171.0
2021-08-09,56200.0,56900.0,55200.0,55400.0,665216.0
2021-08-10,54500.0,54700.0,53200.0,53500.0,457065.0
2021-08-11,52000.0,52200.0,50900.0,51300.0,767119.0
2021-08-12,51300.0,51800.0,50800.0,51500.0,313946.0
2021-08-13,51700.0,51700.0,49950.0,51300.0,377118.0
2021-08-17,50900.0,51300.0,49250.0,49600.0,379095.0
2021-08-18,49250.0,50300.0,49200.0,50000.0,244369.0
2021-08-19,49400.0,50700.0,48750.0,48800.0,378580.0
2021-08-20,49100.0,49500.0,47200.0,47700.0,327614.0
2021-08-23,48600.0,49600.0,48300.0,49150.0,245652.0
2021-08-24,49900.0,50400.0,49250.0,49900.0,319669.0
2021-08-25,49900.0,51000.0,49800.0,50300.0,173238.0
2021-08-26,50300.0,51200.0,50200.0,50300.0,217855.0
2021-08-27,50200.0,50800.0,49850.0,50200.0,123468.0
2021-08-30,49850.0,50600.0,49500.0,50100.0,168289.0
2021-08-31,50600.0,50600.0,49650.0,50200.0,291995.0
2021-09-01,49950.0,50600.0,49900.0,50500.0,141441.0
2021-09-02,50400.0,50600.0,49650.0,49650.0,224135.0
2021-09-03,49750.0,50100.0,49200.0,49650.0,208401.0
2021-09-06,49600.0,50300.0,49350.0,50200.0,168731.0
2021-09-07,50300.0,50400.0,49750.0,50200.0,148935.0
2021-09-08,50000.0,50500.0,49600.0,49650.0,163528.0
2021-09-09,49400.0,49450.0,48050.0,48050.0,336815.0
2021-09-10,48200.0,49250.0,47800.0,49150.0,182953.0
2021-09-13,48950.0,49600.0,48100.0,48400.0,246533.0
2021-09-14,48700.0,49650.0,48600.0,48800.0,186881.0
2021-09-15,48800.0,49400.0,48600.0,48900.0,127955.0
2021-09-16,49050.0,49050.0,48300.0,48350.0,192347.0
2021-09-17,48200.0,48300.0,47650.0,48200.0,194157.0
2021-09-23,48200.0,48200.0,47050.0,47150.0,289002.0
2021-09-24,47350.0,49600.0,46200.0,48800.0,933496.0
2021-09-27,50600.0,51400.0,49950.0,50300.0,809050.0
2021-09-28,49600.0,50600.0,49200.0,49750.0,385363.0
2021-09-29,48450.0,49300.0,47600.0,48100.0,344265.0
2021-09-30,50400.0,50800.0,49100.0,49150.0,495596.0
2021-10-01,48800.0,49450.0,48550.0,49200.0,273361.0
2021-10-05,49600.0,49650.0,47800.0,48350.0,325232.0
2021-10-06,48600.0,48900.0,46150.0,46200.0,403016.0
2021-10-07,46600.0,47100.0,46300.0,46600.0,174370.0
2021-10-08,47000.0,47350.0,46450.0,46750.0,184246.0
2021-10-12,46800.0,46800.0,45800.0,45800.0,156181.0
2021-10-13,45950.0,47250.0,45900.0,46450.0,175476.0
2021-10-14,46650.0,47650.0,46650.0,47450.0,144180.0
2021-10-15,47450.0,49000.0,47300.0,48150.0,176251.0
2021-10-18,48050.0,48250.0,47250.0,48000.0,134432.0
2021-10-19,48350.0,49100.0,47550.0,48250.0,167011.0
2021-10-20,48100.0,48900.0,47900.0,48800.0,166856.0
2021-10-21,49000.0,49050.0,47850.0,47850.0,130096.0
2021-10-22,47900.0,48800.0,47900.0,48400.0,111522.0
2021-10-25,48300.0,48750.0,47550.0,48300.0,152571.0
2021-10-26,48300.0,48700.0,48300.0,48650.0,80707.0
2021-10-27,48600.0,48650.0,48150.0,48350.0,102036.0
2021-10-28,48350.0,48800.0,48250.0,48300.0,102882.0
2021-10-29,48500.0,48850.0,47950.0,48250.0,137194.0
2021-11-01,48300.0,48450.0,47450.0,47650.0,144420.0
2021-11-02,47600.0,48450.0,47600.0,48150.0,118183.0
2021-11-03,48100.0,48350.0,47250.0,47350.0,122594.0
2021-11-04,47450.0,47750.0,47300.0,47450.0,104584.0
2021-11-05,47550.0,47600.0,46650.0,47000.0,126890.0
2021-11-08,46900.0,47600.0,46500.0,47500.0,141023.0
2021-11-09,47500.0,48000.0,47350.0,47750.0,122849.0
2021-11-10,47450.0,47700.0,46600.0,46850.0,158980.0
2021-11-11,46300.0,47100.0,45850.0,46050.0,245608.0
2021-11-12,46050.0,46950.0,46050.0,46900.0,88903.0
2021-11-15,46950.0,47500.0,46800.0,47250.0,136939.0
2021-11-16,47300.0,47700.0,46800.0,47600.0,147914.0
2021-11-17,47050.0,47500.0,46550.0,46550.0,180740.0
2021-11-18,46650.0,46950.0,45800.0,45950.0,193931.0
2021-11-19,45750.0,46100.0,45450.0,45850.0,192851.0
2021-11-22,45550.0,45550.0,44400.0,44800.0,324891.0
2021-11-23,44400.0,45200.0,44350.0,44800.0,132929.0
2021-11-24,44800.0,44950.0,44000.0,44250.0,176281.0
2021-11-25,44250.0,44600.0,43950.0,44000.0,111560.0
2021-11-26,43800.0,43950.0,42150.0,42300.0,236000.0
2021-11-29,41000.0,41800.0,40850.0,41000.0,283159.0
2021-11-30,41400.0,41500.0,38950.0,39350.0,391641.0
2021-12-01,39250.0,39950.0,38950.0,39700.0,229413.0
2021-12-02,39200.0,40900.0,39200.0,40900.0,227268.0
2021-12-03,40750.0,41700.0,40450.0,41700.0,221903.0
2021-12-06,41400.0,42100.0,41200.0,41600.0,179657.0
2021-12-07,41650.0,42200.0,41550.0,42100.0,157119.0
2021-12-08,42500.0,42550.0,41750.0,42000.0,165535.0
2021-12-09,42000.0,42450.0,41900.0,42000.0,252765.0
2021-12-10,42000.0,42200.0,41650.0,42000.0,94096.0
2021-12-13,41800.0,42050.0,41150.0,41150.0,172752.0
2021-12-14,41200.0,41550.0,40850.0,41350.0,135257.0
2021-12-15,41500.0,41550.0,41000.0,41250.0,83095.0
2021-12-16,41400.0,41550.0,41000.0,41150.0,104788.0
2021-12-17,40900.0,41500.0,40700.0,41300.0,115200.0
2021-12-20,41300.0,41300.0,40350.0,40350.0,119128.0
2021-12-21,40500.0,40950.0,40300.0,40850.0,91981.0
2021-12-22,40750.0,41150.0,40650.0,40950.0,68490.0
2021-12-23,40950.0,41200.0,40850.0,41150.0,90957.0
2021-12-24,41200.0,41650.0,41150.0,41400.0,109468.0
2021-12-27,41450.0,41700.0,41300.0,41400.0,85125.0
2021-12-28,41400.0,41900.0,41350.0,41800.0,101862.0
2021-12-29,41500.0,42200.0,41150.0,41500.0,166416.0
2021-12-30,41200.0,41550.0,41100.0,41200.0,99119.0
2022-01-03,41100.0,41450.0,40950.0,41150.0,88403.0
2022-01-04,41000.0,41050.0,40550.0,40850.0,115772.0
2022-01-05,40700.0,41500.0,40550.0,41050.0,184667.0
2022-01-06,40600.0,41050.0,40600.0,40750.0,111542.0
2022-01-07,40700.0,41100.0,40500.0,40850.0,99557.0
2022-01-10,40850.0,41150.0,40150.0,40500.0,111760.0
2022-01-11,40250.0,40850.0,39500.0,39900.0,174513.0
2022-01-12,39950.0,40450.0,39850.0,40200.0,102680.0
2022-01-13,40400.0,41300.0,40350.0,40700.0,161394.0
2022-01-14,40500.0,40800.0,39950.0,39950.0,106662.0
2022-01-17,40500.0,40800.0,39700.0,39900.0,149350.0
2022-01-18,40000.0,40050.0,39000.0,39000.0,182251.0
2022-01-19,38650.0,39100.0,38150.0,38450.0,168629.0
2022-01-20,37950.0,38950.0,37950.0,38800.0,95979.0
2022-01-21,38300.0,38650.0,37950.0,38050.0,118935.0
2022-01-24,38050.0,38600.0,36950.0,37150.0,153656.0
2022-01-25,37350.0,37500.0,36300.0,36300.0,193865.0
2022-01-26,36300.0,36800.0,35850.0,36000.0,167634.0
2022-01-27,36050.0,36250.0,34750.0,34750.0,240401.0
2022-01-28,34750.0,36200.0,34450.0,36150.0,179205.0
2022-02-03,36500.0,36950.0,36400.0,36650.0,113022.0
2022-02-04,36700.0,38150.0,36500.0,37550.0,116957.0
2022-02-07,37500.0,38100.0,37000.0,37450.0,172957.0
2022-02-08,37700.0,38200.0,37150.0,37650.0,112941.0
2022-02-09,37800.0,38350.0,37500.0,38100.0,91613.0
2022-02-10,38100.0,38550.0,38000.0,38100.0,96304.0
2022-02-11,37850.0,38300.0,37550.0,37850.0,87773.0
2022-02-14,37250.0,37400.0,36750.0,36950.0,162980.0
2022-02-15,37100.0,37300.0,36350.0,36550.0,99488.0
2022-02-16,36900.0,37500.0,36800.0,36950.0,129347.0
2022-02-17,37150.0,37550.0,36600.0,37000.0,111861.0
2022-02-18,36800.0,37200.0,36400.0,37200.0,85503.0
2022-02-21,36600.0,37450.0,36550.0,37400.0,80371.0
2022-02-22,36750.0,37000.0,36500.0,36650.0,148560.0
2022-02-23,36700.0,37550.0,36650.0,37400.0,81457.0
2022-02-24,36600.0,37250.0,36200.0,36450.0,109551.0
2022-02-25,36700.0,37350.0,36700.0,37050.0,85955.0
2022-02-28,36850.0,37850.0,36750.0,37750.0,101267.0
2022-03-02,37700.0,38250.0,37550.0,37950.0,114525.0
2022-03-03,37950.0,38700.0,37750.0,38500.0,128178.0
2022-03-04,38500.0,38950.0,38050.0,38900.0,125420.0
2022-03-07,38300.0,38850.0,37800.0,38050.0,119384.0
2022-03-08,37750.0,38000.0,37350.0,37500.0,85629.0
2022-03-10,37500.0,37650.0,36100.0,36650.0,297762.0
2022-03-11,36800.0,37950.0,36550.0,37950.0,159085.0
2022-03-14,37500.0,38350.0,36700.0,36800.0,189989.0
2022-03-15,36500.0,36750.0,36100.0,36400.0,103690.0
2022-03-16,36700.0,36900.0,36350.0,36600.0,119034.0
2022-03-17,37150.0,37600.0,37100.0,37350.0,134559.0
2022-03-18,37400.0,37500.0,37000.0,37450.0,103228.0
2022-03-21,37300.0,37600.0,37100.0,37350.0,74448.0
2022-03-22,37450.0,38050.0,37250.0,37850.0,117679.0
2022-03-23,38200.0,38200.0,37800.0,38150.0,102043.0
2022-03-24,37850.0,38300.0,37750.0,38300.0,69186.0
2022-03-25,38250.0,38450.0,37800.0,37850.0,109146.0
2022-03-28,37700.0,38300.0,37550.0,38000.0,158241.0
2022-03-29,37800.0,38150.0,37750.0,37950.0,101620.0
2022-03-30,38300.0,38350.0,37900.0,37900.0,88895.0
2022-03-31,37950.0,38200.0,37650.0,38200.0,73075.0
2022-04-01,38200.0,38250.0,37800.0,38000.0,114691.0
2022-04-04,38000.0,38200.0,37650.0,38000.0,79261.0
2022-04-05,38150.0,38250.0,37850.0,38050.0,81785.0
2022-04-06,37950.0,38150.0,37700.0,37800.0,99097.0
2022-04-07,37600.0,37600.0,36950.0,36950.0,138848.0
2022-04-08,37050.0,37050.0,36450.0,36800.0,97647.0
2022-04-11,36800.0,37000.0,36450.0,36750.0,66675.0
2022-04-12,36550.0,36600.0,36100.0,36450.0,81596.0
2022-04-13,36500.0,36850.0,36450.0,36800.0,62724.0
2022-04-14,36650.0,37000.0,36500.0,36800.0,80112.0
2022-04-15,36600.0,36700.0,36300.0,36500.0,66022.0
2022-04-18,36300.0,36500.0,36150.0,36350.0,112969.0
2022-04-19,36350.0,36700.0,36250.0,36650.0,75637.0
2022-04-20,36700.0,36800.0,36300.0,36350.0,78868.0
2022-04-21,36600.0,37150.0,36400.0,36800.0,140895.0
2022-04-22,36750.0,36750.0,36300.0,36400.0,74778.0
2022-04-25,36150.0,36400.0,35450.0,35500.0,150885.0
2022-04-26,35600.0,35800.0,35300.0,35400.0,110142.0
2022-04-27,34750.0,35150.0,34700.0,35150.0,111152.0
2022-04-28,35150.0,35300.0,34850.0,35300.0,99902.0
2022-04-29,35400.0,35700.0,35200.0,35650.0,90735.0
2022-05-02,35400.0,35600.0,35250.0,35500.0,64874.0
2022-05-03,35500.0,35900.0,35400.0,35800.0,61146.0
2022-05-04,35800.0,36500.0,35800.0,36150.0,116316.0
2022-05-06,35800.0,36200.0,35750.0,36200.0,75676.0
2022-05-09,35900.0,36050.0,35000.0,35150.0,104012.0
2022-05-10,34800.0,34950.0,33850.0,34750.0,117328.0
2022-05-11,34400.0,34800.0,34250.0,34450.0,73750.0
2022-05-12,34200.0,34400.0,33500.0,33550.0,142658.0
2022-05-13,33500.0,34850.0,33500.0,34800.0,111235.0
2022-05-16,34900.0,35400.0,34700.0,35100.0,87441.0
2022-05-17,35100.0,35700.0,34750.0,35300.0,100065.0
2022-05-18,35050.0,35300.0,34400.0,34700.0,83504.0
2022-05-19,33950.0,34000.0,33500.0,33700.0,93861.0
2022-05-20,33750.0,34250.0,33750.0,34100.0,76265.0
2022-05-23,34300.0,34450.0,33950.0,34200.0,56277.0
2022-05-24,34000.0,34500.0,33550.0,33600.0,83798.0
2022-05-25,33800.0,34100.0,33500.0,33900.0,78763.0
2022-05-26,33700.0,34150.0,33600.0,33750.0,89572.0
2022-05-27,33900.0,34200.0,33850.0,34050.0,60605.0
2022-05-30,34250.0,34700.0,34250.0,34450.0,70926.0
2022-05-31,34450.0,34650.0,34200.0,34450.0,111217.0
2022-06-02,34250.0,34350.0,33900.0,33950.0,67239.0
2022-06-03,34150.0,34550.0,34150.0,34550.0,74484.0
2022-06-07,34200.0,34650.0,33700.0,33750.0,98022.0
2022-06-08,33800.0,33950.0,33500.0,33600.0,71741.0
2022-06-09,33550.0,33700.0,33150.0,33250.0,150912.0
2022-06-10,33000.0,33200.0,32700.0,33000.0,98480.0
2022-06-13,32100.0,32300.0,31150.0,31150.0,180406.0
2022-06-14,30250.0,30900.0,30000.0,30400.0,162782.0
2022-06-15,30050.0,30500.0,29050.0,29400.0,164922.0
2022-06-16,29600.0,29950.0,28950.0,28950.0,136792.0
2022-06-17,27900.0,28950.0,27900.0,28900.0,157355.0
2022-06-20,28900.0,29050.0,27450.0,27650.0,160840.0
2022-06-21,27800.0,28250.0,27550.0,27950.0,143875.0
2022-06-22,28050.0,28150.0,26400.0,26400.0,185293.0
2022-06-23,26750.0,26950.0,25750.0,25800.0,217003.0
2022-06-24,25800.0,27050.0,25750.0,26750.0,161432.0
2022-06-27,27000.0,27850.0,26800.0,27700.0,601458.0
2022-06-28,27400.0,27850.0,27400.0,27650.0,133316.0
2022-06-29,27150.0,27750.0,27150.0,27400.0,80770.0
2022-06-30,27200.0,27650.0,26850.0,26900.0,97535.0
2022-07-01,27150.0,27600.0,26550.0,26800.0,120993.0
2022-07-04,26850.0,27000.0,25800.0,26100.0,146788.0
2022-07-05,26150.0,26950.0,26000.0,26600.0,140872.0
2022-07-06,26400.0,26800.0,26000.0,26000.0,128108.0
2022-07-07,26400.0,26600.0,25900.0,26400.0,107379.0
2022-07-08,26500.0,26950.0,26250.0,26350.0,102761.0
2022-07-11,26550.0,26550.0,25950.0,26100.0,79506.0
2022-07-12,26100.0,26300.0,25400.0,25550.0,98427.0
2022-07-13,25550.0,26250.0,25450.0,26150.0,109702.0
2022-07-14,26200.0,26250.0,25750.0,26000.0,115213.0
2022-07-15,26100.0,26300.0,25500.0,25800.0,100111.0
2022-07-18,25900.0,26800.0,25900.0,26650.0,129810.0
2022-07-19,26550.0,26850.0,26400.0,26550.0,86676.0
2022-07-20,27050.0,27150.0,26600.0,26800.0,123878.0
2022-07-21,26800.0,26900.0,26550.0,26800.0,126545.0
2022-07-22,26850.0,27450.0,26750.0,27150.0,200852.0
2022-07-25,27150.0,27400.0,26950.0,27250.0,69349.0
2022-07-26,27000.0,27650.0,27000.0,27550.0,143648.0
2022-07-27,27600.0,28100.0,27250.0,27900.0,114014.0
2022-07-28,28150.0,28350.0,27700.0,27700.0,162008.0
2022-07-29,27750.0,28350.0,27750.0,28150.0,101428.0
2022-08-01,28250.0,28700.0,28250.0,28300.0,125047.0
2022-08-02,28200.0,28700.0,28050.0,28400.0,111430.0
2022-08-03,28500.0,28700.0,28250.0,28600.0,79627.0
2022-08-04,28600.0,29200.0,28550.0,29000.0,102275.0
2022-08-05,29250.0,29250.0,28900.0,29000.0,92276.0
2022-08-08,28950.0,29200.0,28800.0,29100.0,70280.0
2022-08-09,28850.0,29650.0,28850.0,29550.0,89894.0
2022-08-10,29650.0,29950.0,29550.0,29700.0,109608.0
2022-08-11,29850.0,30100.0,29700.0,29700.0,107150.0
2022-08-12,29700.0,30150.0,29700.0,30000.0,62207.0
2022-08-16,30350.0,30450.0,29950.0,30000.0,81892.0
2022-08-17,30000.0,30200.0,29300.0,29300.0,138833.0
2022-08-18,29200.0,29350.0,28650.0,29150.0,86099.0
2022-08-19,29000.0,29100.0,28500.0,28700.0,68255.0
2022-08-22,28300.0,28500.0,27900.0,28100.0,68222.0
2022-08-23,27750.0,28100.0,27500.0,27650.0,75937.0
2022-08-24,27850.0,28650.0,27600.0,28500.0,78037.0
2022-08-25,28500.0,29150.0,28500.0,28950.0,52871.0
2022-08-26,28950.0,29800.0,28700.0,29750.0,114538.0
2022-08-29,29000.0,29250.0,28550.0,28650.0,131479.0
2022-08-30,28650.0,29200.0,28650.0,29050.0,47424.0
2022-08-31,28650.0,29500.0,28550.0,29300.0,54725.0
2022-09-01,29000.0,29100.0,28150.0,28150.0,109167.0
2022-09-02,28150.0,28400.0,27650.0,27900.0,103467.0
2022-09-05,28150.0,28350.0,27700.0,27950.0,55788.0
2022-09-06,27950.0,28300.0,27800.0,28000.0,41218.0
2022-09-07,27750.0,27800.0,26950.0,27250.0,95671.0
2022-09-08,27400.0,27700.0,27150.0,27450.0,99704.0
2022-09-13,27600.0,27950.0,27550.0,27700.0,89452.0
2022-09-14,27150.0,27200.0,26500.0,26900.0,96533.0
2022-09-15,26950.0,27050.0,26650.0,26700.0,86931.0
2022-09-16,26350.0,26750.0,26350.0,26600.0,96972.0
2022-09-19,26350.0,26750.0,25950.0,26000.0,66687.0
2022-09-20,26300.0,26350.0,25950.0,26150.0,79707.0
2022-09-21,25850.0,26150.0,25650.0,25950.0,71886.0
2022-09-22,25800.0,25800.0,25100.0,25250.0,103267.0
2022-09-23,25000.0,25400.0,24450.0,24550.0,118124.0
2022-09-26,23900.0,24200.0,23200.0,23450.0,165714.0
2022-09-27,23450.0,24000.0,23350.0,24000.0,148871.0
2022-09-28,23700.0,23900.0,22850.0,23450.0,128674.0
2022-09-29,23650.0,23900.0,22900.0,22900.0,103454.0
2022-09-30,22800.0,23150.0,22400.0,22450.0,137801.0
2022-10-04,22650.0,23400.0,22600.0,23200.0,83869.0
2022-10-05,23650.0,23700.0,22800.0,22900.0,109418.0
2022-10-06,22950.0,23500.0,22900.0,23150.0,70538.0
2022-10-07,22700.0,23100.0,22600.0,22900.0,69342.0
2022-10-11,22500.0,22800.0,22050.0,22150.0,93387.0
2022-10-12,22050.0,22900.0,21900.0,22800.0,80279.0
2022-10-13,22450.0,22700.0,21850.0,21850.0,85620.0
2022-10-14,22100.0,23450.0,22100.0,23350.0,126495.0
2022-10-17,23050.0,23100.0,22600.0,22800.0,90179.0
2022-10-18,23250.0,23400.0,22950.0,23300.0,62338.0
2022-10-19,23500.0,23700.0,22800.0,22850.0,80116.0
2022-10-20,22800.0,23750.0,22800.0,23650.0,186755.0
2022-10-21,23450.0,23650.0,23050.0,23050.0,109459.0
2022-10-24,23550.0,24050.0,23300.0,23500.0,87324.0
2022-10-25,23750.0,23800.0,23050.0,23100.0,68279.0
2022-10-26,23150.0,23250.0,22800.0,22800.0,58615.0
2022-10-27,22800.0,23750.0,22650.0,23700.0,79822.0
2022-10-28,23600.0,26000.0,23550.0,25950.0,479865.0
2022-10-31,26200.0,26200.0,25150.0,25200.0,206059.0
2022-11-01,25200.0,25750.0,25100.0,25500.0,169886.0
2022-11-02,25350.0,26000.0,25200.0,25700.0,138216.0
2022-11-03,25300.0,25700.0,25000.0,25300.0,96280.0
2022-11-04,25250.0,25600.0,25200.0,25550.0,54678.0
2022-11-07,25650.0,26050.0,25450.0,25950.0,72957.0
2022-11-08,26300.0,26900.0,26000.0,26800.0,136144.0
2022-11-09,27100.0,27500.0,26800.0,27200.0,157172.0
2022-11-10,26850.0,27300.0,26750.0,27100.0,129288.0
2022-11-11,28000.0,28100.0,27500.0,28000.0,150637.0
2022-11-14,28000.0,28200.0,27850.0,27900.0,94153.0
2022-11-15,28350.0,28900.0,28200.0,28800.0,158890.0
2022-11-16,28800.0,28900.0,28350.0,28450.0,84955.0
2022-11-17,28600.0,29000.0,28150.0,28800.0,94024.0
2022-11-18,28750.0,29100.0,28600.0,28850.0,62420.0
2022-11-21,29100.0,29100.0,28000.0,28500.0,110275.0
2022-11-22,28300.0,28800.0,28250.0,28500.0,78675.0
2022-11-23,28600.0,29350.0,28550.0,28850.0,130668.0
2022-11-24,28900.0,29300.0,28500.0,29250.0,101220.0
2022-11-25,29400.0,30150.0,29100.0,29550.0,171545.0
2022-11-28,29500.0,29700.0,28850.0,29300.0,124221.0
2022-11-29,29550.0,29850.0,28750.0,29750.0,91896.0
2022-11-30,29450.0,30000.0,29400.0,29800.0,92035.0
2022-12-01,29800.0,30150.0,29700.0,30050.0,113160.0
2022-12-02,29950.0,30150.0,29450.0,29750.0,105762.0
2022-12-05,29600.0,30400.0,29600.0,30100.0,131726.0
2022-12-06,29800.0,30100.0,29700.0,29750.0,77756.0
2022-12-07,29750.0,30000.0,29400.0,29800.0,99894.0
2022-12-08,30150.0,30150.0,29700.0,29900.0,142347.0
2022-12-09,29900.0,30300.0,29850.0,30200.0,154404.0
2022-12-12,30350.0,30400.0,30050.0,30050.0,47378.0
2022-12-13,30350.0,30350.0,29950.0,29950.0,41713.0
2022-12-14,30100.0,30150.0,29600.0,30150.0,94147.0
2022-12-15,30150.0,30300.0,29850.0,29850.0,75343.0
2022-12-16,29550.0,29800.0,28700.0,28700.0,189213.0
2022-12-19,28450.0,29150.0,28200.0,28650.0,102446.0
2022-12-20,28950.0,29050.0,27950.0,28550.0,122923.0
2022-12-21,28900.0,29050.0,28550.0,28750.0,66333.0
2022-12-22,28750.0,29000.0,28550.0,28850.0,62541.0
2022-12-23,28850.0,28850.0,28150.0,28300.0,90803.0
2022-12-26,28050.0,28600.0,28050.0,28550.0,89130.0
2022-12-27,28600.0,28800.0,28250.0,28500.0,91931.0
2022-12-28,27800.0,28600.0,27600.0,28450.0,135202.0
2022-12-29,28200.0,28600.0,27750.0,28300.0,147874.0
2023-01-02,28350.0,28400.0,26600.0,26600.0,157820.0
2023-01-03,26550.0,27200.0,26300.0,27000.0,183310.0
2023-01-04,26750.0,28100.0,26750.0,28000.0,84337.0
2023-01-05,27800.0,28400.0,27700.0,28050.0,80625.0
2023-01-06,27700.0,28600.0,27700.0,28450.0,110782.0
2023-01-09,28650.0,29500.0,28500.0,29500.0,67033.0
2023-01-10,29500.0,29650.0,29050.0,29550.0,81061.0
2023-01-11,29450.0,29600.0,29050.0,29250.0,88683.0
2023-01-12,29250.0,29500.0,29100.0,29300.0,73733.0
2023-01-13,29400.0,29600.0,28900.0,29250.0,89912.0
2023-01-16,29250.0,29950.0,29050.0,29600.0,113884.0
2023-01-17,29300.0,29800.0,29300.0,29350.0,56452.0
2023-01-18,29250.0,29550.0,28750.0,29450.0,113882.0
2023-01-19,29100.0,30000.0,29100.0,29900.0,89709.0
2023-01-20,29800.0,30600.0,29800.0,30550.0,164055.0
2023-01-25,30700.0,30950.0,30450.0,30600.0,108513.0
2023-01-26,30350.0,31300.0,30100.0,30800.0,167159.0
2023-01-27,30500.0,31000.0,30450.0,30500.0,67798.0
2023-01-30,30150.0,30500.0,29700.0,29750.0,66580.0
2023-01-31,29700.0,30000.0,29400.0,29800.0,65237.0
2023-02-01,29600.0,30350.0,29400.0,30150.0,118736.0
2023-02-02,30100.0,30350.0,29200.0,29200.0,120820.0
2023-02-03,29250.0,29600.0,29000.0,29350.0,72486.0
2023-02-06,29150.0,29550.0,28550.0,28950.0,73641.0
2023-02-07,28800.0,29050.0,28500.0,28700.0,61298.0
2023-02-08,28600.0,28900.0,28500.0,28800.0,46925.0
2023-02-09,28550.0,28750.0,28150.0,28650.0,91369.0
2023-02-10,28250.0,28600.0,28050.0,28300.0,62037.0
2023-02-13,28350.0,29050.0,27950.0,28850.0,85897.0
2023-02-14,29050.0,29200.0,28800.0,29000.0,54813.0
2023-02-15,28850.0,29100.0,28100.0,28100.0,62839.0
2023-02-16,28100.0,28700.0,28100.0,28500.0,62061.0
2023-02-17,28100.0,28550.0,28000.0,28200.0,51580.0
2023-02-20,28150.0,28850.0,28000.0,28750.0,46432.0
2023-02-21,28500.0,28950.0,28450.0,28500.0,53179.0
2023-02-22,28350.0,28450.0,27950.0,28100.0,45067.0
2023-02-23,28100.0,28850.0,28100.0,28750.0,63319.0
2023-02-24,28550.0,28800.0,28100.0,28200.0,59142.0
2023-02-27,27900.0,28050.0,27450.0,27700.0,59134.0
2023-02-28,27700.0,28150.0,27550.0,27750.0,54272.0
2023-03-02,27550.0,28050.0,27500.0,27750.0,64779.0
2023-03-03,27600.0,28000.0,27550.0,27800.0,37130.0
2023-03-06,27850.0,28100.0,27650.0,27900.0,50337.0
2023-03-07,27950.0,27950.0,27550.0,27700.0,45870.0
2023-03-08,27500.0,27800.0,27000.0,27000.0,97680.0
2023-03-09,27000.0,27250.0,26800.0,27150.0,69785.0
2023-03-10,27000.0,27100.0,26400.0,26450.0,71223.0
2023-03-13,26400.0,26600.0,25850.0,26450.0,70597.0
2023-03-14,26000.0,26300.0,25500.0,25550.0,68923.0
2023-03-15,25650.0,26200.0,25400.0,26050.0,78572.0
2023-03-16,25500.0,25950.0,25300.0,25550.0,63024.0
2023-03-17,25600.0,26250.0,25600.0,25900.0,69607.0
2023-03-20,26200.0,26750.0,26050.0,26100.0,42127.0
2023-03-21,26100.0,26400.0,26000.0,26150.0,37085.0
2023-03-22,26150.0,26250.0,25750.0,25900.0,44017.0
2023-03-23,25900.0,25900.0,25450.0,25850.0,56278.0
2023-03-24,25650.0,26000.0,25600.0,25950.0,52549.0
2023-03-27,26050.0,26150.0,25450.0,25800.0,46927.0
2023-03-28,25750.0,26400.0,25750.0,26400.0,58702.0
2023-03-29,26500.0,26650.0,25950.0,26150.0,57920.0
2023-03-30,26000.0,30250.0,25850.0,29700.0,965049.0
2023-03-31,29850.0,33650.0,29700.0,31700.0,1770220.0
2023-04-03,31500.0,31650.0,30450.0,30850.0,343195.0
2023-04-04,30800.0,36250.0,30550.0,35600.0,1691886.0
2023-04-05,36100.0,36250.0,34750.0,35100.0,734439.0
2023-04-06,34950.0,35300.0,32350.0,33100.0,751505.0
2023-04-07,33200.0,34700.0,32550.0,34450.0,537048.0
2023-04-10,34050.0,36450.0,32850.0,35550.0,747047.0
2023-04-11,35450.0,35550.0,34050.0,35100.0,383945.0
2023-04-12,34750.0,37650.0,34700.0,36450.0,858138.0
2023-04-13,36000.0,37600.0,35650.0,37600.0,479856.0
2023-04-14,36700.0,37100.0,33750.0,34400.0,1137994.0
2023-04-17,34400.0,34750.0,33700.0,34050.0,271714.0
2023-04-18,33900.0,34150.0,33000.0,33600.0,349444.0
2023-04-19,33600.0,35450.0,33550.0,34350.0,429937.0
2023-04-20,34350.0,35200.0,33850.0,35050.0,272839.0
2023-04-21,35000.0,35400.0,34050.0,35000.0,224790.0
2023-04-24,34950.0,35200.0,34150.0,34700.0,172697.0
2023-04-25,34250.0,35450.0,34150.0,35250.0,274392.0
2023-04-26,35300.0,35750.0,34300.0,34400.0,176506.0
2023-04-27,34050.0,34100.0,31400.0,32700.0,348652.0
2023-04-28,32950.0,33700.0,32650.0,33500.0,146592.0
2023-05-02,33200.0,33900.0,33200.0,33600.0,93366.0
2023-05-03,33550.0,34650.0,33200.0,33650.0,143034.0
2023-05-04,33950.0,37300.0,33950.0,35900.0,923268.0
2023-05-08,35500.0,35600.0,34750.0,35050.0,211952.0
2023-05-09,35100.0,37350.0,34900.0,36500.0,372920.0
2023-05-10,36550.0,38400.0,36500.0,37800.0,640647.0
2023-05-11,38100.0,43200.0,38100.0,42100.0,1830891.0
2023-05-12,41700.0,42900.0,40750.0,42100.0,831334.0
2023-05-15,41500.0,41650.0,40200.0,40750.0,394147.0
2023-05-16,41000.0,41500.0,40700.0,40850.0,331106.0
2023-05-17,40850.0,42250.0,40700.0,41350.0,338989.0
2023-05-18,41550.0,42950.0,41550.0,42700.0,440077.0
2023-05-19,42700.0,44000.0,42500.0,43500.0,464770.0
2023-05-22,43900.0,44550.0,43200.0,44100.0,415410.0
2023-05-23,44250.0,44700.0,43200.0,43800.0,391012.0
2023-05-24,43800.0,43800.0,41650.0,42850.0,667858.0
2023-05-25,42500.0,43650.0,42450.0,43450.0,387530.0
2023-05-26,43250.0,43600.0,42600.0,42950.0,338694.0
2023-05-30,43000.0,43650.0,42050.0,42900.0,346584.0
2023-05-31,42550.0,43300.0,40900.0,41850.0,632495.0
2023-06-01,41850.0,41950.0,39900.0,40300.0,371654.0
2023-06-02,40150.0,40650.0,39450.0,40250.0,206916.0
2023-06-05,40250.0,41600.0,40100.0,41400.0,200458.0
2023-06-07,41450.0,42950.0,41100.0,42200.0,220992.0
2023-06-08,42200.0,42650.0,41700.0,42350.0,250572.0
2023-06-09,42400.0,42400.0,41600.0,41900.0,106825.0
2023-06-12,42150.0,42500.0,41750.0,42350.0,94157.0
2023-06-13,42550.0,43750.0,42250.0,42500.0,199789.0
2023-06-14,42900.0,43000.0,41950.0,42700.0,138821.0
2023-06-15,42700.0,43050.0,42200.0,42650.0,123631.0
2023-06-16,42300.0,43450.0,42150.0,42850.0,226325.0
2023-06-19,44000.0,44350.0,43150.0,43450.0,216675.0
2023-06-20,43000.0,43350.0,42150.0,43100.0,181198.0
2023-06-21,43250.0,43750.0,42500.0,43300.0,165177.0
2023-06-22,43200.0,43450.0,42750.0,43300.0,95814.0
2023-06-23,43150.0,43400.0,42500.0,42900.0,115461.0
2023-06-26,42950.0,43500.0,42550.0,43100.0,145788.0
2023-06-27,41350.0,41450.0,37600.0,40950.0,986352.0
2023-06-28,40450.0,40950.0,40000.0,40450.0,104653.0
2023-06-29,40800.0,40850.0,39650.0,39700.0,148808.0
2023-06-30,40000.0,40650.0,39700.0,40250.0,120207.0
2023-07-03,39700.0,40350.0,39700.0,40000.0,137805.0
2023-07-04,39650.0,39850.0,38950.0,39100.0,152701.0
2023-07-05,38850.0,39850.0,38000.0,39550.0,167311.0
2023-07-06,40450.0,40450.0,38750.0,39050.0,158403.0
2023-07-07,38600.0,39600.0,38600.0,39450.0,103669.0
2023-07-10,39450.0,40500.0,38900.0,39650.0,122091.0
2023-07-11,39900.0,40850.0,39500.0,40450.0,139303.0
2023-07-12,40500.0,41000.0,40250.0,40250.0,115666.0
2023-07-13,40700.0,41000.0,40150.0,40650.0,205068.0
2023-07-14,40700.0,41000.0,39750.0,40750.0,199536.0
2023-07-17,40350.0,42550.0,40350.0,42000.0,207850.0
2023-07-18,42300.0,42400.0,41300.0,42150.0,135028.0
2023-07-19,42000.0,42800.0,41600.0,42100.0,141975.0
2023-07-20,42000.0,43800.0,41750.0,43400.0,231429.0
2023-07-21,43650.0,43800.0,41700.0,42100.0,153968.0
2023-07-24,41450.0,42100.0,40700.0,41200.0,207735.0
2023-07-25,40900.0,41800.0,40900.0,41750.0,120738.0
2023-07-26,41800.0,41850.0,40000.0,40550.0,206719.0
2023-07-27,40700.0,42100.0,40400.0,41450.0,164878.0
2023-07-28,41500.0,42700.0,40500.0,42000.0,145321.0
2023-07-31,42550.0,42600.0,41600.0,41800.0,132628.0
2023-08-01,41600.0,43500.0,41500.0,43350.0,156192.0
2023-08-02,43050.0,43100.0,40350.0,41650.0,293991.0
2023-08-03,41650.0,42200.0,41150.0,41200.0,106701.0
2023-08-04,41200.0,43150.0,41050.0,43100.0,189072.0
2023-08-07,43100.0,44200.0,42500.0,42850.0,236484.0
2023-08-08,42900.0,44100.0,42600.0,43300.0,277903.0
2023-08-09,43300.0,44000.0,42700.0,43450.0,139347.0
2023-08-10,43500.0,46350.0,43050.0,46050.0,525526.0
2023-08-11,45700.0,46000.0,44800.0,45350.0,284394.0
2023-08-14,45350.0,45400.0,41200.0,42300.0,447002.0
2023-08-16,42300.0,43100.0,41500.0,42550.0,166657.0
2023-08-17,42500.0,43300.0,41700.0,42850.0,187451.0
2023-08-18,42450.0,43450.0,42250.0,42900.0,149253.0
2023-08-21,42900.0,43300.0,42150.0,42700.0,119678.0
2023-08-22,42700.0,47400.0,42200.0,46900.0,1084224.0
2023-08-23,46300.0,50400.0,46200.0,49300.0,1525996.0
2023-08-24,49000.0,49050.0,46300.0,47100.0,594767.0
2023-08-25,47100.0,47100.0,45800.0,45800.0,242925.0
2023-08-28,45800.0,46050.0,44750.0,45000.0,201836.0
2023-08-29,45300.0,45500.0,44400.0,45250.0,188855.0
2023-08-30,45250.0,45700.0,44450.0,44700.0,168101.0
2023-08-31,44450.0,45600.0,44450.0,45000.0,174922.0
2023-09-01,44850.0,45500.0,44400.0,44650.0,146400.0
2023-09-04,44750.0,45850.0,43250.0,44650.0,223742.0
2023-09-05,44600.0,44700.0,43600.0,43950.0,135824.0
2023-09-06,44000.0,44100.0,42700.0,42750.0,202620.0
2023-09-07,42300.0,42900.0,41250.0,41400.0,245607.0
2023-09-08,41400.0,42050.0,41350.0,41900.0,103889.0
2023-09-11,41700.0,42500.0,40800.0,41900.0,173356.0
2023-09-12,42350.0,42600.0,41200.0,41200.0,112840.0
2023-09-13,41200.0,41750.0,40550.0,40900.0,145540.0
2023-09-14,40900.0,41800.0,40450.0,41600.0,181076.0
2023-09-15,41650.0,42750.0,41600.0,42200.0,176647.0
2023-09-18,42000.0,43100.0,41700.0,42500.0,143948.0
2023-09-19,42350.0,42950.0,41850.0,42100.0,130822.0
2023-09-20,41950.0,43700.0,41950.0,43200.0,264609.0
2023-09-21,43100.0,43500.0,42650.0,42800.0,138523.0
2023-09-22,42600.0,43700.0,41600.0,43250.0,176164.0
2023-09-25,43600.0,44200.0,43250.0,43650.0,170257.0
2023-09-26,43250.0,43750.0,42800.0,43000.0,130024.0
2023-09-27,42500.0,44150.0,42450.0,43800.0,137548.0
2023-10-04,44150.0,44200.0,42900.0,43500.0,209175.0
2023-10-05,43500.0,43900.0,42500.0,42800.0,149974.0
2023-10-06,42850.0,44400.0,42800.0,44100.0,183944.0
2023-10-10,44550.0,44550.0,43500.0,44100.0,176110.0
2023-10-11,44150.0,44850.0,44150.0,44800.0,123684.0
2023-10-12,44950.0,45400.0,44350.0,45350.0,177122.0
2023-10-13,44900.0,46400.0,44900.0,46050.0,292676.0
2023-10-16,45950.0,46300.0,43300.0,43700.0,356155.0
2023-10-17,44000.0,44400.0,43400.0,44100.0,180307.0
2023-10-18,44300.0,45950.0,44100.0,45700.0,351734.0
2023-10-19,45100.0,46200.0,45100.0,46200.0,160569.0
2023-10-20,46350.0,46600.0,45150.0,45450.0,290240.0
2023-10-23,45500.0,46150.0,45350.0,45950.0,197881.0
2023-10-24,46300.0,47500.0,45650.0,46750.0,246181.0
2023-10-25,46750.0,47700.0,44650.0,46000.0,240710.0
2023-10-26,46250.0,46950.0,45250.0,46700.0,236188.0
2023-10-27,46700.0,46700.0,42400.0,43500.0,322501.0
2023-10-30,43700.0,44350.0,43500.0,44150.0,74681.0
2023-10-31,44200.0,44700.0,42550.0,43200.0,225786.0
2023-11-01,43350.0,44050.0,41850.0,42350.0,166967.0
2023-11-02,42350.0,42700.0,41850.0,42300.0,93945.0
2023-11-03,42700.0,43700.0,42400.0,43600.0,81562.0
2023-11-06,44900.0,47000.0,44550.0,47000.0,206581.0
2023-11-07,47150.0,48350.0,46250.0,47100.0,189820.0
2023-11-08,47350.0,48150.0,46850.0,47350.0,108976.0
2023-11-09,46900.0,47800.0,46900.0,47650.0,113423.0
2023-11-10,47100.0,48350.0,47050.0,48200.0,82224.0
2023-11-13,48300.0,48450.0,47550.0,48250.0,62365.0
2023-11-14,48800.0,48800.0,47000.0,47900.0,76385.0
2023-11-15,48900.0,48900.0,48100.0,48650.0,89462.0
2023-11-16,48600.0,48750.0,47200.0,47200.0,59177.0
2023-11-17,46850.0,47800.0,45750.0,47050.0,130064.0
2023-11-20,47050.0,47250.0,45500.0,45950.0,87984.0
2023-11-21,46050.0,46450.0,45750.0,45750.0,35749.0
2023-11-22,45300.0,46200.0,45200.0,45950.0,39936.0
2023-11-23,45950.0,46250.0,45450.0,45950.0,46225.0
2023-11-24,45900.0,46100.0,44850.0,45500.0,62009.0
2023-11-27,45850.0,45850.0,45100.0,45450.0,53587.0
2023-11-28,45900.0,45900.0,45250.0,45700.0,44640.0
2023-11-29,45450.0,46250.0,44100.0,44700.0,83468.0
2023-11-30,44700.0,45050.0,43950.0,44300.0,78211.0
2023-12-01,44050.0,44900.0,43750.0,43750.0,79447.0
2023-12-04,43950.0,45450.0,43200.0,45100.0,94385.0
2023-12-05,44600.0,45850.0,43850.0,45200.0,94852.0
2023-12-06,45500.0,45900.0,44800.0,45000.0,40979.0
2023-12-07,44700.0,45100.0,44300.0,44600.0,52785.0
2023-12-08,44850.0,45000.0,44250.0,44350.0,31620.0
2023-12-11,44350.0,44600.0,43800.0,43950.0,57763.0
2023-12-12,44400.0,44700.0,43950.0,44200.0,75918.0
2023-12-13,44500.0,44950.0,44050.0,44300.0,63174.0
2023-12-14,44900.0,45600.0,44450.0,45100.0,202240.0
2023-12-15,45000.0,46950.0,45000.0,45850.0,123467.0
2023-12-18,45550.0,46650.0,45100.0,46050.0,79444.0
2023-12-19,46050.0,46450.0,45750.0,46250.0,44794.0
2023-12-20,46500.0,47100.0,45850.0,46350.0,104812.0
2023-12-21,45800.0,46300.0,44600.0,44800.0,92860.0
2023-12-22,45000.0,45650.0,44850.0,45050.0,53033.0
2023-12-26,45500.0,46150.0,45150.0,45900.0,108190.0
2023-12-27,45450.0,45500.0,43550.0,44100.0,87983.0
2023-12-28,44500.0,44800.0,43850.0,44350.0,52717.0
2024-01-02,44100.0,44700.0,42050.0,42500.0,117385.0
2024-01-03,42600.0,42650.0,41850.0,42100.0,69044.0
2024-01-04,42100.0,42550.0,41550.0,42000.0,53597.0
2024-01-05,42050.0,42500.0,41150.0,41650.0,55296.0
2024-01-08,41200.0,41750.0,40700.0,41150.0,51730.0
2024-01-09,41950.0,42100.0,41300.0,41750.0,37389.0
2024-01-10,41650.0,42100.0,41100.0,41100.0,21782.0
2024-01-11,41600.0,41650.0,40550.0,40550.0,36340.0
2024-01-12,40600.0,40700.0,39500.0,40300.0,43157.0
2024-01-15,39800.0,41350.0,39800.0,40450.0,57746.0
2024-01-16,40500.0,40850.0,39850.0,40200.0,43476.0
2024-01-17,40750.0,40750.0,39450.0,39950.0,37272.0
2024-01-18,39650.0,40300.0,39650.0,40150.0,28289.0
2024-01-19,39800.0,41000.0,39800.0,39800.0,29863.0
2024-01-22,40200.0,40350.0,39400.0,39700.0,32167.0
2024-01-23,40450.0,40450.0,39650.0,40050.0,21557.0
2024-01-24,39800.0,40000.0,39000.0,39350.0,60330.0
2024-01-25,39000.0,39700.0,38800.0,39700.0,32561.0
2024-01-26,39350.0,40450.0,39200.0,40000.0,38852.0
2024-01-29,40050.0,40450.0,39900.0,39900.0,25682.0
2024-01-30,39900.0,40900.0,39900.0,40350.0,56683.0
2024-01-31,40350.0,40800.0,39850.0,40600.0,36018.0
2024-02-01,40000.0,41350.0,40000.0,41050.0,63230.0
2024-02-02,40650.0,42000.0,40600.0,41650.0,60632.0
2024-02-05,41500.0,41850.0,41000.0,41600.0,38635.0
2024-02-06,40950.0,41750.0,40950.0,41500.0,26315.0
2024-02-07,41950.0,42000.0,41450.0,41450.0,35346.0
2024-02-08,41850.0,42150.0,41250.0,41250.0,63775.0
2024-02-13,41750.0,42400.0,41350.0,42050.0,58618.0
2024-02-14,41000.0,41900.0,40700.0,41400.0,56616.0
2024-02-15,42400.0,42400.0,41500.0,41550.0,39264.0
2024-02-16,42100.0,42800.0,41650.0,42500.0,69016.0
2024-02-19,42500.0,43000.0,42350.0,42800.0,50616.0
2024-02-20,42350.0,42800.0,41250.0,41300.0,47007.0
2024-02-21,41850.0,42150.0,41300.0,41500.0,30494.0
2024-02-22,41900.0,41950.0,40900.0,41650.0,36003.0
2024-02-23,41700.0,42200.0,41050.0,41400.0,35103.0
2024-02-26,42000.0,42000.0,40750.0,40850.0,45517.0
2024-02-27,41300.0,41400.0,39950.0,40000.0,56902.0
2024-02-28,40450.0,40650.0,39750.0,40050.0,37366.0
2024-02-29,39850.0,40400.0,39800.0,39900.0,85948.0
2024-03-04,40700.0,41200.0,40150.0,40550.0,96618.0
2024-03-05,40100.0,40750.0,39600.0,40200.0,78109.0
2024-03-06,40500.0,40600.0,39700.0,39900.0,25449.0
2024-03-07,39900.0,40700.0,39700.0,40450.0,42239.0
2024-03-08,41050.0,41400.0,40250.0,40600.0,41604.0
2024-03-11,40000.0,41150.0,39000.0,40300.0,80449.0
2024-03-12,40750.0,40850.0,40000.0,40650.0,42950.0
2024-03-13,40600.0,42450.0,40600.0,41900.0,163558.0
2024-03-14,42300.0,42300.0,41050.0,41350.0,113645.0
2024-03-15,41050.0,41550.0,40350.0,40350.0,61807.0
2024-03-18,41300.0,41650.0,40550.0,40750.0,55829.0
2024-03-19,40300.0,41150.0,40300.0,40850.0,39066.0
2024-03-20,41400.0,41400.0,40250.0,40450.0,28380.0
2024-03-21,41000.0,41700.0,40500.0,41300.0,67068.0
2024-03-22,40850.0,41500.0,40600.0,40950.0,66880.0
2024-03-25,40950.0,41150.0,40100.0,40400.0,39872.0
2024-03-26,40900.0,41050.0,40350.0,40350.0,38877.0
2024-03-27,40050.0,41050.0,40050.0,40750.0,63094.0
2024-03-28,40750.0,42650.0,40650.0,41450.0,85687.0
2024-03-29,41900.0,41950.0,41050.0,41050.0,33415.0
2024-04-01,41800.0,41800.0,40900.0,41400.0,30888.0
2024-04-02,40950.0,41500.0,40600.0,40600.0,45887.0
2024-04-03,40500.0,40850.0,40050.0,40500.0,129609.0
2024-04-04,41200.0,41250.0,40450.0,40500.0,38315.0
2024-04-05,40100.0,40500.0,40050.0,40250.0,37790.0
2024-04-08,40050.0,41150.0,39850.0,40450.0,69708.0
2024-04-09,40950.0,40950.0,39950.0,40300.0,46739.0
2024-04-11,39750.0,40400.0,39300.0,39800.0,76253.0
2024-04-12,39550.0,40550.0,39500.0,40000.0,46478.0
2024-04-15,40050.0,40450.0,39600.0,40350.0,48965.0
2024-04-16,39950.0,40450.0,39750.0,40100.0,52165.0
2024-04-17,40100.0,40300.0,39300.0,39600.0,42900.0
2024-04-18,39950.0,40100.0,39450.0,40000.0,44532.0
2024-04-19,39500.0,40000.0,39400.0,39500.0,57853.0
2024-04-22,40300.0,40450.0,39750.0,40450.0,64855.0
2024-04-23,40100.0,40600.0,39950.0,40500.0,40425.0
2024-04-24,40800.0,40800.0,39850.0,40000.0,38749.0
2024-04-25,39650.0,40200.0,39650.0,39850.0,22727.0
2024-04-26,40150.0,40150.0,39900.0,40100.0,12437.0
2024-04-29,40400.0,40500.0,39900.0,40500.0,32065.0
2024-04-30,40100.0,40500.0,40000.0,40500.0,24088.0
2024-05-02,40000.0,40500.0,40000.0,40100.0,19799.0
2024-05-03,40450.0,40500.0,39950.0,40250.0,17576.0
2024-05-07,40400.0,40700.0,40050.0,40350.0,37944.0
2024-05-08,40700.0,40750.0,40200.0,40500.0,29021.0
2024-05-09,40650.0,41150.0,40350.0,40450.0,76986.0
2024-05-10,40850.0,41200.0,40450.0,40900.0,42319.0
2024-05-13,40900.0,41000.0,40250.0,40600.0,44603.0
2024-05-14,40600.0,41600.0,40350.0,41150.0,79185.0
2024-05-16,41750.0,42100.0,41200.0,41450.0,79132.0
2024-05-17,40550.0,41050.0,40550.0,40850.0,35373.0
2024-05-20,41300.0,41350.0,40400.0,40500.0,45972.0
2024-05-21,40300.0,40600.0,39950.0,40000.0,49578.0
2024-05-22,39900.0,40950.0,39850.0,40000.0,48639.0
2024-05-23,39900.0,40700.0,39900.0,39950.0,27412.0
2024-05-24,39850.0,40100.0,39350.0,39500.0,52799.0
2024-05-27,39650.0,40500.0,39550.0,39950.0,31414.0
2024-05-28,39800.0,40100.0,39800.0,39800.0,29101.0
2024-05-29,39500.0,40500.0,38500.0,38850.0,90705.0
2024-05-30,38600.0,38800.0,37550.0,37750.0,96741.0
2024-05-31,37900.0,40150.0,37900.0,40150.0,107686.0
2024-06-03,40150.0,40450.0,39700.0,40400.0,66303.0
2024-06-04,39900.0,40500.0,39800.0,40100.0,51968.0
2024-06-05,39950.0,40800.0,39700.0,40500.0,75555.0
2024-06-07,40400.0,40950.0,39750.0,40100.0,102660.0
2024-06-10,39800.0,40750.0,39650.0,40200.0,47449.0
2024-06-11,40200.0,40750.0,39750.0,40150.0,58835.0
2024-06-12,39900.0,41350.0,39900.0,41000.0,87690.0
2024-06-13,41050.0,42600.0,40750.0,42200.0,218883.0
2024-06-14,41800.0,44200.0,41700.0,44150.0,202864.0
2024-06-17,43750.0,44250.0,42750.0,43300.0,65940.0
2024-06-18,43300.0,44200.0,42900.0,43600.0,55392.0
2024-06-19,44000.0,44350.0,42700.0,43950.0,88344.0
2024-06-20,43600.0,47350.0,43600.0,46850.0,268475.0
2024-06-21,46350.0,47400.0,45700.0,46350.0,122654.0
2024-06-24,46500.0,47400.0,45700.0,46750.0,139061.0
2024-06-25,47200.0,47500.0,46000.0,46650.0,128423.0
2024-06-26,46400.0,47300.0,45850.0,46100.0,100386.0
2024-06-27,44700.0,45050.0,43100.0,43200.0,96218.0
2024-06-28,43200.0,45100.0,42900.0,44250.0,77409.0
2024-07-01,43950.0,44150.0,41600.0,43000.0,67528.0
2024-07-02,42500.0,43000.0,41750.0,41950.0,50345.0
2024-07-03,41900.0,42200.0,41200.0,41450.0,59124.0
2024-07-04,41400.0,42400.0,41250.0,42350.0,42930.0
2024-07-05,42500.0,42850.0,41950.0,42250.0,56008.0
2024-07-08,41700.0,42450.0,41600.0,42050.0,21553.0
2024-07-09,42450.0,42650.0,41950.0,42250.0,17790.0
2024-07-10,42200.0,42900.0,42050.0,42300.0,24609.0
2024-07-11,42850.0,42850.0,41600.0,41600.0,75228.0
2024-07-12,42200.0,43650.0,42100.0,43050.0,89100.0
2024-07-15,44200.0,45450.0,43750.0,43950.0,138316.0
2024-07-16,44850.0,48500.0,44050.0,47950.0,514515.0
2024-07-17,47450.0,48300.0,46300.0,46900.0,138410.0
2024-07-18,46500.0,46700.0,43850.0,44250.0,218536.0
2024-07-19,44200.0,47400.0,43050.0,46000.0,286450.0
2024-07-22,46200.0,46250.0,43450.0,43900.0,195082.0
2024-07-23,43550.0,44000.0,42950.0,43250.0,66114.0
2024-07-24,42950.0,43450.0,42550.0,42950.0,64206.0
2024-07-25,43350.0,43500.0,42150.0,42200.0,107966.0
2024-07-26,42200.0,42650.0,42100.0,42500.0,80545.0
2024-07-29,42550.0,42750.0,41900.0,42000.0,105743.0
2024-07-30,41700.0,42350.0,41500.0,41600.0,94049.0
2024-07-31,42000.0,43000.0,41550.0,42650.0,59173.0
2024-08-01,42550.0,44000.0,42550.0,43500.0,66461.0
2024-08-02,43000.0,43300.0,42400.0,43100.0,41363.0
2024-08-05,41650.0,42000.0,39100.0,39750.0,213734.0
2024-08-06,40250.0,42100.0,40000.0,40700.0,119219.0
2024-08-07,40250.0,41700.0,40200.0,41000.0,60396.0
2024-08-08,41000.0,42350.0,40550.0,41450.0,100338.0
2024-08-09,41650.0,42500.0,41600.0,42150.0,46942.0
2024-08-12,42200.0,42750.0,42100.0,42500.0,35267.0
2024-08-13,42200.0,42800.0,42100.0,42100.0,37463.0
2024-08-14,42350.0,42650.0,42200.0,42450.0,26653.0
2024-08-16,43000.0,43900.0,42450.0,43200.0,97823.0
2024-08-19,43700.0,43800.0,42950.0,43350.0,55491.0
2024-08-20,43750.0,43850.0,43100.0,43200.0,43112.0
2024-08-21,43600.0,43850.0,43150.0,43850.0,43303.0
2024-08-22,43850.0,43950.0,42850.0,43100.0,82060.0
2024-08-23,43300.0,43400.0,42600.0,42900.0,37879.0
2024-08-26,42950.0,43500.0,42900.0,43400.0,38699.0
2024-08-27,43700.0,43700.0,42150.0,43100.0,56826.0
2024-08-28,42800.0,43300.0,42500.0,42750.0,35103.0
2024-08-29,43050.0,43050.0,42050.0,42400.0,40152.0
2024-08-30,42800.0,42800.0,41850.0,42000.0,43396.0
2024-09-02,41950.0,42200.0,41550.0,41950.0,43765.0
2024-09-03,41950.0,42850.0,41900.0,42650.0,28859.0
2024-09-04,42500.0,42500.0,41350.0,41700.0,56371.0
2024-09-05,41850.0,42450.0,41600.0,42050.0,25593.0
2024-09-06,42300.0,42300.0,40750.0,41600.0,54901.0
2024-09-09,41000.0,42000.0,39600.0,41900.0,29646.0
2024-09-10,41600.0,42150.0,41450.0,41700.0,22851.0
2024-09-11,42000.0,42050.0,41400.0,41900.0,28492.0
2024-09-12,42000.0,42400.0,41400.0,42100.0,77641.0
2024-09-13,42550.0,43150.0,41750.0,43150.0,60311.0
2024-09-19,43550.0,43750.0,42850.0,43450.0,62888.0
2024-09-20,43450.0,43650.0,42350.0,42350.0,44892.0
2024-09-23,42900.0,43700.0,42300.0,43200.0,83748.0
2024-09-24,43750.0,43750.0,43000.0,43600.0,37401.0
2024-09-25,44950.0,45650.0,43450.0,43550.0,110240.0
2024-09-26,44000.0,44150.0,43300.0,43750.0,74814.0
2024-09-27,43600.0,45200.0,43450.0,44150.0,87589.0
2024-09-30,44550.0,45850.0,44150.0,45500.0,129260.0
2024-10-02,45450.0,45800.0,43750.0,43750.0,70073.0
2024-10-04,43750.0,44150.0,43400.0,43800.0,31050.0
2024-10-07,43800.0,44150.0,43300.0,43800.0,40378.0
2024-10-08,43700.0,44000.0,43050.0,43050.0,48643.0
2024-10-10,43700.0,44550.0,43200.0,43550.0,96389.0
2024-10-11,44000.0,44300.0,43600.0,43900.0,171566.0
2024-10-14,43850.0,44200.0,43050.0,43500.0,58573.0
2024-10-15,43450.0,43950.0,43250.0,43900.0,46777.0
2024-10-16,43500.0,44100.0,42900.0,42900.0,67486.0
2024-10-17,43400.0,45350.0,43300.0,44100.0,117944.0
2024-10-18,44550.0,45000.0,44000.0,44750.0,96814.0
2024-10-21,45000.0,45050.0,44300.0,44550.0,50158.0
2024-10-22,43650.0,44700.0,43050.0,44200.0,89378.0
2024-10-23,44450.0,45200.0,44200.0,44500.0,68765.0
2024-10-24,44800.0,45100.0,44350.0,44900.0,52573.0
2024-10-25,44650.0,44850.0,44250.0,44600.0,45837.0
2024-10-28,44600.0,45200.0,44350.0,45200.0,33275.0
2024-10-29,45400.0,47400.0,44950.0,46700.0,194517.0
2024-10-30,47000.0,47000.0,46000.0,46700.0,47120.0
2024-10-31,46800.0,47400.0,45900.0,47300.0,80695.0
2024-11-01,46900.0,47050.0,45700.0,45900.0,66002.0
2024-11-04,45700.0,45750.0,44600.0,45500.0,83664.0
2024-11-05,45000.0,45700.0,44700.0,45650.0,48084.0
2024-11-06,45500.0,48700.0,45500.0,47400.0,231043.0
2024-11-07,46800.0,47500.0,46650.0,47400.0,84385.0
2024-11-08,47900.0,51800.0,47250.0,50800.0,528355.0
2024-11-11,50500.0,51000.0,48600.0,50200.0,216245.0
2024-11-12,49800.0,51800.0,48350.0,48950.0,177717.0
2024-11-13,48550.0,49050.0,47500.0,48100.0,137177.0
2024-11-14,48050.0,49400.0,46350.0,48250.0,230517.0
2024-11-15,49750.0,52900.0,48800.0,51700.0,453398.0
2024-11-18,51500.0,52000.0,50200.0,51100.0,158652.0
2024-11-19,50800.0,51900.0,50200.0,50500.0,93004.0
2024-11-20,50600.0,51900.0,50100.0,51700.0,100702.0
2024-11-21,52200.0,52300.0,50500.0,51600.0,93366.0
2024-11-22,51200.0,51800.0,50700.0,51000.0,56248.0
2024-11-25,51800.0,53200.0,51500.0,51800.0,145786.0
2024-11-26,51700.0,52900.0,51300.0,51700.0,96699.0
2024-11-27,54600.0,55700.0,52900.0,53800.0,556616.0
2024-11-28,53800.0,54000.0,52600.0,52900.0,116321.0
2024-11-29,53000.0,54300.0,52500.0,53400.0,126373.0
2024-12-02,54200.0,54600.0,51800.0,51900.0,150409.0
2024-12-03,52400.0,52400.0,50800.0,51500.0,88933.0
2024-12-04,51400.0,53900.0,50400.0,53300.0,296706.0
2024-12-05,52300.0,53700.0,51500.0,52400.0,141827.0
2024-12-06,52400.0,52600.0,50600.0,51700.0,230206.0
2024-12-09,51000.0,51400.0,48200.0,48600.0,255511.0
2024-12-10,49100.0,50500.0,48800.0,48850.0,110432.0
2024-12-11,49050.0,50000.0,48650.0,50000.0,60303.0
2024-12-12,50500.0,51600.0,49500.0,50400.0,313622.0
2024-12-13,51800.0,58000.0,51600.0,57100.0,900536.0
2024-12-16,57800.0,60500.0,56100.0,56700.0,373889.0
2024-12-17,57100.0,57300.0,54900.0,56700.0,244274.0
2024-12-18,56400.0,59200.0,56400.0,58500.0,264098.0
2024-12-19,58600.0,59300.0,56700.0,58700.0,254662.0
2024-12-20,58900.0,59800.0,58200.0,58900.0,161646.0
2024-12-23,58900.0,60500.0,58700.0,59100.0,232146.0
2024-12-24,59000.0,59500.0,58200.0,59500.0,152368.0
2024-12-26,59700.0,60100.0,57500.0,58600.0,284163.0
2024-12-27,55500.0,55900.0,52800.0,54000.0,372477.0
2024-12-30,53300.0,53700.0,51800.0,52400.0,190796.0
2025-01-02,52200.0,52200.0,50100.0,51100.0,284631.0
2025-01-03,50900.0,51500.0,50700.0,50800.0,165098.0
2025-01-06,51000.0,51100.0,48600.0,49100.0,387261.0
2025-01-07,49100.0,49750.0,48400.0,49200.0,218592.0
2025-01-08,48900.0,49200.0,48450.0,48700.0,181185.0
2025-01-09,48800.0,48800.0,47550.0,48100.0,362363.0
2025-01-10,48050.0,49350.0,47350.0,49100.0,245807.0
2025-01-13,49000.0,50400.0,48400.0,49100.0,334592.0
2025-01-14,49400.0,50500.0,49350.0,50200.0,178607.0
2025-01-15,50600.0,51400.0,49850.0,50200.0,121219.0
2025-01-16,50700.0,50800.0,49400.0,50300.0,142746.0
2025-01-17,49900.0,50700.0,49700.0,50500.0,128404.0
2025-01-20,50500.0,50600.0,49650.0,49800.0,91390.0
2025-01-21,49500.0,51700.0,49500.0,51000.0,377443.0
2025-01-22,50900.0,53200.0,50700.0,52700.0,253422.0
2025-01-23,53100.0,53700.0,51500.0,51700.0,177817.0
2025-01-24,52000.0,54500.0,51100.0,54000.0,275007.0
2025-01-31,53000.0,53500.0,51600.0,53000.0,180143.0
2025-02-03,51600.0,52500.0,50000.0,50200.0,172149.0
2025-02-04,50800.0,51700.0,49800.0,49900.0,179480.0
2025-02-05,49950.0,51100.0,49950.0,50600.0,101513.0
2025-02-06,51000.0,52400.0,50800.0,52000.0,111339.0
2025-02-07,51500.0,52500.0,51400.0,51400.0,72411.0
2025-02-10,52200.0,53900.0,51900.0,53200.0,208125.0
2025-02-11,52800.0,56400.0,52400.0,55100.0,289538.0
2025-02-12,55100.0,55200.0,53600.0,53700.0,99221.0
2025-02-13,54300.0,57900.0,53800.0,55700.0,341089.0
2025-02-14,55700.0,57000.0,54900.0,56200.0,144560.0
2025-02-17,56600.0,57100.0,54900.0,55700.0,125215.0
2025-02-18,55200.0,57700.0,54900.0,56100.0,200275.0
2025-02-19,56300.0,56500.0,55000.0,56100.0,120283.0
2025-02-20,55600.0,56300.0,54600.0,55200.0,156446.0
2025-02-21,55200.0,55200.0,54000.0,54500.0,104738.0
2025-02-24,53800.0,54600.0,53600.0,54500.0,78794.0
2025-02-25,54000.0,55100.0,53600.0,55000.0,98033.0
2025-02-26,55100.0,57000.0,54700.0,56600.0,173658.0
2025-02-27,56600.0,57200.0,56000.0,57100.0,112000.0
2025-02-28,56600.0,57500.0,55000.0,55000.0,149287.0
2025-03-04,55000.0,56300.0,53200.0,55700.0,80613.0
2025-03-05,56200.0,57000.0,55700.0,56600.0,110596.0
2025-03-06,56600.0,58000.0,55700.0,56400.0,133468.0
2025-03-07,55800.0,56400.0,53500.0,53700.0,206989.0
2025-03-10,53200.0,54800.0,52600.0,54400.0,97330.0
2025-03-11,53400.0,54300.0,52800.0,53200.0,79173.0
2025-03-12,53000.0,54800.0,52700.0,53300.0,119309.0
2025-03-13,53300.0,56100.0,53300.0,55300.0,213823.0
2025-03-14,55500.0,56400.0,55500.0,55500.0,71515.0
2025-03-17,56100.0,56300.0,55000.0,56100.0,80806.0
2025-03-18,56600.0,56700.0,55100.0,55600.0,65824.0
2025-03-19,55300.0,56300.0,55300.0,55900.0,65422.0
2025-03-20,55800.0,55900.0,54100.0,54200.0,96370.0
2025-03-21,54000.0,54850.0,53300.0,54400.0,131881.0
2025-03-24,54400.0,55500.0,54200.0,55100.0,61522.0
2025-03-25,54600.0,55400.0,53700.0,54700.0,73830.0
2025-03-26,55000.0,55000.0,53700.0,54100.0,50498.0
2025-03-27,53700.0,56700.0,53500.0,56400.0,176032.0
2025-03-28,56400.0,56400.0,54700.0,55200.0,71736.0
2025-03-31,54000.0,54700.0,53400.0,54100.0,78867.0
2025-04-01,55200.0,56700.0,55000.0,56000.0,141670.0
2025-04-02,56400.0,58600.0,56100.0,58100.0,219145.0
2025-04-03,56600.0,58500.0,56600.0,58200.0,150043.0
2025-04-04,58000.0,59900.0,57100.0,58400.0,193335.0
2025-04-07,55600.0,56700.0,53400.0,55700.0,197901.0
2025-04-08,56300.0,56300.0,55000.0,55000.0,86204.0
2025-04-09,54500.0,55900.0,54100.0,55000.0,78053.0
2025-04-10,56200.0,58000.0,55400.0,57400.0,153792.0
2025-04-11,56900.0,63900.0,56900.0,62800.0,621930.0
2025-04-14,62800.0,66900.0,62100.0,65600.0,510291.0
2025-04-15,67000.0,69000.0,66100.0,66700.0,373339.0
2025-04-16,66900.0,69800.0,66900.0,68600.0,318849.0
2025-04-17,68700.0,70000.0,68700.0,69400.0,189635.0
2025-04-18,69900.0,69900.0,68600.0,69400.0,166434.0
2025-04-21,68900.0,71500.0,68200.0,70100.0,167836.0
2025-04-22,69200.0,72300.0,69100.0,70500.0,192749.0
2025-04-23,71000.0,71000.0,69200.0,70100.0,155812.0
2025-04-24,69600.0,70500.0,66600.0,67300.0,275488.0
2025-04-25,68000.0,73600.0,67300.0,71900.0,196618.0
2025-04-28,71900.0,73700.0,71000.0,72000.0,164864.0
2025-04-29,72000.0,74500.0,71200.0,74100.0,156652.0
2025-04-30,73300.0,74300.0,71800.0,73900.0,141754.0
2025-05-02,72800.0,75800.0,71000.0,75000.0,204757.0
2025-05-07,76000.0,76200.0,74200.0,75000.0,226176.0
2025-05-08,74300.0,76900.0,74300.0,75500.0,181649.0
2025-05-09,75800.0,78300.0,75100.0,76700.0,166346.0
2025-05-12,77100.0,78600.0,75600.0,76300.0,156821.0
2025-05-13,75500.0,77900.0,74800.0,77500.0,158221.0
2025-05-14,78300.0,78400.0,75900.0,76900.0,112299.0
2025-05-15,76200.0,76900.0,73300.0,74300.0,275678.0
2025-05-16,74000.0,75100.0,72100.0,73100.0,194036.0
2025-05-19,73800.0,75500.0,73000.0,74400.0,123006.0
2025-05-20,75000.0,75700.0,73800.0,74400.0,131197.0
2025-05-21,74400.0,75600.0,73200.0,73500.0,104191.0
2025-05-22,73000.0,73000.0,71100.0,72000.0,263466.0
2025-05-23,72100.0,76100.0,72100.0,73900.0,160520.0
2025-05-26,74500.0,76800.0,72900.0,76400.0,140542.0
2025-05-27,75900.0,76400.0,75300.0,76100.0,69714.0
2025-05-28,76000.0,77000.0,75000.0,75600.0,119265.0
2025-05-29,76200.0,76700.0,74700.0,75000.0,290941.0
2025-05-30,74800.0,76900.0,74500.0,75900.0,94648.0
2025-06-02,75000.0,76200.0,73400.0,75600.0,152860.0
2025-06-04,79100.0,83800.0,78700.0,81300.0,487337.0
2025-06-05,81400.0,85400.0,79800.0,80600.0,366986.0
2025-06-09,80600.0,82900.0,79200.0,79500.0,221413.0
2025-06-10,79400.0,81300.0,78100.0,79800.0,224791.0
2025-06-11,79200.0,79800.0,77800.0,78600.0,235608.0
2025-06-12,83600.0,88600.0,82800.0,84300.0,1083786.0
2025-06-13,86000.0,86600.0,80400.0,81800.0,523977.0
2025-06-16,81900.0,84100.0,80500.0,83800.0,394264.0
2025-06-17,86100.0,91800.0,83900.0,91200.0,1045487.0
2025-06-18,90200.0,90300.0,85400.0,86000.0,532582.0
2025-06-19,86600.0,87000.0,85200.0,86300.0,159840.0
2025-06-20,86500.0,86600.0,84300.0,85200.0,282068.0
2025-06-23,82500.0,84100.0,82200.0,83500.0,222812.0
2025-06-24,85400.0,88000.0,84000.0,86700.0,438408.0
2025-06-25,86800.0,87300.0,83700.0,85300.0,337209.0
2025-06-26,85300.0,86200.0,83800.0,85900.0,279849.0
2025-06-27,85900.0,86000.0,83400.0,84100.0,184981.0
2025-06-30,85000.0,86700.0,84100.0,86000.0,185923.0
2025-07-01,85900.0,88400.0,85600.0,87300.0,268837.0
2025-07-02,86500.0,86650.0,81800.0,83700.0,275249.0
2025-07-03,83900.0,84400.0,82300.0,84400.0,196164.0
2025-07-04,83800.0,84000.0,78500.0,78700.0,270893.0
2025-07-07,77000.0,80400.0,77000.0,80000.0,102420.0
2025-07-08,80900.0,84000.0,80300.0,83200.0,280592.0
2025-07-09,82600.0,83800.0,80500.0,83200.0,234289.0
2025-07-10,82600.0,87800.0,82400.0,86900.0,456922.0
2025-07-11,87000.0,89700.0,86100.0,87400.0,290739.0
2025-07-14,86800.0,89400.0,85100.0,88600.0,273220.0
2025-07-15,88200.0,90500.0,88000.0,89000.0,211901.0
2025-07-16,88300.0,88600.0,86000.0,86700.0,142450.0
2025-07-17,86700.0,87400.0,85600.0,86300.0,135595.0
2025-07-18,86300.0,86700.0,83200.0,85400.0,110430.0
2025-07-21,85500.0,86700.0,84200.0,85000.0,134145.0
2025-07-22,86300.0,87700.0,84700.0,85900.0,191002.0
2025-07-23,86400.0,86400.0,82400.0,83300.0,189355.0
2025-07-24,83000.0,83400.0,81300.0,82000.0,208936.0
2025-07-25,81800.0,82400.0,81000.0,81900.0,136353.0
2025-07-28,81800.0,83200.0,80700.0,81000.0,188652.0
2025-07-29,82000.0,82200.0,79200.0,81300.0,240769.0
2025-07-30,80500.0,81800.0,80100.0,80900.0,109005.0
2025-07-31,81700.0,86300.0,81700.0,85300.0,446640.0
2025-08-01,83900.0,84600.0,82000.0,83800.0,252354.0
2025-08-04,83000.0,83000.0,78200.0,79000.0,447625.0
2025-08-05,79700.0,81300.0,79500.0,80800.0,201623.0
2025-08-06,80000.0,82500.0,79400.0,81700.0,173832.0
2025-08-07,81300.0,82700.0,80600.0,82700.0,159773.0
2025-08-08,84000.0,87400.0,83100.0,85500.0,317430.0
2025-08-11,86700.0,86700.0,84100.0,84400.0,95448.0
2025-08-12,83800.0,87100.0,83500.0,86700.0,283784.0
2025-08-13,86400.0,86800.0,82000.0,83200.0,313523.0
2025-08-14,82500.0,82500.0,80100.0,81600.0,235547.0
2025-08-18,81700.0,83700.0,80500.0,82000.0,161003.0
2025-08-19,82400.0,82400.0,80500.0,81100.0,159537.0
2025-08-20,79900.0,80300.0,78200.0,79500.0,164843.0
2025-08-21,80000.0,80100.0,78500.0,79100.0,167171.0
2025-08-22,78400.0,80200.0,78400.0,79100.0,126437.0
2025-08-25,79800.0,81400.0,79300.0,81200.0,103571.0
2025-08-26,84200.0,86000.0,78800.0,79900.0,462960.0
2025-08-27,79700.0,80300.0,78800.0,79800.0,123595.0
2025-08-28,79400.0,81000.0,78900.0,80800.0,147332.0
2025-08-29,80300.0,80300.0,78200.0,78400.0,146043.0
2025-09-01,78300.0,78300.0,77000.0,77300.0,84371.0
2025-09-02,77300.0,78100.0,76000.0,76700.0,178962.0
2025-09-03,76000.0,77500.0,76000.0,77300.0,70596.0
2025-09-04,76800.0,78900.0,76500.0,78500.0,113339.0
2025-09-05,77700.0,78700.0,77100.0,78700.0,106757.0
2025-09-08,78800.0,79000.0,78300.0,78900.0,56423.0
2025-09-09,79000.0,79600.0,78200.0,79600.0,133493.0
2025-09-10,78800.0,79600.0,78500.0,79300.0,164823.0
2025-09-11,79100.0,79800.0,78800.0,79400.0,186137.0
2025-09-12,79800.0,79900.0,78200.0,79300.0,138966.0
2025-09-15,79000.0,79400.0,77800.0,78300.0,186377.0
2025-09-16,78000.0,78400.0,77150.0,77500.0,228963.0
2025-09-17,77200.0,78300.0,76900.0,78000.0,155713.0
2025-09-18,77700.0,78400.0,77200.0,78400.0,147861.0
2025-09-19,77700.0,80500.0,77700.0,80200.0,192215.0
2025-09-22,80900.0,83000.0,80300.0,80800.0,151767.0
2025-09-23,81100.0,84300.0,81100.0,82500.0,211307.0
2025-09-24,81400.0,82400.0,80500.0,81000.0,108478.0
2025-09-25,81900.0,87000.0,81500.0,83600.0,566624.0
2025-09-26,82900.0,82900.0,80100.0,80500.0,164091.0
2025-09-29,81200.0,81500.0,79600.0,79800.0,128189.0
2025-09-30,79800.0,81400.0,78000.0,80000.0,202615.0
2025-10-01,81200.0,81600.0,78200.0,78700.0,181014.0
2025-10-02,79300.0,79400.0,77100.0,78100.0,517943.0
2025-10-10,77700.0,81900.0,77400.0,81900.0,358175.0
2025-10-13,80800.0,81600.0,79000.0,80900.0,152677.0
2025-10-14,80000.0,83100.0,79800.0,81100.0,238307.0
2025-10-15,81200.0,83800.0,81100.0,82600.0,421692.0
2025-10-16,82600.0,82900.0,80400.0,80900.0,191332.0
2025-10-17,80400.0,80500.0,78300.0,79300.0,221765.0
2025-10-20,81100.0,83400.0,79700.0,82800.0,341127.0
2025-10-21,82900.0,84500.0,82300.0,83000.0,287884.0
2025-10-22,82100.0,84400.0,80900.0,84400.0,237124.0
2025-10-23,83600.0,84900.0,82900.0,83200.0,142503.0
2025-10-24,84000.0,85700.0,83400.0,84900.0,228404.0
2025-10-27,86400.0,87300.0,85200.0,86200.0,205465.0
2025-10-28,85700.0,86900.0,84800.0,86900.0,189908.0
2025-10-29,87500.0,87600.0,80700.0,80700.0,2073491.0
2025-10-30,81300.0,81300.0,75500.0,76000.0,719158.0
2025-10-31,76300.0,76800.0,73700.0,75700.0,455116.0
2025-11-03,75900.0,76600.0,74700.0,75000.0,244963.0
2025-11-04,74500.0,75800.0,72600.0,72700.0,331563.0
2025-11-05,74000.0,74400.0,70500.0,71900.0,361952.0
2025-11-06,72800.0,73200.0,71900.0,72400.0,235260.0
2025-11-07,72000.0,72800.0,70500.0,71200.0,193776.0
2025-11-10,71400.0,75400.0,71400.0,74600.0,209596.0
2025-11-11,74400.0,75000.0,73200.0,73700.0,196291.0
2025-11-12,74000.0,78400.0,73500.0,76600.0,333977.0
2025-11-13,76600.0,83900.0,75400.0,81200.0,1409902.0
2025-11-14,83000.0,83500.0,81500.0,81800.0,420061.0
2025-11-17,82600.0,82800.0,81000.0,81900.0,196240.0
2025-11-18,81400.0,81900.0,79600.0,79600.0,237257.0
2025-11-19,80800.0,82400.0,79600.0,80700.0,306399.0
2025-11-20,80800.0,81800.0,79700.0,79700.0,250945.0
2025-11-21,78600.0,80100.0,77700.0,79100.0,259787.0
2025-11-24,80500.0,81700.0,79600.0,79600.0,319640.0
2025-11-25,81800.0,82800.0,80900.0,81500.0,278828.0
2025-11-26,82400.0,83200.0,81600.0,82000.0,278955.0
2025-11-27,81300.0,82800.0,80400.0,81200.0,177939.0
2025-11-28,83300.0,87500.0,83200.0,86800.0,795505.0
2025-12-01,90000.0,90200.0,86500.0,87700.0,393460.0
2025-12-02,88000.0,88400.0,86000.0,87300.0,342484.0
2025-12-03,88200.0,91400.0,87200.0,91400.0,466215.0
2025-12-04,91500.0,95000.0,91000.0,92300.0,448309.0
2025-12-05,92200.0,93300.0,91400.0,91900.0,283265.0
2025-12-08,93200.0,94300.0,92000.0,93100.0,265189.0
2025-12-09,93600.0,94200.0,92800.0,93600.0,276178.0
2025-12-10,93500.0,94200.0,92700.0,93000.0,175682.0
2025-12-11,93300.0,93300.0,91200.0,91200.0,324755.0
2025-12-12,91900.0,93700.0,91000.0,93500.0,211464.0
2025-12-15,93000.0,93600.0,91500.0,92500.0,177033.0
2025-12-16,93100.0,93500.0,91300.0,91300.0,466730.0
2025-12-17,92000.0,92600.0,90100.0,90500.0,198339.0
2025-12-18,89700.0,90900.0,87800.0,87800.0,260668.0
2025-12-19,89000.0,89600.0,87200.0,88700.0,405715.0
2025-12-22,90100.0,90300.0,89000.0,89200.0,202873.0
2025-12-23,89800.0,90200.0,89000.0,89600.0,208629.0
2025-12-24,90000.0,91900.0,89600.0,90400.0,337341.0
2025-12-26,92300.0,92400.0,90100.0,90900.0,591420.0
2025-12-29,88500.0,90300.0,87000.0,89500.0,464524.0
2025-12-30,89200.0,90200.0,87900.0,88300.0,270183.0
2026-01-02,88300.0,88300.0,86700.0,87800.0,315097.0
2026-01-05,86100.0,87500.0,86100.0,87000.0,229415.0
2026-01-06,87400.0,88900.0,86700.0,87000.0,228649.0
2026-01-07,87200.0,88400.0,86000.0,86700.0,181480.0
2026-01-08,86800.0,87800.0,85700.0,86200.0,202327.0
2026-01-09,87000.0,88700.0,86100.0,86800.0,131232.0
2026-01-12,87600.0,88500.0,86800.0,87600.0,134214.0
2026-01-13,88100.0,88800.0,87400.0,88300.0,141006.0
2026-01-14,88100.0,88800.0,87400.0,87800.0,166129.0
2026-01-15,87700.0,88500.0,87100.0,87700.0,158331.0
2026-01-16,88100.0,90400.0,87600.0,88900.0,187692.0
2026-01-19,89400.0,90500.0,89000.0,90400.0,222256.0
2026-01-20,90400.0,93900.0,90000.0,92600.0,384227.0
2026-01-21,91100.0,93500.0,90400.0,92500.0,340147.0
2026-01-22,92100.0,96200.0,92100.0,93300.0,275333.0
2026-01-23,94000.0,94700.0,92700.0,93600.0,223896.0
2026-01-26,93300.0,93300.0,90700.0,91000.0,215083.0
2026-01-27,90400.0,90900.0,89700.0,89800.0,218797.0
2026-01-28,90400.0,91300.0,90000.0,91000.0,218606.0
2026-01-29,90300.0,91500.0,88900.0,91300.0,288531.0
2026-01-30,90500.0,95400.0,89800.0,94400.0,456810.0
2026-02-02,93700.0,98900.0,92600.0,93600.0,346264.0
2026-02-03,94900.0,97500.0,94400.0,96800.0,253179.0
2026-02-04,96800.0,97800.0,95300.0,96200.0,247438.0
2026-02-05,95400.0,99000.0,95200.0,96200.0,260481.0
2026-02-06,95000.0,103000.0,92500.0,102200.0,613572.0
2026-02-09,103400.0,103500.0,99600.0,103400.0,377354.0
2026-02-10,104900.0,108500.0,102900.0,104100.0,436500.0
2026-02-11,110000.0,110000.0,101000.0,102600.0,654767.0
2026-02-12,102200.0,102400.0,97200.0,98400.0,837027.0
2026-02-13,99000.0,104900.0,98900.0,103300.0,600795.0
2026-02-19,107000.0,108300.0,105500.0,107900.0,334674.0
2026-02-20,108900.0,111500.0,107500.0,110200.0,375449.0
2026-02-23,112700.0,113400.0,110700.0,111700.0,414064.0
2026-02-24,111500.0,112000.0,110000.0,111100.0,342275.0
2026-02-25,111400.0,111400.0,108200.0,109000.0,593591.0
2026-02-26,100600.0,100900.0,98500.0,100500.0,902910.0
2026-02-27,99500.0,101300.0,98100.0,98700.0,449590.0
2026-03-03,95500.0,98300.0,94300.0,94600.0,449071.0
2026-03-04,89400.0,90000.0,80600.0,81600.0,545732.0
2026-03-05,87100.0,88800.0,85300.0,86000.0,393223.0
2026-03-06,83200.0,87500.0,83100.0,87000.0,372862.0
2026-03-09,82100.0,87000.0,81500.0,86200.0,312338.0
2026-03-10,88600.0,90100.0,87000.0,88900.0,297634.0
2026-03-11,90100.0,90600.0,87900.0,88400.0,258629.0
2026-03-12,88100.0,89800.0,87100.0,88100.0,182092.0
2026-03-13,86100.0,89100.0,85800.0,87900.0,189008.0
2026-03-16,89600.0,89700.0,86500.0,87000.0,186669.0
2026-03-17,87500.0,88400.0,86100.0,87100.0,145828.0
2026-03-18,87600.0,89700.0,87600.0,88500.0,206280.0
2026-03-19,86900.0,89100.0,86800.0,87400.0,180685.0
2026-03-20,87800.0,90500.0,87400.0,88800.0,1374120.0
2026-03-23,85600.0,87000.0,83500.0,84200.0,246980.0
2026-03-24,87100.0,87100.0,83600.0,86300.0,214526.0
2026-03-25,87200.0,88700.0,86400.0,88000.0,214336.0
2026-03-26,87200.0,88200.0,86500.0,86700.0,143806.0
2026-03-27,85000.0,87100.0,82900.0,87100.0,173687.0
2026-03-30,84100.0,85600.0,83000.0,85100.0,101217.0
2026-03-31,84000.0,84900.0,82800.0,83300.0,176269.0
2026-04-01,85400.0,88100.0,85200.0,87700.0,190931.0
2026-04-02,88000.0,89800.0,83900.0,84600.0,171143.0
2026-04-03,85300.0,88200.0,85300.0,86900.0,141334.0
2026-04-06,87500.0,88900.0,86700.0,88400.0,110921.0
2026-04-07,87800.0,89300.0,86500.0,87400.0,150042.0
2026-04-08,90100.0,90900.0,85700.0,88600.0,254143.0
2026-04-09,89800.0,89900.0,87700.0,89100.0,201003.0
2026-04-10,89500.0,95700.0,89300.0,94800.0,418400.0
2026-04-14,94400.0,94400.0,94400.0,94400.0,0.0
2026-04-15,96200.0,99900.0,96200.0,99600.0,400273.0
2026-04-16,99800.0,100500.0,98400.0,99500.0,189183.0
2026-04-17,99500.0,102700.0,97800.0,101800.0,313136.0
2026-04-20,100600.0,104100.0,99700.0,102200.0,235014.0
2026-04-21,102100.0,103000.0,98900.0,99700.0,214613.0
2026-04-22,99500.0,100000.0,97100.0,98000.0,232914.0
2026-04-23,99000.0,99000.0,96200.0,97000.0,219501.0
2026-04-24,96700.0,98800.0,94500.0,96300.0,234261.0
2026-04-27,96500.0,99000.0,96000.0,98600.0,135978.0
2026-04-28,98100.0,100900.0,98100.0,99400.0,180474.0
2026-04-29,99500.0,99600.0,97700.0,99000.0,112869.0
2026-04-30,98100.0,99900.0,98000.0,98700.0,145581.0
2026-05-04,99900.0,101900.0,99300.0,100100.0,231653.0
2026-05-06,99900.0,100100.0,96600.0,97000.0,254760.0
2026-05-07,98200.0,99600.0,97300.0,98600.0,262523.0
2026-05-08,98800.0,99000.0,97100.0,97900.0,142484.0
2026-05-11,97500.0,98200.0,94100.0,96500.0,288339.0
2026-05-12,96100.0,96500.0,91100.0,93700.0,326332.0
2026-05-13,93500.0,94400.0,90600.0,91400.0,183976.0
