날짜,시가,고가,저가,종가,거래량,Open,High,Low,Close,Volume
2016-04-18,23335.76203029141,23577.40453652224,22334.671647335123,22507.2734375,422540.0,,,,,
2016-04-19,22645.355170107032,22852.47732105313,22507.273736142964,22576.314453125,231399.0,,,,,
2016-04-20,22714.396597466744,22990.55947403169,22023.98940605438,22058.509765625,286953.0,,,,,
2016-04-21,22403.71124051939,22610.833378336218,22231.109459005376,22472.751953125,314069.0,,,,,
2016-04-22,22576.31563326095,23025.08031710253,22541.795272965446,22852.478515625,155098.0,,,,,
2016-04-25,22783.4384765625,22783.4384765625,22023.99052734375,22093.03125,165869.0,,,,,
2016-04-26,22127.55060478082,22714.39672066424,22023.989525507273,22541.794921875,285351.0,,,,,
2016-04-27,22231.111263736264,22369.192700156986,21920.428031789637,21989.46875,209012.0,,,,,
2016-04-28,22196.590603469485,22334.67203801673,21920.427734375,21920.427734375,198235.0,,,,,
2016-04-29,21920.42885834316,22334.673183225237,21851.38813752948,21954.94921875,177003.0,,,,,
2016-05-02,22334.671647335123,22921.517733895707,22265.630931269177,22507.2734375,346871.0,,,,,
2016-05-03,22679.879982894992,22714.40034816576,22231.115234375,22231.115234375,176815.0,,,,,
2016-05-04,22300.150550426137,22852.47626065341,22300.150550426137,22783.435546875,268493.0,,,,,
2016-05-09,22990.56327033191,22990.56327033191,21747.83012058424,22231.115234375,299577.0,,,,,
2016-05-10,21954.947043194225,22127.548828125,21885.90632922192,22127.548828125,170073.0,,,,,
2016-05-11,22231.11210200472,22265.63246241156,21782.3474167158,21954.94921875,161648.0,,,,,
2016-05-12,21851.387313579275,22093.02982731554,21747.826236263736,21989.46875,199974.0,,,,,
2016-05-13,21989.469820968698,22162.07162490095,21782.34765625,21782.34765625,178762.0,,,,,
2016-05-16,21816.868209814216,21851.388570905696,21264.542432350565,21368.103515625,215071.0,,,,,
2016-05-17,21506.181426030056,21816.864624800954,21230.018582678145,21678.783203125,160740.0,,,,,
2016-05-18,21609.7445066437,21920.427734375,21437.142713459645,21920.427734375,216264.0,,,,,
2016-05-19,21920.429443359375,22369.194140625,21678.7869140625,22093.03125,316094.0,,,,,
2016-05-20,21885.90533563893,21954.94604647691,21609.74249228702,21678.783203125,150887.0,,,,,
2016-05-23,21816.868209814216,21816.868209814216,21264.542432350565,21368.103515625,198855.0,,,,,
2016-05-24,21402.621619226094,21575.22340647792,21126.458759623176,21299.060546875,150545.0,,,,,
2016-05-25,21506.18269157719,21609.743763928283,21195.499474523906,21299.060546875,230580.0,,,,,
2016-05-26,21333.58369267451,21506.1855024858,21160.98188286323,21264.54296875,127061.0,,,,,
2016-05-27,21299.06040093402,21713.3046875,21126.458614864863,21713.3046875,171277.0,,,,,
2016-05-30,21644.26284770601,21747.823913962977,21299.05929351612,21678.783203125,134563.0,,,,,
2016-05-31,21575.224671182754,21816.8671875,21437.14323328718,21816.8671875,386689.0,,,,,
2016-06-01,21920.430591724536,22403.715675636573,21575.226960358796,22369.1953125,376849.0,,,,,
2016-06-02,22265.63115823029,22403.712591769705,22058.509007921173,22334.671875,122763.0,,,,,
2016-06-03,22093.032407407405,22645.35821759259,22093.032407407405,22369.1953125,218865.0,,,,,
2016-06-07,22127.55037459632,22714.396484375,21920.42821820384,22714.396484375,274458.0,,,,,
2016-06-08,22714.396291208788,22714.396291208788,21713.305877158553,21989.46875,416995.0,,,,,
2016-06-09,22058.510684742647,22058.510684742647,21057.420215482027,21126.4609375,470643.0,,,,,
2016-06-10,21195.50053063625,21264.54124897709,20850.29693893208,21091.939453125,181079.0,,,,,
2016-06-13,21091.94115893872,21299.06333071226,20953.85971108969,21264.54296875,261955.0,,,,,
2016-06-14,21333.583446557972,21540.705615942028,21091.940915609903,21437.14453125,203573.0,,,,,
2016-06-15,21437.144434719936,21437.144434719936,20712.216845140036,20953.859375,258763.0,,,,,
2016-06-16,20953.857350260416,20953.857350260416,20297.970546875,20712.21484375,274815.0,,,,,
2016-06-17,20712.216747470487,20712.216747470487,20332.492773766862,20470.57421875,289389.0,,,,,
2016-06-20,20539.61328125,20815.77614889706,20401.53184742647,20539.61328125,173049.0,,,,,
2016-06-21,20401.5311042444,20815.775390625,19952.76646066542,20815.775390625,246526.0,,,,,
2016-06-22,20815.77591796875,20850.296276041667,20539.61305338542,20712.21484375,150953.0,,,,,
2016-06-23,20643.17507391925,21230.021188060768,20539.6139949531,21160.98046875,213445.0,,,,,
2016-06-24,21160.978034704774,21264.539101758794,20125.367364164573,20608.65234375,235809.0,,,,,
2016-06-27,20159.890625,20297.972067636987,19814.687018407534,20159.890625,208252.0,,,,,
2016-06-28,19711.122529671167,19952.765012521777,19642.08182028528,19814.68359375,224434.0,,,,,
2016-06-29,19987.289645422385,20401.53399040523,19987.289645422385,20125.37109375,128039.0,,,,,
2016-06-30,20194.412109375,20263.452834535256,19607.565945512823,20194.412109375,278263.0,,,,,
2016-07-01,20401.530296073055,20953.855989367756,20367.009940242137,20850.294921875,374809.0,,,,,
2016-07-04,20884.819991348573,20884.819991348573,20401.534900639683,20574.13671875,249249.0,,,,,
2016-07-05,20574.13525223976,20746.737058047143,19987.28911249467,20228.931640625,334210.0,,,,,
2016-07-06,20021.809016984906,20056.329377359016,19331.401809502662,19434.962890625,436711.0,,,,,
2016-07-07,19538.524080643416,20090.84984970754,19538.524080643416,19918.248046875,218482.0,,,,,
2016-07-08,19952.765625,20056.326692257782,19745.64349048443,19952.765625,158140.0,,,,,
2016-07-11,19952.765012521777,19987.28536721472,19711.122529671167,19814.68359375,184536.0,,,,,
2016-07-12,19814.68812099359,20194.412109375,19573.045582932693,20194.412109375,283794.0,,,,,
2016-07-13,20228.928516918462,20850.294921875,20228.928516918462,20850.294921875,367312.0,,,,,
2016-07-14,20988.37954361874,21437.144237807956,20608.65557161248,21368.103515625,519797.0,,,,,
2016-07-15,21333.583984375,21333.583984375,21022.900722466624,21333.583984375,322747.0,,,,,
2016-07-18,21333.58196731792,21506.183763170007,20815.77657976166,21091.939453125,321816.0,,,,,
2016-07-19,21091.938782552083,21160.97949869792,20574.133411458333,20712.21484375,239932.0,,,,,
2016-07-20,20712.21484375,20988.377708333333,20505.0926953125,20712.21484375,269256.0,,,,,
2016-07-21,20746.735968512457,20746.735968512457,20401.532375026392,20436.052734375,264365.0,,,,,
2016-07-22,20470.573977058943,20746.736863764632,20436.053616220735,20643.17578125,305266.0,,,,,
2016-07-25,20746.734071760227,20815.77478414545,20574.132290797163,20677.693359375,142008.0,,,,,
2016-07-26,20712.21341080402,20712.21341080402,20505.091276695977,20608.65234375,122058.0,,,,,
2016-07-27,20608.653998161764,20643.17435661765,20505.09292279412,20539.61328125,120794.0,,,,,
2016-07-28,20539.611632380653,20850.294833542714,20505.091276695977,20608.65234375,236475.0,,,,,
2016-07-29,20505.0916615099,20919.3359375,20367.010236179867,20919.3359375,243524.0,,,,,
2016-08-01,21091.9414875,21954.95055,21057.421125,21575.2265625,484148.0,,,,,
2016-08-02,21678.786043473978,22196.59144260154,21368.102803997437,21885.908203125,315175.0,,,,,
2016-08-03,21506.183658854166,21954.94832589286,21264.541145833333,21747.826171875,277790.0,,,,,
2016-08-04,21954.948390894817,22023.98910910518,21747.826236263736,21989.46875,159034.0,,,,,
2016-08-05,21851.38843003037,22265.632760457484,21713.30698655466,22023.990234375,210962.0,,,,,
2016-08-08,21954.94777835736,22921.51780633536,21920.42742021529,22748.916015625,533768.0,,,,,
2016-08-09,22783.437738549615,22886.99881917939,22334.67305582061,22610.8359375,208758.0,,,,,
2016-08-10,22610.836861433385,23059.6015625,22403.71469171033,23059.6015625,237820.0,,,,,
2016-08-11,22921.51697443182,22921.51697443182,22541.79304865057,22783.435546875,170474.0,,,,,
2016-08-12,22886.99622875864,23059.598010272657,22403.71124051939,22472.751953125,215732.0,,,,,
2016-08-16,22369.19246495327,22438.233182437696,22023.988877531152,22162.0703125,340555.0,,,,,
2016-08-17,22196.593496817128,22541.79712818287,22093.032407407405,22369.1953125,155292.0,,,,,
2016-08-18,22403.713776240456,22748.917378339695,22231.111975190837,22610.8359375,135942.0,,,,,
2016-08-19,22645.355505952382,22679.875864955357,21540.704017857144,21747.826171875,292133.0,,,,,
2016-08-22,21747.82504471383,21747.82504471383,20953.856828795702,21713.3046875,356802.0,,,,,
2016-08-23,21678.78433028617,21816.865759141492,21402.621472575516,21713.3046875,276475.0,,,,,
2016-08-24,21713.304912860574,21747.82527043269,21471.66240985577,21540.703125,133022.0,,,,,
2016-08-25,21644.264931366823,22162.0703125,21471.663137655763,22162.0703125,172596.0,,,,,
2016-08-26,22093.029527559054,22127.549886195862,21747.825941190946,21920.427734375,193651.0,,,,,
2016-08-29,21989.46835877771,22610.834811616016,21609.74441537653,22576.314453125,277176.0,,,,,
2016-08-30,22783.438669535928,23163.16264736153,22714.39794629491,23059.6015625,256395.0,,,,,
2016-08-31,23266.72100360577,23335.76171875,22990.558143028848,23335.76171875,402288.0,,,,,
2016-09-01,23542.88570705935,24095.21147144784,23404.80426596223,23991.650390625,459126.0,,,,,
2016-09-02,24129.734633915705,24164.254998198845,23542.888441102303,23957.1328125,238702.0,,,,,
2016-09-05,24164.25269396552,25027.26171875,24060.69161099138,25027.26171875,327303.0,,,,,
2016-09-06,24958.221336427112,25337.9453125,24336.85483012602,25337.9453125,349871.0,,,,,
2016-09-07,25337.94546547203,25337.94546547203,24647.53823208042,24682.05859375,260818.0,,,,,
2016-09-08,24682.058349609375,25061.782324218748,24613.01762695313,24854.66015625,183848.0,,,,,
2016-09-09,24785.61658569678,24889.17765778186,24371.37229735644,24647.53515625,133007.0,,,,,
2016-09-12,24060.68937401798,25096.300107476432,24060.68937401798,24716.576171875,223839.0,,,,,
2016-09-13,24716.57771205357,24889.17951171875,24026.17051339286,24164.251953125,479000.0,,,,,
2016-09-19,23715.487215909092,24164.251893939396,23715.487215909092,23922.609375,361486.0,,,,,
2016-09-20,24095.211922223192,24785.619140625,24026.17120038301,24785.619140625,292595.0,,,,,
2016-09-21,24682.058250708214,24682.058250708214,24198.77319405099,24371.375,261309.0,,,,,
2016-09-22,24267.812268273305,24474.93442134534,24129.73083289195,24440.4140625,176684.0,,,,,
2016-09-23,24509.45387620192,24509.45387620192,24095.20958533654,24233.291015625,177366.0,,,,,
2016-09-26,23888.08954936594,24198.77279495018,23750.008106884055,23819.048828125,229844.0,,,,,
2016-09-27,23680.96697091584,24405.89453125,23542.885530852192,24405.89453125,179972.0,,,,,
2016-09-28,24440.413309619413,25234.381538604222,24198.770805145778,24716.576171875,401872.0,,,,,
2016-09-29,25027.259538206337,25441.503834011128,24889.178106271404,25199.861328125,232549.0,,,,,
2016-09-30,25199.8635237069,25234.383884698276,24785.619191810347,25027.26171875,243329.0,,,,,
2016-10-04,25337.9412753435,25890.266970718832,25234.38020746062,25752.185546875,559473.0,,,,,
2016-10-05,25268.902436886397,25683.146739130436,24060.689888674617,24613.015625,495917.0,,,,,
2016-10-06,24716.57556838132,25027.25878083304,24267.81092817328,24578.494140625,233172.0,,,,,
2016-10-07,24992.740530303032,24992.740530303032,23819.048295454548,23922.609375,346479.0,,,,,
2016-10-10,23922.609375,25130.82196969697,23922.609375,25061.78125,179232.0,,,,,
2016-10-11,25061.78019339139,25268.90234375,24682.05625106728,25268.90234375,194891.0,,,,,
2016-10-12,24992.740356114497,25545.066109840784,24992.740356114497,25476.025390625,246050.0,,,,,
2016-10-13,25890.270006334456,26787.799366554053,24958.220286106414,25545.06640625,1487095.0,,,,,
2016-10-14,25717.667072796856,26097.391016153582,24958.219186083392,25510.544921875,1999109.0,,,,,
2016-10-17,25545.06362812078,25752.185765646085,25096.298996815956,25579.583984375,589783.0,,,,,
2016-10-18,25648.630805791327,25786.71226369599,24923.70315179184,25165.345703125,402911.0,,,,,
2016-10-19,25165.341268570697,25372.463418929303,24716.576609460382,25268.90234375,437182.0,,,,,
2016-10-20,25096.3002541738,25372.463118043663,24716.576316352737,25199.861328125,460432.0,,,,,
2016-10-21,25372.4634879271,25821.228148257786,24992.73954457037,25510.544921875,198458.0,,,,,
2016-10-24,25061.77774234694,25545.062712585033,25061.77774234694,25372.4609375,364564.0,,,,,
2016-10-25,25234.381985356897,25683.14664446721,24992.73947660519,25268.90234375,355187.0,,,,,
2016-10-26,25027.260707557623,25165.34214594415,24095.210998448583,24336.853515625,456566.0,,,,,
2016-10-27,24336.85530688881,25096.30327391229,24060.692409789364,24992.7421875,288752.0,,,,,
2016-10-28,25130.81918414718,25510.54310039116,24889.17669199192,25096.298828125,270512.0,,,,,
2016-10-31,24992.740651520508,25337.944251679633,24198.77237115453,24405.89453125,424613.0,,,,,
2016-11-01,24474.935942887932,25061.78207974138,24474.935942887932,25027.26171875,319950.0,,,,,
2016-11-02,24992.74214391562,25130.823592224548,24578.497798988843,24751.099609375,326486.0,,,,,
2016-11-03,24923.699868903477,25337.94418805423,24647.536989469645,25303.423828125,227535.0,,,,,
2016-11-04,25372.46672102549,25406.987083911237,24716.579826196255,24889.181640625,214681.0,,,,,
2016-11-07,25268.902546065736,26166.431871472443,25130.82111138778,25993.830078125,491240.0,,,,,
2016-11-08,26062.872802734375,26062.872802734375,24820.139794921874,24854.66015625,317215.0,,,,,
2016-11-09,24854.65986246518,25268.90419350627,24509.45625326428,24785.619140625,409389.0,,,,,
2016-11-10,25234.379517431975,25648.623777636058,24889.175967261905,25372.4609375,524850.0,,,,,
2016-11-11,25372.4622265625,26097.38971875,25372.4622265625,25890.267578125,684803.0,,,,,
2016-11-14,25890.27060231855,26097.3927671371,25441.50591187836,25683.1484375,272472.0,,,,,
2016-11-15,25890.268865231737,25890.268865231737,25165.341337005244,25510.544921875,262566.0,,,,,
2016-11-16,25337.94352709487,25510.545322238573,24923.69921875,24923.69921875,290533.0,,,,,
2016-11-17,24923.69885168303,24958.21921020337,24509.454549438993,24613.015625,330905.0,,,,,
2016-11-18,24613.015987491344,25027.26029583622,24613.015987491344,24923.69921875,258818.0,,,,,
2016-11-21,24958.21860124295,24958.21860124295,24405.892878393868,24474.93359375,524454.0,,,,,
2016-11-22,24543.973621619803,25061.77897228689,24095.208984375,24095.208984375,448428.0,,,,,
2016-11-23,24198.772310389664,25545.066347629603,24198.772310389664,25303.423828125,505146.0,,,,,
2016-11-24,25337.942074495822,25614.1049308936,24613.014576451667,24820.13671875,259786.0,,,,,
2016-11-25,25027.261011536422,25199.86281161598,24302.333451202263,24405.89453125,278865.0,,,,,
2016-11-28,24233.293314873416,24820.139449279184,24198.77295402602,24543.9765625,241161.0,,,,,
2016-11-29,24233.29365234375,24854.66015625,24233.29365234375,24854.66015625,285427.0,,,,,
2016-11-30,24889.17780949519,25130.8203125,24164.25030048077,25130.8203125,1419505.0,,,,,
2016-12-01,25130.819932197493,25199.86064629694,24613.014576451667,24820.13671875,253179.0,,,,,
2016-12-02,24647.538523143307,24992.74214391562,24613.018161066073,24751.099609375,140316.0,,,,,
2016-12-05,24751.09897308782,24923.70077903683,24302.334277620397,24371.375,182712.0,,,,,
2016-12-06,24647.5375921076,24647.5375921076,24233.29326282848,24302.333984375,257966.0,,,,,
2016-12-07,24474.934954011525,24509.455313608156,24164.251717641844,24336.853515625,203833.0,,,,,
2016-12-08,24578.49697510446,24785.619140625,24302.334087743733,24785.619140625,446217.0,,,,,
2016-12-09,24474.93351862981,24682.0556640625,24164.25030048077,24233.291015625,409328.0,,,,,
2016-12-12,24233.29010641164,24302.33081896552,23853.566187365304,24026.16796875,370824.0,,,,,
2016-12-13,24233.292912544963,24371.374353642088,23819.0485892536,23991.650390625,324495.0,,,,,
2016-12-14,24233.292436835105,24578.49603280142,23991.64991965869,24336.853515625,317491.0,,,,,
2016-12-15,24198.775362481985,24405.89754818083,23542.888441102303,23957.1328125,313124.0,,,,,
2016-12-16,24095.211766947632,24095.211766947632,23784.52852066894,24060.69140625,202334.0,,,,,
2016-12-19,24164.251953125,24198.77231305804,23922.609433593752,24164.251953125,120789.0,,,,,
2016-12-20,24302.33112464183,24440.412551486388,24095.208984375,24095.208984375,174387.0,,,,,
2016-12-21,24060.68881934965,24233.29060428042,22093.028471138845,22127.548828125,968905.0,,,,,
2016-12-22,22300.150760135133,22403.71183177663,21437.141829789347,21713.3046875,1010393.0,,,,,
2016-12-23,21747.82758812204,21954.949755627964,21644.266504369076,21851.388671875,333997.0,,,,,
2016-12-26,21885.907442562304,22265.631388726637,21885.907442562304,22162.0703125,202084.0,,,,,
2016-12-27,22196.592333984376,22231.1126953125,21816.868359375,22093.03125,252616.0,,,,,
2016-12-28,22597.60192890501,22994.051085552463,22417.39776679253,22669.68359375,242751.0,,,,,
2016-12-29,22777.80431547619,22849.88597470238,22453.436848958332,22705.72265625,181888.0,,,,,
2017-01-02,22705.72616997569,22741.767005166126,22165.11364211913,22237.1953125,230088.0,,,,,
2017-01-03,22237.19280588355,22561.560286034204,21948.86615686075,22129.0703125,359880.0,,,,,
2017-01-04,22165.111112819883,22885.927734375,22165.111112819883,22885.927734375,447890.0,,,,,
2017-01-05,22994.05151139019,23174.255676839955,22849.888179030375,23138.21484375,479812.0,,,,,
2017-01-06,23174.25512580692,23282.37762250587,22958.010132409036,23030.091796875,353997.0,,,,,
2017-01-09,23174.255247664947,23174.255247664947,22525.52026406002,22669.68359375,219385.0,,,,,
2017-01-10,22489.479921497583,22885.92908678039,22201.15325583736,22381.357421875,340745.0,,,,,
2017-01-11,22381.357421875,22705.724920742752,22165.11242262983,22381.357421875,261212.0,,,,,
2017-01-12,22561.55848577236,22633.64014227642,22056.9868902439,22165.109375,329027.0,,,,,
2017-01-13,22165.10892669041,22453.435546875,21984.90478907504,22453.435546875,314836.0,,,,,
2017-01-16,22453.43890498992,22597.602236643143,22273.234740423388,22345.31640625,229518.0,,,,,
2017-01-17,22345.316770498393,22525.520938002413,22201.153436495177,22417.3984375,244249.0,,,,,
2017-01-18,22525.519218153622,23678.82580212309,22489.47838740458,23606.744140625,579032.0,,,,,
2017-01-19,23426.540503943692,23606.744661666336,22489.478883785945,22561.560546875,436013.0,,,,,
2017-01-20,22669.683716806343,22921.96954513328,22237.193725388737,22309.275390625,286656.0,,,,,
2017-01-23,22345.316101947537,22669.68359375,22309.27526952504,22669.68359375,165827.0,,,,,
2017-01-24,22849.88597470238,22849.88597470238,22525.518508184523,22705.72265625,215785.0,,,,,
2017-01-25,22885.92803077576,22885.92803077576,22309.2747260633,22561.560546875,192744.0,,,,,
2017-01-26,22633.641948289904,22633.641948289904,22093.029481372152,22129.0703125,367199.0,,,,,
2017-01-31,21984.910681841775,22093.033193391817,21588.46147282496,21696.583984375,407340.0,,,,,
2017-02-01,21552.417485303216,21876.784972540223,21408.254157642325,21840.744140625,406711.0,,,,,
2017-02-02,21624.496843956953,22237.1909212024,21624.496843956953,21768.66015625,397550.0,,,,,
2017-02-03,21948.867825192232,22958.01117347693,21948.867825192232,22849.888671875,816498.0,,,,,
2017-02-06,23066.13251155624,23714.86748844376,22705.724191063175,23390.5,489410.0,,,,,
2017-02-07,23606.744942280784,24291.52074976679,23462.581614388993,24147.357421875,532316.0,,,,,
2017-02-08,24183.3984375,24399.64343097988,23750.90845054024,24183.3984375,505721.0,,,,,
2017-02-09,23822.99041729607,24111.317078927495,23498.622922960727,23859.03125,321972.0,,,,,
2017-02-10,24147.359012443863,24147.359012443863,23822.99150332148,24075.27734375,208157.0,,,,,
2017-02-13,24111.316955566406,24363.602783203125,23859.031127929688,24219.439453125,225288.0,,,,,
2017-02-14,24399.64481069254,24399.64481069254,23534.664787861493,23678.828125,316075.0,,,,,
2017-02-15,23678.82580212309,23931.111617366412,23534.662479126902,23606.744140625,208870.0,,,,,
2017-02-16,23390.501509375,23606.746515625,22129.07230625,22525.521484375,1111194.0,,,,,
2017-02-17,22525.520807580106,22849.888307209258,22309.275807827336,22777.806640625,362503.0,,,,,
2017-02-20,22525.521484375,22777.807325,22345.317312500003,22525.521484375,210040.0,,,,,
2017-02-21,22705.725155509477,23210.29682563191,22633.64348834913,22813.84765625,386841.0,,,,,
2017-02-22,22849.88939434757,23138.21607440243,22813.848559340713,22994.052734375,384769.0,,,,,
2017-02-23,23138.214293573943,23282.37762250587,22741.76513901115,23030.091796875,418966.0,,,,,
2017-02-24,23066.131782945737,23895.070893895347,22921.968459302323,23246.3359375,365947.0,,,,,
2017-02-27,23498.622126159196,23642.785452086555,22958.009653931607,23318.41796875,215325.0,,,,,
2017-02-28,23318.420102719905,23534.66511140046,23174.256763599536,23354.4609375,322895.0,,,,,
2017-03-02,23714.86748844376,24147.35747303544,23318.418335901388,23390.5,458945.0,,,,,
2017-03-03,23354.459949171687,24111.31744752447,23282.378282661895,23931.11328125,394295.0,,,,,
2017-03-06,24003.19346655869,24039.23429758956,23318.41767697218,23642.78515625,341290.0,,,,,
2017-03-07,23714.866632872137,23895.070786617365,23498.621648377863,23606.744140625,184321.0,,,,,
2017-03-08,23426.541876940995,23859.031880822982,23102.174374029502,23210.296875,420862.0,,,,,
2017-03-09,23174.254275678293,23570.703415697673,23102.172613856583,23246.3359375,394690.0,,,,,
2017-03-10,23102.172690786967,23822.989311404344,23102.172690786967,23642.78515625,314483.0,,,,,
2017-03-13,23426.540463195517,23678.826283568393,23210.295474304483,23318.41796875,287774.0,,,,,
2017-03-14,23318.41648615057,24183.396386718752,23318.41648615057,23786.947265625,517010.0,,,,,
2017-03-15,23786.95080974544,23859.03247886588,23390.501629583017,23714.869140625,223074.0,,,,,
2017-03-16,23786.949338942308,24111.316829927884,23426.541015625,23426.541015625,338295.0,,,,,
2017-03-17,23498.623639264264,24003.1953125,23462.582805461712,24003.1953125,334947.0,,,,,
2017-03-20,23967.154296875,24075.276797462408,23678.82762864192,23967.154296875,205315.0,,,,,
2017-03-21,24255.48180700231,24255.48180700231,23318.420102719905,23354.4609375,533427.0,,,,,
2017-03-22,23354.458615518575,23498.62194030573,23030.091134747483,23282.376953125,299574.0,,,,,
2017-03-23,23390.50078242658,24075.276614269576,23246.337449407,23931.11328125,241980.0,,,,,
2017-03-24,24111.31786027511,24507.76703286558,24039.236192531385,24399.64453125,320612.0,,,,,
2017-03-27,24507.765440905743,24507.765440905743,24183.397957129047,24471.724609375,243408.0,,,,,
2017-03-28,24651.929443359375,24651.929443359375,24183.39862060547,24219.439453125,139410.0,,,,,
2017-03-29,24399.64239321376,24399.64239321376,23859.029932507397,24363.6015625,226435.0,,,,,
2017-03-30,24363.600726264664,24579.845703125,24291.519067311216,24579.845703125,192447.0,,,,,
2017-03-31,24615.88980189732,25264.624818638393,24399.644796316963,25228.583984375,409974.0,,,,,
2017-04-03,25444.827942154257,25661.072938829788,25084.419614361705,25408.787109375,324725.0,,,,,
2017-04-04,25408.787605362268,25444.828438845052,24760.052602672167,25120.4609375,154887.0,,,,,
2017-04-05,25192.543107651487,25192.543107651487,24724.01226301705,24832.134765625,387078.0,,,,,
2017-04-06,24832.13458393895,24976.297919694767,24615.889580305233,24796.09375,317679.0,,,,,
2017-04-07,24687.96911958697,24976.29576623908,24435.683303766375,24760.05078125,231690.0,,,,,
2017-04-10,24507.767758810573,25012.339447962557,24507.767758810573,24543.80859375,160679.0,,,,,
2017-04-11,24507.76653740876,24904.21570198449,24435.684871122263,24687.970703125,159315.0,,,,,
2017-04-12,24507.76779263006,24976.29864748916,24291.522782695087,24940.2578125,249492.0,,,,,
2017-04-13,25048.37914106701,25552.950807217996,24940.25664117751,25480.869140625,277129.0,,,,,
2017-04-14,24940.253719699707,25228.580352297395,24868.17206155029,24904.212890625,112455.0,,,,,
2017-04-17,24904.2147971164,25949.39892029494,24904.2147971164,25661.072265625,229724.0,,,,,
2017-04-18,25949.400712025315,25949.400712025315,25408.788197191458,25625.033203125,145574.0,,,,,
2017-04-19,25336.705807439,25697.114140403995,25336.705807439,25480.869140625,178783.0,,,,,
2017-04-20,25408.78788248698,26237.727061631944,25300.665380859376,25949.400390625,209260.0,,,,,
2017-04-21,25913.359918737016,26309.809096909627,25805.237415599033,26021.482421875,120897.0,,,,,
2017-04-24,25661.07233316044,26309.807307875173,25588.99066930325,26057.521484375,177922.0,,,,,
2017-04-25,25805.236692635794,26129.604192962222,25805.236692635794,25877.318359375,204683.0,,,,,
2017-04-26,25877.31612147524,26309.806084508255,25841.27529122249,26201.68359375,142299.0,,,,,
2017-04-27,26093.559717465756,26381.886344178085,25805.233090753427,26309.8046875,194479.0,,,,,
2017-04-28,25949.39905483651,26562.09319918682,25949.39905483651,26453.970703125,287180.0,,,,,
2017-05-02,26634.17390885417,27282.90886197917,26562.09224739583,27030.623046875,286880.0,,,,,
2017-05-04,27210.829532704454,27499.15620324967,26706.257859250338,27102.70703125,194548.0,,,,,
2017-05-08,27174.78644977825,27463.11309646025,26778.337310590505,27427.072265625,215510.0,,,,,
2017-05-10,28003.72432598039,28724.54091094771,27427.071058006535,27571.234375,570915.0,,,,,
2017-05-11,27607.274265008225,27967.682545230266,27066.661844675164,27391.029296875,513256.0,,,,,
2017-05-12,27391.034211189515,27427.075045677924,26706.25835590978,26814.380859375,381089.0,,,,,
2017-05-15,26958.542048704578,27282.909533247817,26706.25622739317,26778.337890625,342491.0,,,,,
2017-05-16,26922.502681320737,27210.82934992926,26886.461847744675,27066.666015625,332358.0,,,,,
2017-05-17,26814.379334544257,27282.910156250004,26706.256837227545,27282.91015625,240865.0,,,,,
2017-05-18,27030.622776930897,27282.908589515584,26309.80616954607,26598.1328125,276077.0,,,,,
2017-05-19,26922.5040573058,27210.83074065044,26526.05486770692,26562.095703125,234259.0,,,,,
2017-05-22,26850.41740808204,26922.4990655534,26381.886634518192,26742.294921875,203107.0,,,,,
2017-05-23,26742.298152745327,27499.155647634347,26706.257319655375,26994.583984375,201407.0,,,,,
2017-05-24,27066.66313306384,27354.989770965985,26814.377324899466,26886.458984375,163795.0,,,,,
2017-05-25,26958.54369597739,27246.87036652261,26958.54369597739,27102.70703125,173078.0,,,,,
2017-05-26,26994.581286703014,27246.867093120803,26706.25465079698,26850.41796875,269666.0,,,,,
2017-05-29,26994.584529795546,27246.87036652261,26958.54369597739,27102.70703125,200047.0,,,,,
2017-05-30,27030.623152449323,27318.949799408783,26526.05152027027,26670.21484375,257153.0,,,,,
2017-05-31,26670.215645695363,27607.277276490066,26670.215645695363,27210.828125,573316.0,,,,,
2017-06-01,27174.786632627955,27679.358267716536,27030.62330831693,27463.11328125,233072.0,,,,,
2017-06-02,27210.828318329633,28472.257445669416,27210.828318329633,28400.17578125,310349.0,,,,,
2017-06-05,28760.58279149328,28796.62362205906,27895.602857914535,28147.888671875,142831.0,,,,,
2017-06-07,27751.44164102462,28400.17664042519,27607.27830782449,28183.931640625,251308.0,,,,,
2017-06-08,28436.21908052885,28436.21908052885,27607.279867788464,28111.8515625,395603.0,,,,,
2017-06-09,27967.685849902216,28075.808346744623,27535.195862532597,27643.318359375,296551.0,,,,,
2017-06-12,27751.439169809048,28111.84747071566,27571.235019355743,28075.806640625,152420.0,,,,,
2017-06-13,28183.933262879265,28508.30078125,27787.48407375948,28508.30078125,235527.0,,,,,
2017-06-14,28147.892605251734,28904.75015289615,28147.892605251734,28544.341796875,209652.0,,,,,
2017-06-15,28219.971437718392,28868.706413298125,28219.971437718392,28364.134765625,140408.0,,,,,
2017-06-16,28292.053101671696,28472.25726155496,27823.522285975225,28364.134765625,197322.0,,,,,
2017-06-19,28003.724980443676,28292.051621168965,27895.602490171692,28075.806640625,96918.0,,,,,
2017-06-20,27895.601838235296,27895.601838235296,27571.234375,27571.234375,119806.0,,,,,
2017-06-21,27571.234749392595,27895.60221703251,26742.295665423928,26886.458984375,266887.0,,,,,
2017-06-22,26922.50343964181,27607.279296875,26778.340101276925,27607.279296875,315374.0,,,,,
2017-06-23,27787.484554626782,27823.525390625,27210.831178655277,27823.525390625,197866.0,,,,,
2017-06-26,27967.68603515625,27967.68603515625,27463.114379882812,27679.359375,79236.0,,,,,
2017-06-27,27607.278933859623,27895.605606798104,27354.99309503845,27535.197265625,121990.0,,,,,
2017-06-28,27679.362046632123,28039.770406614312,27391.03535864637,27823.525390625,139981.0,,,,,
2017-06-29,27823.520461309523,28760.58203125,27751.438802083332,28760.58203125,162085.0,,,,,
2017-06-30,28544.33892550826,28760.58391736817,28183.93060574174,28364.134765625,206094.0,,,,,
2017-07-03,28364.135372776214,28904.747863998124,28256.012874531832,28868.70703125,241414.0,,,,,
2017-07-04,29048.914766505004,29193.07811522215,28508.302208815705,28796.62890625,145610.0,,,,,
2017-07-05,28544.340750470517,29084.953264683973,28544.340750470517,28724.544921875,163861.0,,,,,
2017-07-06,28616.420720990423,29193.07403526731,28472.2573924212,29157.033203125,193104.0,,,,,
2017-07-07,28724.546078330593,30382.424521998353,28724.546078330593,30130.138671875,295031.0,,,,,
2017-07-10,30202.217182124423,31679.89129246703,30130.135518205276,31427.60546875,224266.0,,,,,
2017-07-11,31571.766741071428,32652.991629464286,31535.725911458332,31788.01171875,340756.0,,,,,
2017-07-12,31715.9318246311,32292.585130533484,31607.8093297744,31751.97265625,289252.0,,,,,
2017-07-13,31932.175944727423,32905.278371936954,31751.971791540476,32725.07421875,312279.0,,,,,
2017-07-14,32508.831483766684,32689.035649419493,31824.05565428601,32400.708984375,204884.0,,,,,
2017-07-17,32797.15747016419,33337.76995593612,32292.58581677704,32652.994140625,199368.0,,,,,
2017-07-18,32652.995317760942,32652.995317760942,31860.09697671156,32112.3828125,267925.0,,,,,
2017-07-19,32328.623694259128,33085.48110516152,31896.13374517205,32076.337890625,325854.0,,,,,
2017-07-20,32004.262956023755,32400.712159307834,31751.97709938843,31860.099609375,229508.0,,,,,
2017-07-21,31860.10016983696,33157.5703125,31788.018495244567,33157.5703125,203613.0,,,,,
2017-07-24,33337.77449898098,33337.77449898098,32328.631054687503,33157.5703125,308089.0,,,,,
2017-07-25,33157.5703125,33445.897010869565,32869.243614130435,33157.5703125,275895.0,,,,,
2017-07-26,33409.85218131188,33734.21967821782,32761.1171875,32761.1171875,267117.0,,,,,
2017-07-27,32905.27990999191,33481.933227144014,32508.83075444984,33409.8515625,182942.0,,,,,
2017-07-28,32869.23486486487,33842.33721283784,32869.23486486487,33337.765625,209778.0,,,,,
2017-07-31,33373.80917022302,33914.421629783865,32725.074218750004,32725.07421875,245390.0,,,,,
2017-08-01,32508.827799479168,35608.33909743394,32508.827799479168,35464.17578125,424308.0,,,,,
2017-08-02,35175.854745370365,35247.936414930555,34310.874710648146,35031.69140625,229421.0,,,,,
2017-08-03,34671.27882570876,35392.09543331186,34671.27882570876,34959.60546875,166471.0,,,,,
2017-08-04,34743.359653141364,35320.01292539267,34310.86969895288,34418.9921875,151949.0,,,,,
2017-08-07,34418.99578173625,35103.77161404305,34418.99578173625,34743.36328125,128604.0,,,,,
2017-08-08,34527.1163755965,34923.56551978393,33662.1364246421,33986.50390625,202222.0,,,,,
2017-08-09,33554.01436241501,34815.443473784,33554.01436241501,34455.03515625,193051.0,,,,,
2017-08-10,34022.54287245445,34635.23697079314,32148.41974812433,33626.09375,589372.0,,,,,
2017-08-11,32508.83003791983,33481.93248916577,32148.42172264355,33265.6875,386527.0,,,,,
2017-08-14,33229.64453125,33806.29779860358,32508.827947058024,33229.64453125,160116.0,,,,,
2017-08-16,32941.32253034952,34094.62922725454,32941.32253034952,33770.26171875,259314.0,,,,,
2017-08-17,33481.93579306723,34527.1200105042,33265.690782563026,34310.875,198199.0,,,,,
2017-08-18,33806.30295230263,34491.07881167763,33806.30295230263,34238.79296875,464940.0,,,,,
2017-08-21,34238.78774911876,34274.82857832836,32833.19540994441,33229.64453125,293284.0,,,,,
2017-08-22,32977.36509665465,33986.50850944845,32977.36509665465,33734.22265625,154128.0,,,,,
2017-08-23,33590.0546875,33770.258843548814,33229.64637540236,33590.0546875,172231.0,,,,,
2017-08-24,33229.64863159938,35175.853649068325,33229.64863159938,34815.4453125,209794.0,,,,,
2017-08-25,34815.44433394857,35824.58764797607,34455.036007510185,35392.09765625,251528.0,,,,,
2017-08-28,34851.48280508307,35247.931937302215,34022.54371044304,34166.70703125,253806.0,,,,,
2017-08-29,34166.7112993421,34382.956307565786,33409.85377055921,34238.79296875,207213.0,,,,,
2017-08-30,34310.872434701494,34310.872434701494,33590.05578691365,33806.30078125,99669.0,,,,,
2017-08-31,33481.93071056547,33626.094029017855,32941.318266369046,33301.7265625,286496.0,,,,,
2017-09-01,33085.4855559593,33265.68972565407,32436.750545058138,32544.873046875,261163.0,,,,,
2017-09-04,32328.62768148238,32761.117683910237,32076.341846732794,32472.791015625,133158.0,,,,,
2017-09-05,32869.23631465517,32869.23631465517,31211.35816720546,31355.521484375,230369.0,,,,,
2017-09-06,31031.155325916327,31427.60446480725,30598.665356217145,30850.951171875,248514.0,,,,,
2017-09-07,30850.954750722543,31427.608110549136,30706.791410765894,31175.322265625,138555.0,,,,,
2017-09-08,31175.32073070899,31968.21906143223,30995.116564635533,31643.8515625,142313.0,,,,,
2017-09-11,31860.096008928573,32869.23932142857,31355.52435267857,31535.728515625,242029.0,,,,,
2017-09-12,31788.01217702514,32652.992100209496,31571.767196229048,32256.54296875,188682.0,,,,,
2017-09-13,32220.503771860665,32256.54460382024,31427.60546875,31427.60546875,136031.0,,,,,
2017-09-14,31427.60620005708,31643.85119684646,30850.952875285388,31571.76953125,245156.0,,,,,
2017-09-15,31535.73226928711,32364.67151750837,31355.528084891183,32292.58984375,297094.0,,,,,
2017-09-18,31932.180609929324,32689.038163889276,31679.89475860934,32508.833984375,211983.0,,,,,
2017-09-19,32148.42309790259,32400.708929388373,31607.810601861627,32004.259765625,183945.0,,,,,
2017-09-20,32292.58984375,32652.998212541857,31932.181474958143,32292.58984375,134883.0,,,,,
2017-09-21,32040.297526041668,32184.46084449405,31607.807570684523,31788.01171875,145983.0,,,,,
2017-09-25,32364.66452334972,32364.66452334972,31643.84794153792,32076.337890625,134594.0,,,,,
2017-09-26,32076.337890625,32076.337890625,32076.337890625,32076.337890625,0.0,,,,,
2017-09-27,31932.176884809414,32148.421875,31283.44191423767,32148.421875,265645.0,,,,,
2017-09-28,31751.97308882131,32220.50390625,31247.40143928272,32220.50390625,165181.0,,,,,
2017-09-29,32580.91247585541,32652.994140625,32076.340822468268,32652.994140625,173828.0,,,,,
2017-10-10,32652.995199947036,34166.7102092161,32472.79103217691,34022.546875,364440.0,,,,,
2017-10-11,33698.18182007879,34058.59018179087,33481.93680305155,33734.22265625,278489.0,,,,,
2017-10-12,33662.13921591516,34022.547558697974,33481.93504452375,33770.26171875,203352.0,,,,,
2017-10-13,33914.42231721698,34851.48393278302,33734.218160377364,34382.953125,240290.0,,,,,
2017-10-16,34382.95667016807,34599.20168067227,33806.30330882353,34310.875,96968.0,,,,,
2017-10-17,34310.87603498931,34707.325232872594,33698.18182007879,33734.22265625,156595.0,,,,,
2017-10-18,33337.77235361126,33554.01736347252,32797.15982895811,33121.52734375,149267.0,,,,,
2017-10-19,33265.6875,33698.17747833153,33229.64666847237,33265.6875,151421.0,,,,,
2017-10-20,33085.48348214286,34130.667600859786,32725.075165343915,34058.5859375,122318.0,,,,,
2017-10-23,33662.1350422833,34238.788319238905,33662.1350422833,34094.625,126167.0,,,,,
2017-10-24,33842.33781035959,34418.99106378425,33770.25615368151,34202.74609375,123745.0,,,,,
2017-10-25,33950.46076695686,35247.93060518451,33698.17496507926,34671.27734375,219178.0,,,,,
2017-10-26,35247.93050078864,35247.93050078864,34058.58315260252,34274.828125,107713.0,,,,,
2017-10-27,33914.42791268578,34310.87712314225,33806.3054007431,33950.46875,154303.0,,,,,
2017-10-30,33986.508147082444,34238.793997591005,33301.732267130625,33662.140625,170318.0,,,,,
2017-10-31,33373.8149634785,33373.8149634785,32436.753204244764,32689.0390625,349744.0,,,,,
2017-11-01,32112.38268026845,32508.83184916065,31751.9743449119,32472.791015625,265602.0,,,,,
2017-11-02,32508.834343024057,32689.038524526408,32184.466816319826,32580.916015625,154370.0,,,,,
2017-11-03,32869.2401845172,33409.852687552026,32364.668515018035,32472.791015625,160718.0,,,,,
2017-11-06,32472.793148472145,32689.038163889276,32076.34395354074,32508.833984375,127909.0,,,,,
2017-11-07,32112.382319330503,32616.953983158368,31751.97398802489,32400.708984375,118696.0,,,,,
2017-11-08,32148.42297118597,32616.953799241368,32112.38213825863,32364.66796875,112468.0,,,,,
2017-11-09,32436.749634604676,32508.83130045935,31860.09630776726,32364.66796875,171734.0,,,,,
2017-11-10,31896.13374517205,32292.58286516854,31896.13374517205,32076.337890625,127549.0,,,,,
2017-11-13,31860.09794560185,32076.342954282405,31103.240415219905,31139.28125,287246.0,,,,,
2017-11-14,31103.236614003952,31283.440765881147,30778.869140625,30778.869140625,260430.0,,,,,
2017-11-15,30634.710471413353,31932.18056196733,30454.506292169743,31715.935546875,356952.0,,,,,
2017-11-16,31824.05805442117,31860.09889026989,31391.568024236505,31715.935546875,201808.0,,,,,
2017-11-17,31391.564703071912,32148.422175821062,31391.564703071912,31824.0546875,236841.0,,,,,
2017-11-20,31535.724769279972,32148.418850511694,30706.78571820176,30814.908203125,312651.0,,,,,
2017-11-21,30959.071977383413,30959.071977383413,30526.582031250004,30526.58203125,185981.0,,,,,
2017-11-22,30562.625000000004,31175.31913325472,30454.502505896227,30562.625,177203.0,,,,,
2017-11-23,30562.625000000004,31175.31913325472,30562.625000000004,30562.625,165145.0,,,,,
2017-11-24,30670.747017833677,31067.196156724593,30598.665356217145,30850.951171875,63282.0,,,,,
2017-11-27,30850.95135647608,31103.237173643527,30670.747201356477,30886.9921875,141346.0,,,,,
2017-11-28,30886.992668304625,31175.319320984247,30562.625184040047,30598.666015625,161136.0,,,,,
2017-11-29,30670.74627943442,31067.19540878081,30274.29715008803,30706.787109375,146781.0,,,,,
2017-11-30,31247.40252601167,31824.05585982503,30814.912525651645,31283.443359375,424759.0,,,,,
2017-12-01,31391.564310493966,31571.76846841873,30598.666015625,30598.666015625,227865.0,,,,,
2017-12-04,30850.951402559054,32040.298828125004,30778.869740403545,32040.298828125,244641.0,,,,,
2017-12-05,31679.890255309292,32076.3393938854,31463.645270631412,31607.80859375,171205.0,,,,,
2017-12-06,31824.05552977173,32905.280519458196,31788.01469678218,32761.1171875,438089.0,,,,,
2017-12-07,32725.077216569767,33626.0980650436,32508.83221293605,32544.873046875,342667.0,,,,,
2017-12-08,32761.11892506271,33265.690613677536,32112.383896843647,32328.62890625,187659.0,,,,,
2017-12-11,31932.177492929084,32797.15747016419,31896.13666054429,32652.994140625,151022.0,,,,,
2017-12-12,32076.344629348132,32400.712159307834,31715.936262726245,31860.099609375,179905.0,,,,,
2017-12-13,31932.17503720238,33517.97154017857,31932.17503720238,33301.7265625,243525.0,,,,,
2017-12-14,33590.054762062566,34094.6264001193,33301.72811174443,33986.50390625,473464.0,,,,,
2017-12-15,33986.502043140405,34094.62453108253,33121.52213960343,33626.09375,289694.0,,,,,
2017-12-18,33698.17540862808,33806.297896570206,33085.48131028939,33626.09375,205669.0,,,,,
2017-12-19,33517.97479189044,34094.62812164339,33517.97479189044,33554.015625,246299.0,,,,,
2017-12-21,34238.78692208904,34707.31769049658,34058.58278039384,34202.74609375,174585.0,,,,,
2017-12-22,34563.155787526426,34815.441596194505,33878.38002114165,34094.625,160534.0,,,,,
2017-12-26,34094.6328125,34959.61292613637,34094.6328125,34887.53125,158179.0,,,,,
2017-12-27,35036.30502825798,35185.07914727394,34106.46678440824,34961.91796875,158642.0,,,,,
2017-12-28,34738.75679022606,35705.78856382979,34627.176200964095,34961.91796875,146891.0,,,,,
2018-01-02,34701.557607827475,35073.492844781686,34441.202941959535,34924.71875,103616.0,,,,,
2018-01-03,34441.200839246725,34999.10366061681,34032.07210357532,34069.265625,200746.0,,,,,
2018-01-04,34106.45895112088,34218.03951475596,32767.4921875,32767.4921875,350289.0,,,,,
2018-01-05,32767.493976757367,33102.23568594104,32507.139314058953,32804.6875,201418.0,,,,,
2018-01-08,32953.46517958145,33176.62634332579,32730.304015837104,32879.078125,135537.0,,,,,
2018-01-09,32879.07275113508,33065.04035719353,32767.4921875,32767.4921875,216842.0,,,,,
2018-01-10,32841.87940110006,33474.169264994394,32767.49235828896,33176.62109375,345342.0,,,,,
2018-01-11,33474.17510716261,33622.94921875,32618.72396553512,33622.94921875,293060.0,,,,,
2018-01-12,33808.915958367266,34701.560604132734,33436.98068929832,34255.23828125,339558.0,,,,,
2018-01-15,34255.2409034242,35259.466206781915,34255.2409034242,34961.91796875,189127.0,,,,,
2018-01-16,34664.369730718085,35222.272677027926,34478.40208194814,34961.91796875,189222.0,,,,,
2018-01-17,34627.170560436636,35147.879892172525,34552.7835130458,34924.71875,140010.0,,,,,
2018-01-18,34627.168617684736,35185.071441814995,34292.42692320658,34478.39453125,231962.0,,,,,
2018-01-19,34069.267705005324,34924.71875,34032.0741813099,34924.71875,222466.0,,,,,
2018-01-22,35185.073267443426,35259.460314520475,34069.26756128772,34515.58984375,147963.0,,,,,
2018-01-23,34255.235323482426,34961.91227369542,34069.267705005324,34924.71875,147407.0,,,,,
2018-01-24,34924.7224517789,35445.43183870638,34032.07778847465,34106.46484375,182460.0,,,,,
2018-01-25,33883.300451807234,34589.97740963856,33697.3328313253,33957.6875,155453.0,,,,,
2018-01-26,33660.143084811534,34143.65895232816,33325.40133037694,33548.5625,169870.0,,,,,
2018-01-29,33622.94854763216,33883.303237713386,33474.17443901432,33771.72265625,160011.0,,,,,
2018-01-30,33771.72265625,34515.59319933921,33697.33560194108,33771.72265625,228115.0,,,,,
2018-01-31,34069.26579355448,34478.39453125,32358.363799555016,34478.39453125,237921.0,,,,,
2018-02-01,34106.45853333554,35557.00584282309,33994.87797106727,35110.68359375,274038.0,,,,,
2018-02-02,34589.977551745134,35557.00918222403,34292.42935775163,34366.81640625,169640.0,,,,,
2018-02-05,34366.81412404267,34366.81412404267,33474.16960134026,33994.87890625,182431.0,,,,,
2018-02-06,34218.042559188274,34441.20370631341,32432.753382187148,32990.65625,276619.0,,,,,
2018-02-07,32730.30306805239,33102.23833018935,32469.94838455652,32655.916015625,236643.0,,,,,
2018-02-08,32432.752796052635,33027.84917763158,31800.462890625,31800.462890625,253260.0,,,,,
2018-02-09,31205.36902975921,31614.49782514342,30647.46612696256,30796.240234375,194160.0,,,,,
2018-02-12,31019.396817609595,31577.2996380702,30833.429210789396,31391.33203125,132714.0,,,,,
2018-02-13,31391.33417005114,31874.84998072729,30833.431311578668,30907.818359375,156556.0,,,,,
2018-02-14,30907.820647052173,31279.75591356303,30759.046540447827,30833.43359375,114214.0,,,,,
2018-02-19,31465.723660714288,31502.917187500003,31056.59486607143,31242.5625,120000.0,,,,,
2018-02-20,31130.979021726736,31130.979021726736,30461.495601904655,30573.076171875,118778.0,,,,,
2018-02-21,30647.463042664673,31093.785319985032,30163.94724223428,31056.591796875,194576.0,,,,,
2018-02-22,30759.044451501373,30945.012072127138,30349.915686124692,30424.302734375,222738.0,,,,,
2018-02-23,30721.85071915777,31391.334148873073,30424.30252817319,31354.140625,173487.0,,,,,
2018-02-26,31726.08102431594,31763.274554238935,31056.597485702,31093.791015625,148262.0,,,,,
2018-02-27,31316.943978889223,31577.298620043883,30684.65413608505,30721.84765625,149507.0,,,,,
2018-02-28,30163.944853775723,30907.815257074755,30163.944853775723,30721.84765625,198214.0,,,,,
2018-03-02,31130.98132464172,31130.98132464172,29122.53091660032,29196.91796875,511830.0,,,,,
2018-03-05,29159.72317945384,29308.497277308194,28527.433263572824,28601.8203125,302790.0,,,,,
2018-03-06,28787.78348067434,29308.492742598683,28267.07421875,28267.07421875,322383.0,,,,,
2018-03-07,28267.07748088431,28639.012710895942,27969.529296875,27969.529296875,205666.0,,,,,
2018-03-08,28341.46353994888,28415.850583360814,27969.528322889186,28192.689453125,230001.0,,,,,
2018-03-09,28378.65625,28824.97849770642,28081.108084862382,28378.65625,175314.0,,,,,
2018-03-12,28824.97981687259,29085.334473283056,28639.012205150833,28973.75390625,193428.0,,,,,
2018-03-13,28601.82114334506,28862.17582215314,28267.07941344895,28415.853515625,250028.0,,,,,
2018-03-14,28378.65754874037,28973.75390625,28378.65754874037,28973.75390625,220702.0,,,,,
2018-03-15,29122.526680947583,29122.526680947583,28453.043308971777,28824.978515625,157004.0,,,,,
2018-03-16,28824.9794934379,29234.10823463508,28676.20540572983,29048.140625,181417.0,,,,,
2018-03-19,29048.1383525902,29159.7189096424,28899.364276520595,29122.525390625,163326.0,,,,,
2018-03-20,29048.14324173504,29159.72381756757,28676.207988959944,28899.369140625,131481.0,,,,,
2018-03-21,28601.82209821429,28973.75736607143,28527.435044642854,28639.015625,136986.0,,,,,
2018-03-22,28899.36483944163,30387.10562911688,28787.78428021599,30349.912109375,422987.0,,,,,
2018-03-23,30015.177807743683,30015.177807743683,28713.404296875,28713.404296875,371211.0,,,,,
2018-03-26,29010.94759198265,29531.656907736186,28639.01236644441,28936.560546875,229079.0,,,,,
2018-03-27,29010.948561065048,29494.464370416135,29010.948561065048,29159.72265625,128181.0,,,,,
2018-03-28,28936.5598974984,29234.1080712516,28787.7858106218,29085.333984375,145294.0,,,,,
2018-03-29,29085.33739052548,29531.659703423567,28824.982708001593,29196.91796875,111499.0,,,,,
2018-03-30,29606.043952843833,29643.237475397655,28787.786456659705,28936.560546875,141851.0,,,,,
2018-04-02,28936.56383928571,29271.305580357144,28415.854464285716,28639.015625,196047.0,,,,,
2018-04-03,28415.848293585525,28601.815887129935,28043.91310649671,28267.07421875,186691.0,,,,,
2018-04-04,28155.496091128356,28267.076656879195,27709.173828125,27709.173828125,223913.0,,,,,
2018-04-05,27783.559369648978,28081.10752889555,27076.88249143836,27151.26953125,226375.0,,,,,
2018-04-06,27225.659171747964,27932.336117462735,26890.917460619916,27448.8203125,213659.0,,,,,
2018-04-09,27188.46452128775,27932.33495962668,27151.270999370805,27709.173828125,131272.0,,,,,
2018-04-10,27820.754225561992,27820.754225561992,27039.690270031508,27300.044921875,167726.0,,,,,
2018-04-11,27039.691586790967,27300.046251313022,26258.627593224788,26556.17578125,387288.0,,,,,
2018-04-12,26593.367026558135,27114.07631099424,26333.012384340083,26630.560546875,229192.0,,,,,
2018-04-13,26518.982094077797,26816.53028026661,26258.627431162586,26593.369140625,181420.0,,,,,
2018-04-16,26742.14587179149,26779.339398734177,26370.210602364627,26444.59765625,93126.0,,,,,
2018-04-17,26407.404402522538,27002.500839762484,26407.404402522538,26816.533203125,118516.0,,,,,
2018-04-18,26779.33851304945,27411.62845016312,26779.33851304945,27076.88671875,160066.0,,,,,
2018-04-19,26890.918631562938,27151.27330711057,26742.14453125,26742.14453125,110334.0,,,,,
2018-04-20,26742.144823281036,27188.46712909379,26704.95129779664,27114.080078125,126548.0,,,,,
2018-04-23,27114.07826784824,28006.72281987616,27114.07826784824,27969.529296875,334654.0,,,,,
2018-04-24,28527.434303740847,28601.82135538033,27857.95083898552,27932.337890625,301202.0,,,,,
2018-04-25,28155.49850838365,28527.433759485153,27746.369732172,28490.240234375,332454.0,,,,,
2018-04-26,28527.431640625,28824.97981940597,28378.65755123452,28527.431640625,235738.0,,,,,
2018-04-27,28304.27200538287,28676.20724855479,27709.17561630781,27746.369140625,201035.0,,,,,
2018-04-30,28229.88184742647,28490.236488970582,27969.52720588235,28453.04296875,128970.0,,,,,
2018-05-02,28453.048450100807,28527.435504872312,27523.21026545699,27671.984375,210394.0,,,,,
2018-05-03,27671.983209886817,27969.53141644474,27523.209106607857,27932.337890625,141921.0,,,,,
2018-05-04,27597.5962026387,27746.37030615697,27486.015624999996,27486.015625,126633.0,,,,,
2018-05-08,27895.142250872672,29010.94794090758,27820.755204870347,27969.529296875,213945.0,,,,,
2018-05-09,27969.527666666665,28192.688791666667,27709.173020833332,27895.140625,108244.0,,,,,
2018-05-10,27932.33776657517,28267.079497466217,27300.047830447635,27523.208984375,234603.0,,,,,
2018-05-11,27597.59088199013,28267.07421875,27448.81680715461,28267.07421875,122454.0,,,,,
2018-05-14,28267.0797449147,28527.434426775755,28118.305640994095,28341.466796875,97708.0,,,,,
2018-05-15,27932.334790637775,28006.721834021628,27300.044921875,27300.044921875,225242.0,,,,,
2018-05-16,27225.658043204698,27709.173828125,27188.46452128775,27709.173828125,152537.0,,,,,
2018-05-17,27448.820312499996,27709.174976710703,27262.85269520664,27448.8203125,127257.0,,,,,
2018-05-18,27411.628407411317,27671.983086993245,27262.854304793073,27523.208984375,99135.0,,,,,
2018-05-21,27486.01545872044,27783.563663956924,27188.467253483952,27523.208984375,136250.0,,,,,
2018-05-23,27039.691095966315,27188.46518727837,26184.240070921987,26221.43359375,504737.0,,,,,
2018-05-24,26333.01496664326,26518.982586464183,26109.853822858146,26481.7890625,186443.0,,,,,
2018-05-25,26667.75537109375,26704.948893229168,26184.239583333336,26333.013671875,131505.0,,,,,
2018-05-28,26370.208512834823,26556.1761328125,25812.305652901785,26035.466796875,135142.0,,,,,
2018-05-29,25998.273272879465,26258.627940848215,25737.918604910716,26035.466796875,120450.0,,,,,
2018-05-30,25998.274176834948,26035.467702123697,24919.66194346125,24956.85546875,300242.0,,,,,
2018-05-31,24994.047356828192,25626.33724531938,24770.886219713655,25328.7890625,326095.0,,,,,
2018-06-01,25328.78937624367,25812.3051793144,25291.595852930535,25700.724609375,116785.0,,,,,
2018-06-04,25849.500127257437,26444.5965330648,25849.500127257437,26258.62890625,170223.0,,,,,
2018-06-05,26258.628868166783,27002.499374347142,26072.661241621692,26704.951171875,216179.0,,,,,
2018-06-07,26556.178237078057,27076.887614275667,26295.823548479253,26444.59765625,184008.0,,,,,
2018-06-08,26593.370466650456,26779.33809229137,26295.822265625,26295.822265625,111639.0,,,,,
2018-06-11,26295.823548479253,26704.952344848803,26221.43649459388,26444.59765625,97376.0,,,,,
2018-06-12,26295.822067599824,26965.30551486545,26295.822067599824,26779.337890625,103967.0,,,,,
2018-06-14,26630.564121256964,26890.91879842009,26370.20944409384,26704.951171875,253362.0,,,,,
2018-06-15,26481.787760416668,26593.36832682292,25849.497884114586,25886.69140625,285980.0,,,,,
2018-06-18,26147.04714796048,27634.788095212854,26147.04714796048,27411.626953125,316118.0,,,,,
2018-06-19,26853.728091032608,28676.21102241848,26853.728091032608,28229.888671875,481117.0,,,,,
2018-06-20,28267.07814588904,28639.013384650734,27523.20766836564,27820.755859375,261658.0,,,,,
2018-06-21,27188.466017819523,27597.594781425563,26481.7890625,26481.7890625,334758.0,,,,,
2018-06-22,26109.855050223217,27337.24139873798,26109.855050223217,27076.88671875,203897.0,,,,,
2018-06-25,26965.30272067847,27225.657367636744,26407.39990576788,26518.98046875,128645.0,,,,,
2018-06-26,26258.626627604168,26704.948893229168,25663.5302734375,25886.69140625,308854.0,,,,,
2018-06-27,25663.532870077674,26035.468129064306,25365.984662888364,25737.919921875,240532.0,,,,,
2018-06-28,25775.1115033318,25812.30502642463,24919.66047219669,25291.595703125,297015.0,,,,,
2018-06-29,25477.564316927856,25551.951366028377,24919.66144867396,25068.435546875,170584.0,,,,,
2018-07-02,24919.661144578313,25180.015813253012,24622.11295180723,24696.5,147064.0,,,,,
2018-07-03,24696.500273323614,25589.144861516037,24064.21035668732,25514.7578125,309607.0,,,,,
2018-07-04,25328.789349322553,26779.336756993005,25105.628209680945,26593.369140625,332820.0,,,,,
2018-07-05,26295.82177046655,26853.72463688381,26258.628246038737,26407.40234375,122360.0,,,,,
2018-07-06,26147.049170452618,27820.757865574047,26147.049170452618,27374.435546875,298388.0,,,,,
2018-07-09,26928.110187243503,27634.78711204685,26928.110187243503,27188.46484375,211727.0,,,,,
2018-07-10,26667.758817906117,27188.468195103727,26184.242967651193,26444.59765625,239296.0,,,,,
2018-07-11,26035.468466938408,26147.04904608243,25440.372044836957,25663.533203125,299451.0,,,,,
2018-07-12,25849.497884114586,26109.8525390625,25440.369140625,25440.369140625,303119.0,,,,,
2018-07-13,25551.95133700802,26221.434778152332,25477.564287991983,25514.7578125,230135.0,,,,,
2018-07-16,25551.951502623175,25626.33855212135,25142.822730383217,25477.564453125,151485.0,,,,,
2018-07-17,25477.563318589153,25514.756841681985,25068.434564568015,25291.595703125,206954.0,,,,,
2018-07-18,25180.015789686575,25514.757506240756,25105.628741563425,25142.822265625,226730.0,,,,,
2018-07-19,24994.046544561937,25068.43358784932,24436.143719906533,24622.111328125,320934.0,,,,,
2018-07-20,24510.531559746694,25365.98258535242,24510.531559746694,25328.7890625,244029.0,,,,,
2018-07-23,25365.984103355353,27002.499206797635,25328.79057827712,26742.14453125,444472.0,,,,,
2018-07-24,26779.33917472376,27039.69386114468,26184.242748618784,26928.11328125,264590.0,,,,,
2018-07-25,26779.33758802817,27300.04693001761,26333.01529489437,26407.40234375,229522.0,,,,,
2018-07-26,26407.40220404149,26742.14392212089,25700.725243651646,25998.2734375,197200.0,,,,,
2018-07-27,26221.434885732546,26481.78955835684,25849.49963912641,26370.208984375,116819.0,,,,,
2018-07-30,26333.013671875,27374.432291666668,26258.626627604168,27225.658203125,203832.0,,,,,
2018-07-31,27225.65999104707,27857.94990887193,27002.49884357947,27262.853515625,368421.0,,,,,
2018-08-01,27486.010325863488,28527.42884971217,27337.23625102796,28267.07421875,298602.0,,,,,
2018-08-02,27895.13995641004,28453.04275553824,27337.23715728184,27597.591796875,202370.0,,,,,
2018-08-03,27300.047995602163,27634.789728518263,26704.95158152909,27486.015625,202077.0,,,,,
2018-08-06,27262.8518808059,29568.85026635838,26704.94904559159,28527.431640625,604898.0,,,,,
2018-08-07,28304.269863103924,29010.94677164397,27783.560562074417,28676.205078125,353139.0,,,,,
2018-08-08,28267.07797897196,28639.013215537383,27634.788076810742,27857.94921875,281324.0,,,,,
2018-08-09,27560.399573718496,27709.173660486205,27225.657878491147,27300.044921875,337194.0,,,,,
2018-08-10,27448.822099120433,27969.53146143437,27374.435047361298,27486.015625,207442.0,,,,,
2018-08-13,27448.823210685485,28267.080813172044,27448.823210685485,27671.984375,221098.0,,,,,
2018-08-14,28006.724443592502,28453.046745482425,27374.43451591512,28043.91796875,318741.0,,,,,
2018-08-16,27671.985488180053,28824.984883520887,27374.43725712435,28713.404296875,321193.0,,,,,
2018-08-17,28415.852690182055,28862.174983745124,28081.110970009755,28601.8203125,228277.0,,,,,
2018-08-20,28936.565470166777,29531.661932278173,28415.8560658193,28713.404296875,227764.0,,,,,
2018-08-21,28341.461256167764,28490.23533100329,27857.9455129523,28267.07421875,483081.0,,,,,
2018-08-22,28043.91964885753,28081.11317624328,27560.403792842742,27671.984375,246516.0,,,,,
2018-08-23,27671.983209886817,27932.337890625,27262.854425869675,27932.337890625,214344.0,,,,,
2018-08-24,27932.335610682272,28081.109701817728,27634.787428411353,28006.72265625,180315.0,,,,,
2018-08-27,28043.91890625,28118.30595905173,26928.11311422414,26965.306640625,348177.0,,,,,
2018-08-28,26965.30626268606,27671.983254397834,26779.338633288226,27486.015625,186781.0,,,,,
2018-08-29,27262.851725260414,27486.01285807292,26928.110026041668,27225.658203125,195498.0,,,,,
2018-08-30,27225.660943843028,27671.983254397834,27076.88684032476,27486.015625,172759.0,,,,,
2018-08-31,27486.016738071237,27857.952011928763,27262.85557375672,27671.984375,240664.0,,,,,
2018-09-03,27374.435546875,27448.82259999151,26965.306754734203,27374.435546875,151707.0,,,,,
2018-09-04,27337.239905762384,27448.82047680631,27039.691716311907,27411.626953125,110839.0,,,,,
2018-09-05,27151.273892083896,27709.1767802774,27114.08036620433,27486.015625,161788.0,,,,,
2018-09-06,27448.819822241905,28118.30323254049,27300.04573106444,27560.400390625,158628.0,,,,,
2018-09-07,27783.563832036532,27969.53146143437,27300.047995602163,27486.015625,189750.0,,,,,
2018-09-10,27337.24139873798,27895.14428442651,26965.306141612295,27076.88671875,174572.0,,,,,
2018-09-11,26853.721372003427,27374.43065068493,26853.721372003427,27151.26953125,128488.0,,,,,
2018-09-12,27151.27494907247,27225.662003727462,26704.95262114251,26816.533203125,128462.0,,,,,
2018-09-13,26928.11350650492,27039.69408733298,26370.210602364627,26444.59765625,318902.0,,,,,
2018-09-14,26556.175908454887,27560.40104785024,26556.175908454887,27411.626953125,410242.0,,,,,
2018-09-17,27188.466137861396,27560.40137914541,27151.272613732996,27337.240234375,214576.0,,,,,
2018-09-18,27039.69206539592,27486.01435533368,26742.14387210408,26890.91796875,573934.0,,,,,
2018-09-19,26890.919090187155,27151.273770175136,26593.37088448661,27076.88671875,280136.0,,,,,
2018-09-20,27076.88556547619,27448.820806760206,27002.49851721939,27337.240234375,228716.0,,,,,
2018-09-21,27634.790620871863,28341.467635402903,27634.790620871863,28155.5,627255.0,,,,,
2018-09-27,28639.013731640145,30535.883472307218,28490.239634332924,30387.109375,1044083.0,,,,,
2018-09-28,30424.30126545739,31354.13932369264,30424.30126545739,31205.365234375,716973.0,,,,,
2018-10-01,31168.175446428573,31316.94955357143,30833.433705357143,31242.5625,248960.0,,,,,
2018-10-02,30647.46239943385,31316.94580136323,30461.4947877868,31205.365234375,245645.0,,,,,
2018-10-04,31577.3004576691,31874.84863630438,30907.81705573972,31205.365234375,363370.0,,,,,
2018-10-05,30907.81625351747,31837.654287618483,30870.622732153435,31391.33203125,170651.0,,,,,
2018-10-08,31614.49714073768,31837.65829702524,30945.013671875,30945.013671875,176975.0,,,,,
2018-10-10,30461.49543875304,30945.011239368167,30424.3019156288,30610.26953125,451153.0,,,,,
2018-10-11,29977.982137248742,30647.465609296483,29568.853348775127,29606.046875,671843.0,,,,,
2018-10-12,29643.241133313302,29754.82171474359,28415.854737580128,29010.951171875,516960.0,,,,,
2018-10-15,28936.564426698955,30498.69258341021,28899.37089915821,30238.337890625,429741.0,,,,,
2018-10-16,30275.52933096945,30573.07753078242,29420.078256507168,29829.20703125,268079.0,,,,,
2018-10-17,30089.563780462024,30461.499055869463,29829.209087676816,30238.337890625,199236.0,,,,,
2018-10-18,30424.302078581208,31130.979021726736,29568.85104214188,30573.076171875,400789.0,,,,,
2018-10-19,30349.91503193431,30833.430835139145,29568.85104214188,30573.076171875,368208.0,,,,,
2018-10-22,30238.333807444855,31763.26823069853,30126.753239889706,31614.494140625,282582.0,,,,,
2018-10-23,31130.981806958684,31800.465286678227,30647.465960494577,30833.43359375,233164.0,,,,,
2018-10-24,31391.333493211332,32060.81690894333,30945.01121605667,31502.9140625,301986.0,,,,,
2018-10-25,31502.915051835615,31502.915051835615,30610.270469493164,31279.75390625,413912.0,,,,,
2018-10-26,31019.39581756961,31800.459741033592,30498.686535260287,30721.84765625,338433.0,,,,,
2018-10-29,31242.56007445848,31837.65645682912,30796.237787680504,30907.818359375,297317.0,,,,,
2018-10-30,31205.366791463315,31242.560315648618,29308.49705801322,29531.658203125,367650.0,,,,,
2018-10-31,29606.04981870514,31130.984545547995,29085.340399783192,31093.791015625,295605.0,,,,,
2018-11-01,30796.23954085634,30907.82011890292,29420.07907828184,29643.240234375,420757.0,,,,,
2018-11-02,29531.658203125,30089.561065904436,29271.30353382793,29531.658203125,297188.0,,,,,
2018-11-05,29568.852356413652,29866.400556226617,29345.691206553925,29829.20703125,162539.0,,,,,
2018-11-06,30015.175520676832,31056.59425001878,29977.981994628903,30945.013671875,288116.0,,,,,
2018-11-07,30833.43197126285,31130.980168814236,30573.07729840538,30759.044921875,209337.0,,,,,
2018-11-08,31056.59425001878,31874.851823073168,30870.62661977915,30945.013671875,330954.0,,,,,
2018-11-09,30870.624475824097,32060.817226699244,30647.46333503501,31874.849609375,273335.0,,,,,
2018-11-12,31800.462831439392,33288.20378261784,31354.14054608586,33139.4296875,597514.0,,,,,
2018-11-13,32730.304588607596,33102.23986802359,31986.43402977561,32321.17578125,368521.0,,,,,
2018-11-14,32358.36193647541,32358.36193647541,31465.717469262298,31763.265625,339038.0,,,,,
2018-11-15,31428.525390625,31651.686517659025,30684.654967178256,31428.525390625,284197.0,,,,,
2018-11-16,31614.495108060742,32135.204439252335,31316.94691880841,31837.65625,233303.0,,,,,
2018-11-19,31763.265625,32693.10361168033,31465.717469262298,31763.265625,227036.0,,,,,
2018-11-20,31986.42967854071,32507.138998889048,31837.655587012618,32432.751953125,207234.0,,,,,
2018-11-21,32358.364096351197,32841.87988169897,31949.23535490308,32618.71875,177996.0,,,,,
2018-11-22,32321.169932959707,33102.23387840522,32135.20232690125,32767.4921875,209470.0,,,,,
2018-11-23,32767.493668241277,32990.65480559593,31800.46207303779,31986.4296875,199586.0,,,,,
2018-11-26,32321.171724759613,32544.33286440122,31614.49478256119,31912.04296875,270413.0,,,,,
2018-11-27,31726.072426093015,31800.459465779048,31354.137227662857,31688.87890625,190527.0,,,,,
2018-11-28,31726.07776772104,31726.07776772104,29829.20793635671,30498.69140625,472937.0,,,,,
2018-11-29,30684.654943951737,30982.203113105206,29977.97804221224,30535.880859375,254036.0,,,,,
2018-11-30,30684.65827627575,30684.65827627575,29792.013671875,29792.013671875,393957.0,,,,,
2018-12-03,29829.20803234925,30052.369189698493,29457.272770100502,29606.046875,270724.0,,,,,
2018-12-04,29680.4337144623,30201.14307787392,29680.4337144623,30089.5625,253162.0,,,,,
2018-12-05,30052.36429328087,30796.2346965799,29606.04205130145,30721.84765625,215502.0,,,,,
2018-12-06,30833.431666921664,30870.62519124847,30163.948229039164,30387.109375,162908.0,,,,,
2018-12-07,30201.142657439723,30498.690860961295,29234.110995994608,29308.498046875,256938.0,,,,,
2018-12-10,28973.753743489586,29903.591796875,28936.560221354168,29903.591796875,169670.0,,,,,
2018-12-11,29680.4306640625,30052.365885416668,29196.91487630209,29903.591796875,224014.0,,,,,
2018-12-12,30349.916180981592,30424.303230444784,29903.59388420245,30312.72265625,199871.0,,,,,
2018-12-13,30349.91501798561,31130.979007419064,29977.97978492206,31019.3984375,410350.0,,,,,
2018-12-14,30684.659320877257,31242.56221762048,30349.917582831324,30870.626953125,195773.0,,,,,
2018-12-17,31205.368860260856,31614.497653422797,30796.240067098915,30833.43359375,161896.0,,,,,
2018-12-18,30870.62983608702,31837.66161408493,30833.436306164025,31093.791015625,359388.0,,,,,
2018-12-19,31391.33333026238,31800.46208219708,30796.23696381191,31540.107421875,161282.0,,,,,
2018-12-20,31837.65186626892,31986.42594041036,31056.587977026345,31949.232421875,192262.0,,,,,
2018-12-21,32209.59115493881,32209.59115493881,31130.97898000437,31912.04296875,248119.0,,,,,
2018-12-24,31912.04631121134,32730.303908934708,31354.14340367268,32469.94921875,224456.0,,,,,
2018-12-26,32246.78501022196,32544.3331994743,31168.17282418224,31837.65625,202303.0,,,,,
2018-12-27,31784.176666666663,31936.98520833333,31325.751041666663,31516.76171875,235235.0,,,,,
2018-12-28,31211.142639977923,31975.185299463305,30981.929842132307,31363.951171875,267400.0,,,,,
2019-01-02,31134.735997294545,31478.555167816816,30179.68274584379,30447.09765625,215118.0,,,,,
2019-01-03,30179.68171934036,30599.905135685607,29950.468946788413,30332.490234375,202815.0,,,,,
2019-01-04,30523.5009569823,30638.1073435542,29988.671152980107,30485.298828125,205921.0,,,,,
2019-01-07,30676.313068822485,30714.515202158505,29644.85546875,29644.85546875,280046.0,,,,,
2019-01-08,29912.269164237023,29988.67342774721,28728.00307982917,29071.822265625,313905.0,,,,,
2019-01-09,29148.226325204436,29415.641245619157,28384.183695448097,28613.396484375,476992.0,,,,,
2019-01-10,28613.395562354555,28995.416864922707,28307.77852030003,28728.001953125,262015.0,,,,,
2019-01-11,28804.408234126982,29186.429563492064,28689.80183531746,28880.8125,220439.0,,,,,
2019-01-14,28919.015303465138,28919.015303465138,27887.55769026361,28078.568359375,296838.0,,,,,
2019-01-15,28269.577367612885,28995.417867592132,28116.768841301466,28766.205078125,250359.0,,,,,
2019-01-16,28613.397569444445,28995.418898809523,28575.195436507936,28880.8125,177184.0,,,,,
2019-01-17,28880.810690035996,29339.236256544504,28804.406428951246,29186.427734375,210230.0,,,,,
2019-01-18,29415.640517629257,29568.449039798757,28766.20429840887,29186.427734375,270887.0,,,,,
2019-01-21,29415.64337021136,29415.64337021136,28766.207088011888,28919.015625,139057.0,,,,,
2019-01-22,28728.00469384303,28804.408961645804,28078.56841751945,28231.376953125,375121.0,,,,,
2019-01-23,28269.57521508097,28842.607145116395,27963.958185728745,28307.77734375,452100.0,,,,,
2019-01-24,28345.983611294585,28919.015625,28078.56867156539,28919.015625,261862.0,,,,,
2019-01-25,28613.3974765625,29148.2273359375,28460.588945312506,28651.599609375,203754.0,,,,,
2019-01-28,28575.192363202812,28651.596620858432,28193.1710749247,28536.990234375,166563.0,,,,,
2019-01-29,28575.192363202812,28689.798749686244,28231.373203752508,28536.990234375,159945.0,,,,,
2019-01-30,28689.802734375,28689.802734375,28231.377124771137,28689.802734375,208433.0,,,,,
2019-01-31,28766.20300734187,28842.60726499749,28498.788105547188,28536.990234375,283599.0,,,,,
2019-02-01,28498.791468669457,29797.664002094072,28498.791468669457,29644.85546875,376527.0,,,,,
2019-02-07,29415.642361111113,29492.046626984127,28728.00396825397,28880.8125,260627.0,,,,,
2019-02-08,28919.01278502297,29110.0234375,28651.597871555117,29110.0234375,200790.0,,,,,
2019-02-11,29148.225385949965,29224.629646463596,28651.59769261137,28728.001953125,234756.0,,,,,
2019-02-12,28842.61152369148,29377.441406249996,28575.196582412224,29377.44140625,249818.0,,,,,
2019-02-13,29492.04708373092,30141.48335370945,29186.430015505728,30026.876953125,336438.0,,,,,
2019-02-14,30065.077994624517,30065.077994624517,29415.641748234917,29759.4609375,265984.0,,,,,
2019-02-15,29453.84358317592,29759.460637216656,29033.620133869907,29071.822265625,193092.0,,,,,
2019-02-18,29262.831995459754,29453.84264817163,28880.810690035996,29186.427734375,166396.0,,,,,
2019-02-19,29186.43073390767,29530.24994412386,29148.228599439204,29377.44140625,206820.0,,,,,
2019-02-20,29339.23767383059,30217.88671875,29262.83340905499,30217.88671875,303839.0,,,,,
2019-02-21,30294.290585275423,30332.492717161014,29262.83302436441,29301.03515625,271113.0,,,,,
2019-02-22,29110.024691110397,29759.4609375,29071.82255896983,29759.4609375,166462.0,,,,,
2019-02-25,29606.652343750004,30217.88645665323,29339.23741935484,29606.65234375,235409.0,,,,,
2019-02-26,29262.83282284768,29377.43921771523,28842.609375,28842.609375,321709.0,,,,,
2019-02-27,28728.00399901055,28957.216796874996,28460.589068168694,28957.216796875,249735.0,,,,,
2019-02-28,28995.4169015252,29033.61903183024,28613.395598474803,28804.40625,268596.0,,,,,
2019-03-04,28613.399401006853,28880.814348679814,28460.590859479445,28575.197265625,178780.0,,,,,
2019-03-05,28498.79008991155,28728.002878838448,28422.38582693591,28613.396484375,119387.0,,,,,
2019-03-06,28613.39655181358,28919.013604436423,28422.385893924304,28766.205078125,200611.0,,,,,
2019-03-07,28766.20397327413,28919.012493716487,28269.57628183646,28498.7890625,172614.0,,,,,
2019-03-08,28269.57902848639,28384.18542995323,28078.568359375,28078.568359375,98954.0,,,,,
2019-03-11,28040.36350117292,28613.395452831766,27963.959240951743,28498.7890625,145053.0,,,,,
2019-03-12,28575.1922444332,28842.607145116395,28269.57521508097,28307.77734375,159793.0,,,,,
2019-03-13,28269.579087026388,28307.781220927773,27887.55774801252,28231.376953125,197300.0,,,,,
2019-03-14,28422.38480227882,28728.001843163536,28193.17202161528,28498.7890625,275634.0,,,,,
2019-03-15,28231.37447081561,29224.629864917377,28231.37447081561,29186.427734375,418794.0,,,,,
2019-03-18,29377.439518818726,29530.248046875,29033.62033069211,29530.248046875,125601.0,,,,,
2019-03-19,29301.03626872584,29835.86613543009,29301.03626872584,29644.85546875,170584.0,,,,,
2019-03-20,29377.43863472044,30026.87485941517,29377.43863472044,29721.2578125,115721.0,,,,,
2019-03-21,29530.24794756356,30065.077793961864,29110.024496822036,29301.03515625,193297.0,,,,,
2019-03-22,29110.023614596827,29721.257706241904,29071.821483869007,29492.044921875,246196.0,,,,,
2019-03-25,29492.046813964844,29492.046813964844,29224.631881713867,29339.23828125,161891.0,,,,,
2019-03-26,29606.649393875163,29874.06429162629,29148.223854873224,29568.447265625,107924.0,,,,,
2019-03-27,29912.26846682198,29912.26846682198,29377.43863472044,29721.2578125,85581.0,,,,,
2019-03-28,29644.856459137707,29912.271401423743,29224.632978402507,29683.05859375,145287.0,,,,,
2019-03-29,29835.865855355372,30141.482919174636,28919.01466389759,28957.216796875,217651.0,,,,,
2019-04-01,28919.012855948105,29262.83203125,28689.80007241351,29262.83203125,128758.0,,,,,
2019-04-02,29301.03316482843,29568.44806985294,28880.80974264706,29224.62890625,178380.0,,,,,
2019-04-03,28880.81072535901,29377.438423017295,28842.608594769907,29262.83203125,174495.0,,,,,
2019-04-04,29339.23449612403,29644.85152212532,29148.223854873224,29568.447265625,161037.0,,,,,
2019-04-05,29759.461868758055,29835.86613543009,29224.6320020538,29644.85546875,148989.0,,,,,
2019-04-08,29912.26835988099,29912.26835988099,29301.03426823591,29492.044921875,145896.0,,,,,
2019-04-09,29224.629828986217,29683.0553949311,28957.214915518372,29110.0234375,126393.0,,,,,
2019-04-10,28957.215091685557,29492.044921875,28957.215091685557,29492.044921875,123815.0,,,,,
2019-04-11,29492.045881971462,29797.662937743193,29415.641618028538,29453.84375,141111.0,,,,,
2019-04-12,29644.854573463508,29874.0673665573,29606.65244128121,29835.865234375,127777.0,,,,,
2019-04-15,29530.24921725907,30179.6854872376,29530.24921725907,30026.876953125,116103.0,,,,,
2019-04-16,29721.2578125,30179.68338287275,29415.64076558483,29721.2578125,152648.0,,,,,
2019-04-17,29530.249068741945,29950.472535438144,29415.64266873389,29644.85546875,100831.0,,,,,
2019-04-18,29644.85440985733,29950.471465629053,29301.03522211414,29453.84375,146671.0,,,,,
2019-04-19,29568.451936141304,29606.654070425728,28957.21778759058,28995.419921875,107986.0,,,,,
2019-04-22,28957.215769867547,29186.42855960265,28575.194453642383,28842.609375,124552.0,,,,,
2019-04-23,29033.6231737013,29530.25093851461,28728.00608766234,29415.64453125,162970.0,,,,,
2019-04-24,29492.046935405928,29912.270402102127,29262.834135389818,29644.85546875,186241.0,,,,,
2019-04-25,29874.06746346887,30103.28025730623,29530.248272712834,30065.078125,122595.0,,,,,
2019-04-26,30065.075750612745,30103.27787990196,29148.22464767157,29224.62890625,119840.0,,,,,
2019-04-29,29224.630111262853,29721.2578125,29033.619456940876,29721.2578125,80609.0,,,,,
2019-04-30,29301.03316482843,29530.245940563724,28957.21400122549,29224.62890625,212366.0,,,,,
2019-05-02,29033.620133869907,29492.045714931013,28842.609475094447,29071.822265625,183431.0,,,,,
2019-05-03,28995.417901490066,29186.42855960265,28728.00298013245,28842.609375,140768.0,,,,,
2019-05-07,28728.001843163536,28728.001843163536,28154.96989150469,28498.7890625,262410.0,,,,,
2019-05-08,28154.971789944557,28460.588851436492,28040.36539188508,28422.38671875,107917.0,,,,,
2019-05-09,28231.377754820936,28384.18629476584,27734.75,27734.75,236473.0,,,,,
2019-05-10,28002.16193378285,28193.172588174275,27429.129970608577,27620.140625,199413.0,,,,,
2019-05-13,26741.492530257183,27352.726645234492,25060.59871406959,25251.609375,649262.0,,,,,
2019-05-14,24869.588730286217,24945.992996738707,24296.556731892524,24525.76953125,424722.0,,,,,
2019-05-15,24716.78305193523,24754.98518957346,24181.953125,24181.953125,430937.0,,,,,
2019-05-16,24181.949958282767,24220.152090918284,23608.91796875,23608.91796875,510458.0,,,,,
2019-05-17,23685.323141823003,24029.142348720434,23417.908203125,23417.908203125,421437.0,,,,,
2019-05-20,23417.907336819557,23838.13079637097,23417.907336819557,23685.322265625,284649.0,,,,,
2019-05-21,23647.120132938508,23838.13079637097,23379.705204133064,23685.322265625,325384.0,,,,,
2019-05-22,23685.32134079053,23990.93839034912,23379.70429123194,23799.927734375,259269.0,,,,,
2019-05-23,23799.92863192759,24029.141427740695,23456.109438207928,23608.91796875,208772.0,,,,,
2019-05-24,23494.311570843445,23608.91796875,23226.896642394822,23608.91796875,224335.0,,,,,
2019-05-27,23723.5234027918,23723.5234027918,23341.502091957795,23647.119140625,144387.0,,,,,
2019-05-28,23723.52446101262,23876.33299216246,23417.90739871294,23838.130859375,525521.0,,,,,
2019-05-29,23838.131589785833,23876.33372374382,23112.29104458402,23188.6953125,257666.0,,,,,
2019-05-30,23035.885979217233,23608.91796875,23035.885979217233,23608.91796875,170107.0,,,,,
2019-05-31,23456.11036585366,23647.12103658537,23265.099695121953,23494.3125,180985.0,,,,,
2019-06-03,23570.715048688395,24029.140625,23303.30012917329,24029.140625,180170.0,,,,,
2019-06-04,23990.939358922828,24105.54575713424,23761.7265625,23761.7265625,246727.0,,,,,
2019-06-05,23723.52315340909,23761.72528409091,23074.08693181818,23112.2890625,461558.0,,,,,
2019-06-07,23226.897298994976,23265.099432710427,22653.865293263192,22806.673828125,435351.0,,,,,
2019-06-10,22806.674057529566,23456.110337224716,22730.269789330137,23417.908203125,320329.0,,,,,
2019-06-11,23341.50393492557,23417.908203125,23150.493264426997,23417.908203125,272516.0,,,,,
2019-06-12,23226.896548202614,23379.705078125,23074.08801828023,23379.705078125,253680.0,,,,,
2019-06-13,23379.703941231342,23494.31033310013,22806.671981887437,23035.884765625,381291.0,,,,,
2019-06-14,23150.492283241423,23379.705078125,22959.48162083844,23379.705078125,311984.0,,,,,
2019-06-17,23341.50173792258,23341.50173792258,22883.076171875,22883.076171875,246652.0,,,,,
2019-06-18,22883.076171875,22997.682563386898,22653.863388851212,22883.076171875,276180.0,,,,,
2019-06-19,22883.077032965582,22997.68342879012,22501.055713550464,22615.662109375,375011.0,,,,,
2019-06-20,22768.469524572647,22768.469524572647,22310.043963675213,22348.24609375,365686.0,,,,,
2019-06-21,22386.448404674367,22730.267578125,22348.246274290967,22730.267578125,339661.0,,,,,
2019-06-24,22730.269441717955,22730.269441717955,22386.450240078524,22501.056640625,201949.0,,,,,
2019-06-25,22462.853277439022,22539.257540287457,21851.61917465157,21928.0234375,519338.0,,,,,
2019-06-26,21928.02340335446,22042.629797448644,21660.608483801356,21851.619140625,288991.0,,,,,
2019-06-27,21851.61920844184,22004.427734375,21431.395762125652,22004.427734375,353520.0,,,,,
2019-06-28,21813.417937856982,22080.832868793936,21737.013671875,21737.013671875,145957.0,,,,,
2019-07-01,21928.025335800437,22119.036009457235,21737.01466214364,21775.216796875,130467.0,,,,,
2019-07-02,21660.608276367188,21737.012538364954,21354.991228376115,21393.193359375,262464.0,,,,,
2019-07-03,21546.00252203154,21546.00252203154,20590.94921875,20590.94921875,417624.0,,,,,
2019-07-04,20629.15343237705,21049.376928221765,20514.547024419397,20972.97265625,174013.0,,,,,
2019-07-05,20858.36433756806,21202.183529945552,20858.36433756806,21049.375,137695.0,,,,,
2019-07-08,21049.3739340087,21202.182456215654,20743.75688959478,20858.36328125,155827.0,,,,,
2019-07-09,20934.768407931355,20972.970540062615,20514.544954487475,20590.94921875,121972.0,,,,,
2019-07-10,20590.94822403578,20781.958875464683,20323.533312035313,20552.74609375,202491.0,,,,,
2019-07-11,20361.736393592877,20781.95984636871,20323.534261522345,20514.544921875,307392.0,,,,,
2019-07-12,20514.544954487475,20743.757747275045,20514.544954487475,20590.94921875,149320.0,,,,,
2019-07-15,20438.140690224955,20743.757747275045,20438.140690224955,20590.94921875,104743.0,,,,,
2019-07-16,20781.958984375,20820.16111486098,20361.73554902918,20781.958984375,377051.0,,,,,
2019-07-17,20552.747119050367,20667.353515625,20361.73645809265,20667.353515625,148287.0,,,,,
2019-07-18,20476.344662193973,20476.344662193973,19941.51476430085,20285.333984375,329597.0,,,,,
2019-07-19,20361.73572173962,21240.384730370035,20208.927198499547,21163.98046875,332374.0,,,,,
2019-07-22,21163.984332386364,21354.99502130682,20781.962954545455,21011.17578125,149562.0,,,,,
2019-07-23,20972.97172214674,21240.386662137684,20820.16318500906,21087.578125,153513.0,,,,,
2019-07-24,21011.1717672909,21163.98028923483,20667.35259291705,20781.958984375,145165.0,,,,,
2019-07-25,20590.94918601606,20667.353450157123,20285.332129451817,20514.544921875,174353.0,,,,,
2019-07-26,20285.328496343693,21011.16887568556,20056.115744972576,20896.5625,244870.0,,,,,
2019-07-29,20858.36331689097,21087.576100593065,20629.15053318887,20934.767578125,204567.0,,,,,
2019-07-30,21011.171694155095,21011.171694155095,20476.341869212964,20629.150390625,106691.0,,,,,
2019-07-31,20743.758064065296,21354.9921875,20552.74740049195,21354.9921875,302428.0,,,,,
2019-08-01,21354.98800274223,21507.796503656307,20896.5625,20896.5625,264898.0,,,,,
2019-08-02,20514.54576526989,20820.16283439867,20056.120161576702,20170.7265625,375832.0,,,,,
2019-08-05,19941.51171875,20132.522367397032,19712.298940373563,19941.51171875,261962.0,,,,,
2019-08-06,19750.501849926615,19750.501849926615,19253.87414383562,19521.2890625,472190.0,,,,,
2019-08-07,19406.68530673668,19483.089579597847,18604.440441694416,18642.642578125,516755.0,,,,,
2019-08-08,18871.853730930117,19750.502791277067,18719.045198695865,19406.68359375,387762.0,,,,,
2019-08-09,19406.682599852073,19979.714566383136,19368.48046875,19368.48046875,161724.0,,,,,
2019-08-12,19368.47999366554,19521.288514325624,18298.82034904496,18375.224609375,266971.0,,,,,
2019-08-13,18375.22400390625,19253.87296875,18375.22400390625,19101.064453125,278948.0,,,,,
2019-08-14,18910.055486505684,18948.257618801657,18489.83203125,18489.83203125,329253.0,,,,,
2019-08-16,18298.8193967194,18528.0321657806,17802.191730420123,18413.42578125,289265.0,,,,,
2019-08-19,18566.235333440723,18719.04385470361,18298.82042123067,18528.033203125,162108.0,,,,,
2019-08-20,18260.61897369124,18413.427500667734,17611.182734041133,17878.59765625,603436.0,,,,,
2019-08-21,17878.600678066035,18260.622060075995,17763.99426346305,18222.419921875,263880.0,,,,,
2019-08-22,18222.418109118327,18795.450125128336,18222.418109118327,18604.439453125,287409.0,,,,,
2019-08-23,18337.025214592275,18451.631622183475,17763.993176636264,17802.1953125,595793.0,,,,,
2019-08-26,17458.374207064637,17993.20405148237,17305.56568008814,17878.59765625,263286.0,,,,,
2019-08-27,17763.990158114153,18069.607193092463,17611.181640625,17611.181640625,305340.0,,,,,
2019-08-28,17572.97954913607,17840.394455318576,17458.37316077214,17687.5859375,254065.0,,,,,
2019-08-29,17687.588006734342,18031.40721204883,17649.385872810508,17993.205078125,191490.0,,,,,
2019-08-30,17763.99142341135,18298.821272718356,17763.99142341135,18260.619140625,219173.0,,,,,
2019-09-02,19521.292620708857,19521.292620708857,18146.01564547301,18222.419921875,152706.0,,,,,
2019-09-03,18184.214908854166,18604.438362630208,18184.214908854166,18337.0234375,258450.0,,,,,
2019-09-04,18184.213012188797,18489.830037603733,18146.01088401193,18413.42578125,224540.0,,,,,
2019-09-05,18184.213012188797,18604.436422134335,18184.213012188797,18413.42578125,277191.0,,,,,
2019-09-06,18337.022442588728,18528.03309303236,18260.618182411275,18298.8203125,309354.0,,,,,
2019-09-09,18146.011792145095,18566.23522312109,18146.011792145095,18298.8203125,244966.0,,,,,
2019-09-10,18222.416300868408,19101.06530489351,18222.416300868408,18833.650390625,459063.0,,,,,
2019-09-11,18948.2578438755,19292.077038623243,18871.853578376005,19024.662109375,555351.0,,,,,
2019-09-16,19024.6601953125,19635.8942578125,18986.45806640625,19101.064453125,367539.0,,,,,
2019-09-17,19101.06551670792,19521.288958075496,19101.06551670792,19292.076171875,447736.0,,,,,
2019-09-18,19330.277606670672,19941.511681189902,19330.277606670672,19865.107421875,281407.0,,,,,
2019-09-19,19750.501849926615,19750.501849926615,19253.87414383562,19521.2890625,365560.0,,,,,
2019-09-20,19521.2910949589,19750.50390625,19330.28041888298,19750.50390625,374560.0,,,,,
2019-09-23,19483.08612530048,19979.713810847355,19444.883995643027,19865.107421875,210602.0,,,,,
2019-09-24,19941.511681189902,20017.91594050481,19750.501032902645,19865.107421875,246078.0,,,,,
2019-09-25,19865.10753326996,20438.139481345057,19826.905403398287,20094.3203125,419643.0,,,,,
2019-09-26,20094.3203125,20170.724572243344,19559.490494296577,20094.3203125,386691.0,,,,,
2019-09-27,20208.928636390745,20247.130769918895,19788.70516758111,20017.91796875,327871.0,,,,,
2019-09-30,20170.7265625,20285.332963423298,19903.31162701231,20170.7265625,277780.0,,,,,
2019-10-01,20170.727577683618,20590.95106888536,19941.51476430085,20285.333984375,265630.0,,,,,
2019-10-02,20361.73815054374,20361.73815054374,19903.312526141253,19979.716796875,383593.0,,,,,
2019-10-04,19788.704861111113,19865.109126984127,19253.875,19253.875,781415.0,,,,,
2019-10-07,19444.884696008663,19712.299613242576,19062.863385674504,19292.076171875,274316.0,,,,,
2019-10-08,19177.470764883892,19635.896360857212,19177.470764883892,19330.279296875,299816.0,,,,,
2019-10-10,18910.057533139086,19330.28103387551,18337.02548668033,18642.642578125,537730.0,,,,,
2019-10-11,18948.256274131276,20017.915902509652,18948.256274131276,19788.703125,578431.0,,,,,
2019-10-14,20017.917140595684,20629.15125175891,19941.512876700283,20361.736328125,274770.0,,,,,
2019-10-15,20399.938492990656,20705.555549065422,20170.72570093458,20438.140625,202056.0,,,,,
2019-10-16,20438.142526630178,20552.748933321564,20132.52544211982,20285.333984375,185822.0,,,,,
2019-10-17,20094.3203125,20361.73522160171,19979.71392288498,20094.3203125,135553.0,,,,,
2019-10-18,20170.726502862595,20323.53503697519,19865.109434637405,20017.91796875,393544.0,,,,,
2019-10-21,19865.107713386195,20667.35244796525,19865.107713386195,20476.341796875,256077.0,,,,,
2019-10-22,20361.73731931765,20820.16292500585,20285.33305170295,20399.939453125,250644.0,,,,,
2019-10-23,20094.320237667624,20552.745794420494,19865.10745929119,19941.51171875,201342.0,,,,,
2019-10-24,19788.70612004063,20247.13174444312,19788.70612004063,19979.716796875,176682.0,,,,,
2019-10-25,19903.312526141253,20056.12106760875,19559.493307839388,19979.716796875,158986.0,,,,,
2019-10-28,20361.736020934462,20361.736020934462,19559.49126213592,19674.09765625,179629.0,,,,,
2019-10-29,19712.299955357143,20323.5340625,19521.289296875,20056.119140625,253607.0,,,,,
2019-10-30,19903.309437317606,20132.522213946984,19597.692401811768,19635.89453125,133573.0,,,,,
2019-10-31,19597.69322014233,19635.895351175743,19177.469778774754,19292.076171875,203807.0,,,,,
2019-11-01,19215.67190980817,19483.08682704208,19101.06551670792,19292.076171875,176045.0,,,,,
2019-11-04,19292.075585194867,20285.330961858363,19292.075585194867,20094.3203125,261461.0,,,,,
2019-11-05,20132.52360116969,20629.15131808659,20094.321469099163,20514.544921875,183615.0,,,,,
2019-11-06,20514.545795253536,20590.950062647404,20094.32232458726,20247.130859375,163035.0,,,,,
2019-11-07,20017.9147765457,21354.98923681115,19979.712649109544,21316.787109375,422281.0,,,,,
2019-11-08,21316.787275011044,22004.425574204943,21240.383019545057,21622.404296875,454932.0,,,,,
2019-11-11,21393.193394128113,21889.821097920376,21354.99126306717,21469.59765625,204175.0,,,,,
2019-11-12,21469.597690879877,21660.608346492685,21240.384904144503,21546.001953125,225378.0,,,,,
2019-11-13,21393.194192377498,21737.01338475499,20781.96007259528,21049.375,316850.0,,,,,
2019-11-14,21011.17578125,21049.377919034097,20743.760816761365,21011.17578125,252604.0,,,,,
2019-11-15,21049.373350005513,22080.830846285273,20972.969091021827,21660.607421875,462457.0,,,,,
2019-11-18,21660.60931255551,21737.01357820826,21316.79011711812,21507.80078125,171900.0,,,,,
2019-11-19,21316.790023283214,21546.002819232497,21049.375094675717,21278.587890625,171722.0,,,,,
2019-11-20,21163.98142941908,21354.99209213947,20972.97076669869,21125.779296875,166171.0,,,,,
2019-11-21,21125.77916786124,21316.78982941514,20476.342918577982,20820.162109375,336202.0,,,,,
2019-11-22,20858.36328125,21240.3845867674,20743.75688959478,20858.36328125,188535.0,,,,,
2019-11-25,20552.747339527028,21278.587858952706,20552.747339527028,21202.18359375,174364.0,,,,,
2019-11-26,21240.384730370035,21737.012430900268,20667.352768219764,21163.98046875,641132.0,,,,,
2019-11-27,21622.406352436625,21928.02340335446,21240.385038789336,21851.619140625,220592.0,,,,,
2019-11-28,21660.608517530487,22004.42770034843,21431.395728985193,21928.0234375,219347.0,,,,,
2019-11-29,22233.640241350444,22233.640241350444,21354.991228376115,21393.193359375,298555.0,,,,,
2019-12-02,21584.204983788015,21698.81138193202,21202.18365664132,21354.9921875,201247.0,,,,,
2019-12-03,21354.9921875,21737.01351464669,20972.97086035331,21354.9921875,182736.0,,,,,
2019-12-04,21125.780315591277,21393.195256294963,20896.56750927383,21240.38671875,190628.0,,,,,
2019-12-05,21049.3733130531,21775.213772123898,21049.3733130531,21584.203125,272041.0,,,,,
2019-12-06,21622.4082306338,21813.418904049297,21316.791153169015,21698.8125,152258.0,,,,,
2019-12-09,21507.798903907627,21775.21381035053,21354.990385940255,21660.607421875,177289.0,,,,,
2019-12-10,21431.397333559784,21698.812273550724,21049.37599071558,21087.578125,259044.0,,,,,
2019-12-11,21240.38860795455,21240.38860795455,20743.760816761365,21011.17578125,183378.0,,,,,
2019-12-12,21393.19462435233,22348.247955796633,21393.19462435233,22119.03515625,722053.0,,,,,
2019-12-13,22310.04508627946,22768.470670244107,22310.04508627946,22692.06640625,376154.0,,,,,
2019-12-16,22692.06715511658,22768.471421632123,21851.620223445596,22119.03515625,325931.0,,,,,
2019-12-17,22042.630767020575,22157.237166155865,21737.01370265981,21813.41796875,500201.0,,,,,
2019-12-18,21813.418149656947,22424.652283447685,21813.418149656947,22271.84375,148366.0,,,,,
2019-12-19,22233.640625,22386.449151632303,22004.427835051545,22233.640625,251891.0,,,,,
2019-12-20,22310.04543918919,22310.04543918919,21011.172930743243,21202.18359375,491873.0,,,,,
2019-12-23,21278.58498193884,21431.393491683462,21011.170089885753,21316.787109375,225566.0,,,,,
2019-12-24,21354.98923681115,21393.191364247312,21125.77647219422,21316.787109375,172512.0,,,,,
2019-12-26,21469.59858564401,21469.59858564401,21202.18365664132,21354.9921875,154026.0,,,,,
2019-12-27,21378.657544889506,21654.765668162985,21220.881474447517,21418.1015625,259462.0,,,,,
2019-12-30,21457.546266233767,21536.434303977272,20984.218039772728,21260.326171875,172927.0,,,,,
2020-01-02,21260.324324324327,21378.656370656372,20432.0,20432.0,287208.0,,,,,
2020-01-03,20510.89007244597,20668.666149926325,20077.005859375,20077.005859375,321054.0,,,,,
2020-01-06,19761.45307877219,20195.337278106508,19761.45307877219,19998.1171875,195641.0,,,,,
2020-01-07,20037.561813354492,20274.225929260258,20037.561813354492,20195.337890625,192534.0,,,,,
2020-01-08,19879.78321482036,20116.44730071108,19367.0110287238,19761.451171875,268551.0,,,,,
2020-01-09,19761.45192557054,20077.00405212656,18893.683577541495,19012.015625,544386.0,,,,,
2020-01-10,19012.01564131002,19051.45965716336,18696.463514483297,18893.68359375,391965.0,,,,,
2020-01-13,18933.12824844075,19130.348334362006,18578.13209378249,18972.572265625,358730.0,,,,,
2020-01-14,18972.572852760735,19367.013036809814,18814.796779141107,19288.125,296594.0,,,,,
2020-01-15,19169.79233115961,19485.344468298037,19051.460279732695,19090.904296875,214769.0,,,,,
2020-01-16,19130.348902756607,19445.9010496062,18933.12881097561,19406.45703125,267107.0,,,,,
2020-01-17,19327.567085597824,19445.899128979036,18893.682926533384,19051.458984375,333300.0,,,,,
2020-01-20,18972.570955454194,19288.123071137423,18933.12694099379,19051.458984375,180669.0,,,,,
2020-01-21,19130.34899902344,19169.79301757813,18854.240869140624,18933.12890625,143743.0,,,,,
2020-01-22,19209.23643157442,19209.23643157442,18302.024033368645,18617.576171875,276576.0,,,,,
2020-01-23,18499.244850852272,18538.688869724025,18144.24868100649,18223.13671875,264482.0,,,,,
2020-01-28,18025.917398907295,18459.801625139196,17592.03317267539,17710.365234375,335767.0,,,,,
2020-01-29,17710.364600810964,17789.252639121925,17552.58852418904,17631.4765625,220408.0,,,,,
2020-01-30,17631.475948281957,17986.47210831448,17276.479788249435,17434.255859375,445666.0,,,,,
2020-01-31,17276.481099076704,17710.365327592328,17276.481099076704,17355.369140625,293546.0,,,,,
2020-02-03,17276.47983264048,17513.143939936926,16763.707600164853,17197.591796875,275935.0,,,,,
2020-02-04,17197.592937638274,17986.47334762168,17118.704896639934,17828.697265625,362540.0,,,,,
2020-02-05,17710.363896441355,18341.468177829018,17513.14380850771,17907.583984375,342021.0,,,,,
2020-02-06,18223.137943097016,18657.02217983742,18065.361857009593,18499.24609375,217770.0,,,,,
2020-02-07,18341.470040906657,18538.69014887339,18223.13797612661,18380.9140625,220178.0,,,,,
2020-02-10,18302.024756493505,18380.91279423701,18104.80466213474,18223.13671875,179945.0,,,,,
2020-02-11,18302.023454446855,18538.687550840565,18025.91534198753,18183.69140625,199501.0,,,,,
2020-02-12,17947.026688425165,18262.57880602385,17749.806614925987,17986.470703125,483668.0,,,,,
2020-02-13,17868.140651041667,18223.136822916666,17670.920555555556,17749.80859375,326751.0,,,,,
2020-02-14,17631.4765625,17868.140677432886,17552.58852418904,17631.4765625,155730.0,,,,,
2020-02-17,17631.4765625,17828.696658277404,17513.144505033557,17631.4765625,103581.0,,,,,
2020-02-18,17473.69921875,17552.587251340294,17276.479137274266,17473.69921875,182891.0,,,,,
2020-02-19,17789.25277596933,17789.25277596933,16960.928367332177,17039.81640625,276154.0,,,,,
2020-02-20,17000.37102320824,17631.475283930587,17000.37102320824,17473.69921875,361917.0,,,,,
2020-02-21,17473.69989945188,17552.58793511532,17197.59177462984,17315.923828125,231501.0,,,,,
2020-02-24,17394.812447567114,18104.804792365772,17355.368428411635,17631.4765625,522379.0,,,,,
2020-02-25,17749.80802427392,17828.69605993736,17276.47981029328,17315.923828125,329904.0,,,,,
2020-02-26,16842.596962913285,17355.369235788865,16763.708920932426,17000.373046875,410468.0,,,,,
2020-02-27,16882.0388760846,18380.91148657809,16882.0388760846,18183.69140625,559895.0,,,,,
2020-02-28,18065.361388620026,18144.24942961836,17592.033142629978,17828.697265625,511048.0,,,,,
2020-03-02,18025.918295784883,18065.362318313953,16882.04164244186,16960.9296875,539063.0,,,,,
2020-03-03,17197.59382267442,17355.3699127907,16882.04164244186,16960.9296875,293231.0,,,,,
2020-03-04,17039.815184964198,17158.147234859785,16329.822885590693,16527.04296875,399491.0,,,,,
2020-03-05,16605.931617592865,16882.03974425118,16527.043581404778,16724.263671875,320941.0,,,,,
2020-03-06,16645.375426049326,16645.375426049326,15974.82712689568,16093.1591796875,357105.0,,,,,
2020-03-09,16093.1591796875,16093.1591796875,16093.1591796875,16093.1591796875,0.0,,,,,
2020-03-10,14949.283203125,15225.391336164248,14633.731051080144,14949.283203125,453088.0,,,,,
2020-03-11,14712.61840187824,15462.054727979275,14712.61840187824,15225.390625,495345.0,,,,,
2020-03-12,15225.390625,15225.390625,15225.390625,15225.390625,0.0,,,,,
2020-03-13,13174.303073347108,14949.284026342975,13174.303073347108,14318.1796875,670337.0,,,,,
2020-03-16,14199.845897414922,15067.6142578125,13844.849749979549,15067.6142578125,392252.0,,,,,
2020-03-17,14199.846276954178,14870.394573365904,14002.62618977426,14633.73046875,464671.0,,,,,
2020-03-18,14318.178640057964,15738.16329857611,14278.734621765794,14673.1748046875,483643.0,,,,,
2020-03-19,14988.726054908191,15462.05424611582,13095.413290077684,13963.181640625,677705.0,,,,,
2020-03-20,13884.294461382116,14554.842773437502,13371.522222751526,14554.8427734375,616369.0,,,,,
2020-03-23,13687.07439218323,15028.17101850666,13687.07439218323,14436.5107421875,477783.0,,,,,
2020-03-24,14357.622346698114,14988.726625673857,14120.958242082212,14633.73046875,402886.0,,,,,
2020-03-25,14870.394972278224,15895.939453124998,14830.95095378412,15895.939453125,524855.0,,,,,
2020-03-26,15738.161455078123,16487.59771484375,15659.273427734375,15777.60546875,458907.0,,,,,
2020-03-27,16487.59893364929,16763.707049763034,16014.270734597158,16645.375,379625.0,,,,,
2020-03-30,16408.712794117648,17197.593216911766,15935.384540441177,16763.708984375,290312.0,,,,,
2020-03-31,16763.708091887416,17868.140625,16763.708091887416,17868.140625,373747.0,,,,,
2020-04-01,17670.91943127962,18065.3595971564,16645.375,16645.375,288423.0,,,,,
2020-04-02,16684.819982751622,18302.024756493505,16684.819982751622,18223.13671875,401701.0,,,,,
2020-04-03,17670.921183628318,18380.913552613383,17592.033142629978,17828.697265625,297419.0,,,,,
2020-04-06,18104.806117466516,18538.690359933036,17670.921875,17670.921875,245259.0,,,,,
2020-04-07,17907.58394191576,18144.248046875,17631.475819463318,18144.248046875,317877.0,,,,,
2020-04-08,18104.804765625,18262.58084201389,17710.364574652776,17749.80859375,436846.0,,,,,
2020-04-09,17868.140573937908,18223.136744281044,17670.920479302833,18104.8046875,370016.0,,,,,
2020-04-10,17947.028442382812,19288.125073242187,17789.252368164063,18933.12890625,470861.0,,,,,
2020-04-13,18617.5768064346,19288.125123615504,18538.6887691192,18696.46484375,252590.0,,,,,
2020-04-14,18735.90881347656,19090.90498046875,18617.576757812498,18933.12890625,197118.0,,,,,
2020-04-16,18933.131403688523,19445.903712538424,18735.911284900103,19248.68359375,280315.0,,,,,
2020-04-17,18854.24141579684,19800.897888556516,18854.24141579684,19367.013671875,252481.0,,,,,
2020-04-20,19288.12563247836,19524.78975066828,19051.461514288443,19367.013671875,286489.0,,,,,
2020-04-21,19248.68359375,19524.79176005379,18657.023237384732,19248.68359375,354356.0,,,,,
2020-04-22,19327.57034458419,19327.57034458419,18735.910027913244,19209.23828125,1097431.0,,,,,
2020-04-23,18972.573941929135,20274.226624015748,18893.685900590554,20037.5625,591687.0,,,,,
2020-04-24,19879.786417322837,20668.666830708666,19800.898375984252,20037.5625,403463.0,,,,,
2020-04-27,20155.89316895472,20826.44147398844,20077.0051330684,20471.4453125,305875.0,,,,,
2020-04-28,20471.444599923205,20905.32878219518,20195.336483931947,20865.884765625,258552.0,,,,,
2020-04-29,20786.99743324952,21063.10555854885,20589.77734375,20589.77734375,275525.0,,,,,
2020-05-04,19840.343193655302,19919.23123816288,19445.902971117423,19524.791015625,441855.0,,,,,
2020-05-06,19761.452467473853,19919.228535078437,19406.456315363543,19800.896484375,302945.0,,,,,
2020-05-07,19564.233660536785,19958.673855305668,19524.78964105989,19840.341796875,177132.0,,,,,
2020-05-08,20116.44974803197,20786.99807296637,19919.229652463026,20668.666015625,280146.0,,,,,
2020-05-11,20668.666095266988,21299.77040351942,20313.669921875,20313.669921875,246792.0,,,,,
2020-05-12,20234.780592625244,20786.99682712184,19919.22845862719,20274.224609375,220655.0,,,,,
2020-05-13,20195.338951310863,21102.55144326428,20155.894929921586,21063.107421875,371824.0,,,,,
2020-05-14,21141.99492112811,21141.99492112811,20510.890595124285,20629.22265625,415251.0,,,,,
2020-05-15,21141.99546465356,21299.771550210673,20826.443293539327,21063.107421875,500026.0,,,,,
2020-05-18,21220.883785232843,21220.883785232843,20116.451171875,20116.451171875,487550.0,,,,,
2020-05-19,20510.890844188376,20905.33105273046,19603.67836454158,19682.56640625,590088.0,,,,,
2020-05-20,19958.67190625,20077.003953125,19682.563796875,19722.0078125,233303.0,,,,,
2020-05-21,19722.00850976166,19761.452526781188,19209.23628850786,19445.900390625,360700.0,,,,,
2020-05-22,19524.78975066828,19603.67779006492,19090.905533986763,19367.013671875,240803.0,,,,,
2020-05-25,19406.456393494896,19485.344427614793,19209.23630819515,19327.568359375,124733.0,,,,,
2020-05-26,19051.460239955355,19564.232461734693,19051.460239955355,19327.568359375,214202.0,,,,,
2020-05-27,19169.79102775621,19327.567085597824,19051.458984375,19051.458984375,281710.0,,,,,
2020-05-28,19051.461655560663,19169.79371553309,18696.465475643385,18775.353515625,324593.0,,,,,
2020-05-29,18775.351514175258,19130.34765625,18459.7993878866,19130.34765625,409714.0,,,,,
2020-06-01,19130.351522476947,19288.127617507685,18933.131403688523,19248.68359375,232802.0,,,,,
2020-06-02,19090.904792906746,20077.005247085817,19012.01675657242,19879.78515625,477156.0,,,,,
2020-06-03,20077.00448843149,20550.332688551684,19998.116455078125,20510.888671875,465518.0,,,,,
2020-06-04,20905.331574378655,20984.219618055555,20155.8951594481,20234.783203125,369471.0,,,,,
2020-06-05,20116.45045031431,20471.446634731627,20037.56240933269,20392.55859375,202297.0,,,,,
2020-06-08,20865.884821965145,20865.884821965145,20195.33653846154,20510.888671875,300325.0,,,,,
2020-06-09,20432.001656983302,21970.318384053473,20432.001656983302,21851.986328125,649727.0,,,,,
2020-06-10,22088.6510509839,22088.6510509839,21694.2108536449,22049.20703125,337114.0,,,,,
2020-06-11,21654.767249455996,21891.43137240087,20195.33849129594,20392.55859375,634307.0,,,,,
2020-06-12,19682.565773547532,19840.341851892605,19051.46146016725,19603.677734375,416712.0,,,,,
2020-06-15,19445.900535454184,19761.452673960543,18617.576171875,18617.576171875,436356.0,,,,,
2020-06-16,18735.907514263487,19209.23570409751,18696.463498443984,19012.015625,235234.0,,,,,
2020-06-17,19012.018175693014,19367.014365695584,18775.35404902464,19209.23828125,291922.0,,,,,
2020-06-18,18854.24141579684,19406.45769157332,18854.24141579684,19367.013671875,150439.0,,,,,
2020-06-19,19445.901683483047,19485.345703125,18972.573447779607,19485.345703125,169776.0,,,,,
2020-06-22,19051.459624677835,19564.231829896908,19051.459624677835,19130.34765625,154766.0,,,,,
2020-06-23,19248.680228960395,20195.336633663366,19090.9041615099,19919.228515625,326585.0,,,,,
2020-06-24,19919.228515625,20234.78065052599,19603.67638072401,19919.228515625,181293.0,,,,,
2020-06-25,19722.00790975104,19761.45192557054,19012.015625,19012.015625,150311.0,,,,,
2020-06-26,19130.349048984703,19130.349048984703,18657.0208250923,18696.46484375,195632.0,,,,,
2020-06-29,18341.468177829018,18459.800230589208,17907.583984375,17907.583984375,224409.0,,,,,
2020-06-30,17986.47328739083,18617.57761326419,17986.47328739083,18065.361328125,225277.0,,,,,
2020-07-01,18144.248046875,18459.800186820652,18104.80402938179,18144.248046875,135888.0,,,,,
2020-07-02,18223.13732099839,18617.57752275161,18223.13732099839,18420.357421875,165477.0,,,,,
2020-07-03,18380.912067995236,18696.46420650159,18341.46805068194,18617.576171875,123535.0,,,,,
2020-07-06,18814.7968997231,18933.1289556962,18341.468675830696,18696.46484375,112515.0,,,,,
2020-07-07,18775.35099712171,18933.127055921053,17986.470703125,17986.470703125,568269.0,,,,,
2020-07-08,18025.915994395385,18223.136081861412,17947.02795940897,18144.248046875,296201.0,,,,,
2020-07-09,18144.24739018438,18499.243534774945,18025.91534198753,18183.69140625,342350.0,,,,,
2020-07-10,18341.468962585033,18341.468962585033,17394.8125,17394.8125,414641.0,,,,,
2020-07-13,17434.255837429773,17670.919943820223,17355.36780196629,17552.587890625,480662.0,,,,,
2020-07-14,17434.257090409243,17947.02935777422,17434.257090409243,17710.365234375,403821.0,,,,,
2020-07-15,17828.69594920154,18420.356213002477,17828.69594920154,17907.583984375,437893.0,,,,,
2020-07-16,17907.5838602357,18814.79625844147,17907.5838602357,18617.576171875,452354.0,,,,,
2020-07-17,18854.24285082547,19248.68307783019,18735.910782724055,18814.798828125,290467.0,,,,,
2020-07-20,18972.574918926886,18972.574918926886,18499.246646521227,18814.798828125,241349.0,,,,,
2020-07-21,18696.46489383013,18775.352931356836,18459.80078125,18459.80078125,263608.0,,,,,
2020-07-22,18459.800102621823,19090.904379634536,18420.35608530853,18617.576171875,323375.0,,,,,
2020-07-23,18617.576235151188,18775.352304940607,18183.69204323029,18262.580078125,193287.0,,,,,
2020-07-24,18065.359990888228,18380.912130467063,17986.471955993522,18262.580078125,157761.0,,,,,
2020-07-27,18262.581997719957,18814.798300026825,18262.581997719957,18380.9140625,163577.0,,,,,
2020-07-28,18420.35805070629,18657.02217983742,18262.58196461887,18499.24609375,197097.0,,,,,
2020-07-29,18262.581283859672,18775.353544529597,18065.361183602006,18657.021484375,168174.0,,,,,
2020-07-30,18538.689395680147,19090.905675551472,18538.689395680147,18775.353515625,226875.0,,,,,
2020-07-31,18657.022213653432,18854.24232162017,18223.13797612661,18380.9140625,237505.0,,,,,
2020-08-03,18420.35825769124,18459.80227965632,17631.477818389692,17789.25390625,284844.0,,,,,
2020-08-04,17670.921840354767,18065.362060005544,17631.477818389692,17789.25390625,193161.0,,,,,
2020-08-05,17710.365862319846,18025.91803804047,17670.921840354767,17789.25390625,178689.0,,,,,
2020-08-06,17789.251910387036,18144.248068243985,17710.363875307714,18025.916015625,199847.0,,,,,
2020-08-07,17907.584644039736,18144.248758278147,17789.25258692053,17868.140625,205360.0,,,,,
2020-08-10,17631.475948281957,17868.140054970307,17355.36782381222,17434.255859375,548692.0,,,,,
2020-08-11,17473.700910073137,18696.465533577128,17434.256889960106,18538.689453125,500378.0,,,,,
2020-08-12,18420.356595092024,19485.34509202454,18302.0245398773,19288.125,525863.0,,,,,
2020-08-13,19485.344427614793,19879.784598214283,19130.348274075255,19327.568359375,463583.0,,,,,
2020-08-14,19524.788506204524,19524.788506204524,18657.020128150987,18972.572265625,265319.0,,,,,
2020-08-18,19051.4597420528,19367.01187028556,18262.579421470906,18302.0234375,485937.0,,,,,
2020-08-19,18223.135958747385,19169.792372188807,18223.135958747385,18854.240234375,320195.0,,,,,
2020-08-20,18538.689634610066,18735.90973710592,17828.697265625,17828.697265625,359573.0,,,,,
2020-08-21,17828.69792821508,18341.470213761088,17789.25390625,17789.25390625,295936.0,,,,,
2020-08-24,17907.584644039736,17907.584644039736,17434.256415562915,17868.140625,194058.0,,,,,
2020-08-25,17907.58524665666,18262.581429960424,17749.80916518832,18065.361328125,224822.0,,,,,
2020-08-26,17947.02868923611,17986.472708333335,17552.58849826389,17749.80859375,243423.0,,,,,
2020-08-27,17710.364574652776,17749.80859375,17513.144479166665,17749.80859375,204834.0,,,,,
2020-08-28,17868.141985212053,17907.586007254464,17513.14578683036,17670.921875,202632.0,,,,,
2020-08-31,17749.808001626134,17986.47210831448,17394.811841593608,17434.255859375,375615.0,,,,,
2020-09-01,17434.257060633296,17986.47334762168,17394.813040134126,17828.697265625,307638.0,,,,,
2020-09-02,18065.358732524674,18065.358732524674,17592.030556126647,17986.470703125,181105.0,,,,,
2020-09-03,17986.472708333335,18025.916727430555,17592.03251736111,17749.80859375,181389.0,,,,,
2020-09-04,17473.69989945188,17670.91998861048,17237.03579246156,17315.923828125,391277.0,,,,,
2020-09-07,17355.369140625,17592.033265269885,17158.14903675426,17355.369140625,281797.0,,,,,
2020-09-08,17473.700512035473,17631.47658889358,17355.36845439189,17513.14453125,195937.0,,,,,
2020-09-09,17355.369698660714,17710.36589704241,17276.48165457589,17670.921875,212632.0,,,,,
2020-09-10,17749.807332816028,17828.69536540632,17473.69921875,17473.69921875,328089.0,,,,,
2020-09-11,17355.369019634956,17828.697265625,17355.369019634956,17828.697265625,258190.0,,,,,
2020-09-14,17828.695261659435,18183.69140625,17631.475181331345,18183.69140625,310564.0,,,,,
2020-09-15,18183.69077662418,18223.134791324013,17789.25062962582,17986.470703125,220620.0,,,,,
2020-09-16,17868.141226289576,18104.80534849209,17828.69720592249,18065.361328125,268244.0,,,,,
2020-09-17,18183.692107482104,18183.692107482104,17828.69594920154,17907.583984375,226025.0,,,,,
2020-09-18,18065.36003316466,18065.36003316466,17749.807892847373,18025.916015625,219793.0,,,,,
2020-09-21,17868.139966788272,18302.02416024229,17868.139966788272,17907.583984375,181050.0,,,,,
2020-09-22,17907.58469658837,18104.804792365772,17592.03254334452,17631.4765625,260891.0,,,,,
2020-09-23,17631.475948281957,17789.252019407522,17434.255859375,17434.255859375,227490.0,,,,,
2020-09-24,17473.70043460265,17947.028663079473,17355.368377483443,17868.140625,281094.0,,,,,
2020-09-25,18025.91675405481,18025.91675405481,17473.70048587808,17631.4765625,214506.0,,,,,
2020-09-28,17670.920581655482,17789.252639121925,17552.58852418904,17631.4765625,114444.0,,,,,
2020-09-29,17789.252639121925,17947.028715743847,17592.03254334452,17631.4765625,213386.0,,,,,
2020-10-05,17986.472682119205,18025.91670115894,17749.808567880795,17868.140625,272664.0,,,,,
2020-10-06,17828.697091090424,18657.021513464097,17789.253070977393,18538.689453125,418463.0,,,,,
2020-10-07,18617.576110966736,19090.904317177756,18341.467990676974,18972.572265625,339108.0,,,,,
2020-10-08,18972.57228605518,19130.348354962083,18696.464165468096,18854.240234375,278631.0,,,,,
2020-10-12,19051.46239505597,19130.35043809968,18420.35805070629,18499.24609375,285620.0,,,,,
2020-10-13,18459.800165361772,18617.576235151188,18144.248025782937,18262.580078125,203723.0,,,,,
2020-10-14,18262.57880602385,18420.35486482319,17986.470703125,17986.470703125,256277.0,,,,,
2020-10-15,17907.584644039736,18025.91670115894,17710.364548841062,17868.140625,275513.0,,,,,
2020-10-16,17986.47130926724,18499.243517645475,17986.47130926724,18302.0234375,303843.0,,,,,
2020-10-19,18459.802623820753,18814.798828125,18341.47055571934,18814.798828125,304763.0,,,,,
2020-10-20,18617.576171875,18775.352241128177,18459.800102621823,18617.576171875,156148.0,,,,,
2020-10-21,18696.464165468096,18893.684251601728,18538.688096561193,18854.240234375,197239.0,,,,,
2020-10-22,18933.128057729944,20155.892578125,18657.01994022138,20155.892578125,677119.0,,,,,
2020-10-23,20353.11196911197,20510.888030888033,19998.115830115832,20432.0,389470.0,,,,,
2020-10-26,20510.889939169847,20984.218168535303,20155.893767145753,20668.666015625,406414.0,,,,,
2020-10-27,20471.44616527289,20589.77822403169,19445.901656029928,19603.677734375,410185.0,,,,,
2020-10-28,19209.23626905872,19643.120455834174,19169.792252079133,19564.232421875,220930.0,,,,,
2020-10-29,19051.46086604421,19485.3450679624,18933.12881097561,19406.45703125,220162.0,,,,,
2020-10-30,19327.570580740343,19327.570580740343,18302.026019313304,18380.9140625,366010.0,,,,,
2020-11-02,18657.02014824137,19051.46032050863,18617.576131014644,18854.240234375,191617.0,,,,,
2020-11-03,18814.797947457413,19682.56640625,18775.35392660321,19682.56640625,269716.0,,,,,
2020-11-04,19840.339957209544,19840.339957209544,18814.79554590249,19012.015625,305846.0,,,,,
2020-11-05,19169.79233115961,19485.344468298037,18972.57224544809,19090.904296875,252300.0,,,,,
2020-11-06,19209.235687822165,19327.56773518041,18972.57159310567,19130.34765625,175281.0,,,,,
2020-11-09,19248.68359375,19327.571641265367,19090.90749871926,19248.68359375,195891.0,,,,,
2020-11-10,19445.90228112475,19722.010427104207,19169.79413514529,19682.56640625,399041.0,,,,,
2020-11-11,19564.23298816568,20037.561205621303,19564.23298816568,19998.1171875,303983.0,,,,,
2020-11-12,19998.117958470397,19998.117958470397,19327.569624557185,19485.345703125,363837.0,,,,,
2020-11-13,19288.127617507685,19524.79176005379,19090.90749871926,19248.68359375,234358.0,,,,,
2020-11-16,19564.233128834356,19603.677147239265,19248.68098159509,19288.125,399067.0,,,,,
2020-11-17,19327.56776813674,19367.011783990085,18735.907530336637,18893.68359375,522522.0,,,,,
2020-11-18,19012.018175693014,19327.57034458419,18933.130133470226,19209.23828125,457691.0,,,,,
2020-11-19,19051.45965716336,19169.791704723382,18735.907530336637,18893.68359375,369243.0,,,,,
2020-11-20,18893.6842312565,19090.904317177756,18814.796196887994,18972.572265625,247120.0,,,,,
2020-11-23,18933.12885802469,19209.236987204215,18933.12885802469,19169.79296875,329584.0,,,,,
2020-11-24,19169.79233115961,19367.012416871126,18814.796176878874,19090.904296875,4415545.0,,,,,
2020-11-25,19090.905675551472,19288.125775505516,18775.353515625,18775.353515625,637142.0,,,,,
2020-11-26,18814.7968997231,18893.684937038503,18499.244750461497,18696.46484375,432426.0,,,,,
2020-11-27,18578.131549703663,18696.463597790946,18223.135405441808,18302.0234375,452460.0,,,,,
2020-11-30,18459.79960762332,18499.243623878923,17592.03125,17592.03125,999210.0,,,,,
2020-12-01,17828.69723557692,18025.917337740382,17749.80919471154,17947.029296875,301826.0,,,,,
2020-12-02,18104.80461237981,18459.80078125,18025.916574853098,18459.80078125,607536.0,,,,,
2020-12-03,18341.470040906657,18499.246127280043,18302.026019313304,18380.9140625,350179.0,,,,,
2020-12-04,18341.469381524355,18499.24546222564,18302.025361349035,18420.357421875,393831.0,,,,,
2020-12-07,18420.356838916123,18459.800857843136,17986.472630718956,18104.8046875,351882.0,,,,,
2020-12-08,18183.693389226257,18183.693389226257,17907.58524665666,18065.361328125,339451.0,,,,,
2020-12-09,17986.472682119205,18104.80473923841,17710.364548841062,17868.140625,626634.0,,,,,
2020-12-10,17947.02932712251,18144.24942961836,17631.477163129148,17828.697265625,802151.0,,,,,
2020-12-11,17907.58394191576,18183.69206436821,17789.251889436142,18144.248046875,607146.0,,,,,
2020-12-14,18262.581312333776,18775.35357380319,18144.24925199468,18538.689453125,1027022.0,,,,,
2020-12-15,18657.01883977096,19169.79102775621,18538.68679638975,19051.458984375,1410606.0,,,,,
2020-12-16,19209.23634830191,19248.680365444212,18972.57224544809,19090.904296875,491814.0,,,,,
2020-12-17,18933.12959558824,18972.573615579044,18617.57743566177,18775.353515625,503549.0,,,,,
2020-12-18,18696.46489383013,18893.684987646902,18459.80078125,18459.80078125,686099.0,,,,,
2020-12-21,18538.689453125,18657.021513464097,18341.46935255984,18538.689453125,307953.0,,,,,
2020-12-22,18459.800806451614,18657.020900537635,18302.024731182795,18341.46875,407332.0,,,,,
2020-12-23,18380.91340169968,18499.24546222564,18262.58134117371,18420.357421875,287305.0,,,,,
2020-12-24,18499.24609375,18578.13413679371,18380.91402918443,18499.24609375,388174.0,,,,,
2020-12-28,18578.13347323803,18657.021513464097,18380.913372672872,18538.689453125,602870.0,,,,,
2020-12-29,18827.069426680035,18827.069426680035,18579.886895913995,18621.083984375,625482.0,,,,,
2020-12-30,18621.08451236264,18744.67578125,18497.493243475277,18744.67578125,388990.0,,,,,
2021-01-04,18621.08326939174,18662.280356270927,18373.90074811663,18456.294921875,397341.0,,,,,
2021-01-05,18538.689453125,18579.886540798612,18209.11275173611,18538.689453125,511965.0,,,,,
2021-01-06,18456.294921875,18703.477443150114,18250.309487479073,18456.294921875,637499.0,,,,,
2021-01-07,18579.88463428688,19074.249635642624,18497.49046739425,18991.85546875,851317.0,,,,,
2021-01-08,19115.446719088937,19115.446719088937,18662.278801179506,18991.85546875,633429.0,,,,,
2021-01-11,19074.251592881945,19074.251592881945,18332.704014756942,18538.689453125,777775.0,,,,,
2021-01-12,18538.68891568792,18579.886002167223,18291.50639681208,18415.09765625,663151.0,,,,,
2021-01-13,18538.689807452985,18744.67524975802,18373.90145360896,18621.083984375,637291.0,,,,,
2021-01-14,18538.689274777284,18662.28053660913,18373.900925668153,18497.4921875,724585.0,,,,,
2021-01-15,18579.886002167223,18621.083088646537,18291.50639681208,18415.09765625,782319.0,,,,,
2021-01-18,18332.704556989556,18373.90164588167,17755.9453125,17755.9453125,966486.0,,,,,
2021-01-19,17920.731879340277,17961.92896412037,17714.746455439814,17797.140625,370262.0,,,,,
2021-01-20,17797.14114091981,17838.338226894164,17343.973195201947,17467.564453125,821526.0,,,,,
2021-01-21,17508.762428977272,17755.944957386364,17426.368252840908,17673.55078125,570184.0,,,,,
2021-01-22,17591.15479564439,17632.35187947494,17220.38104116945,17261.578125,758734.0,,,,,
2021-01-25,17261.5789998865,17261.5789998865,16849.608140700668,17014.396484375,697072.0,,,,,
2021-01-26,17096.791194035457,17302.776630108176,16973.199932391828,17137.98828125,453941.0,,,,,
2021-01-27,17220.3828125,17385.171164772728,16726.01775568182,16767.21484375,809345.0,,,,,
2021-01-28,16602.42578125,16643.62286755583,16314.04617710918,16602.42578125,524231.0,,,,,
2021-01-29,16602.424873390388,16849.607377708857,16396.439453125,16396.439453125,477056.0,,,,,
2021-02-01,16355.243439627166,16684.82013362469,16355.243439627166,16643.623046875,336157.0,,,,,
2021-02-02,16643.62410442073,17014.397908727133,16602.427015053352,16890.806640625,450457.0,,,,,
2021-02-03,16973.200284090908,17055.594460227272,16726.01775568182,16767.21484375,365750.0,,,,,
2021-02-04,16808.411030783584,16808.411030783584,16396.440172185947,16561.228515625,493020.0,,,,,
2021-02-05,16520.031429765237,16643.622687344527,16437.63725804571,16561.228515625,372804.0,,,,,
2021-02-08,16602.42684138142,16849.609375,16602.42684138142,16849.609375,412010.0,,,,,
2021-02-09,16890.80540458937,17220.382095410627,16767.2141455314,17055.59375,725037.0,,,,,
2021-02-10,17137.987560679612,17137.987560679612,16849.60796230279,16973.19921875,468992.0,,,,,
2021-02-15,17220.382095410627,17343.9733544686,17055.59375,17055.59375,489283.0,,,,,
2021-02-16,17055.593570293586,17096.790656212168,16890.80522661925,17014.396484375,307700.0,,,,,
2021-02-17,16890.805757962742,17261.57954289363,16849.6086707482,17137.98828125,474448.0,,,,,
2021-02-18,17220.3829944087,17220.3829944087,16808.412109375,16808.412109375,537670.0,,,,,
2021-02-19,16890.80522661925,17096.790656212168,16643.62271110775,17014.396484375,559676.0,,,,,
2021-02-22,17137.988979118327,17920.733668068446,17096.791890226217,17755.9453125,1537160.0,,,,,
2021-02-23,18044.32386037844,18126.71803325688,17714.747168864676,17961.9296875,1432027.0,,,,,
2021-02-24,17961.929669117646,18044.32384191177,17508.76171875,17508.76171875,793112.0,,,,,
2021-02-25,17714.746813796082,18085.520584317397,17632.352642569123,17879.53515625,852206.0,,,,,
2021-02-26,17755.94460794806,18044.32421875,17632.353346175798,18044.32421875,928425.0,,,,,
2021-03-02,17961.929529848654,18373.900390625,17879.53535769339,18373.900390625,857762.0,,,,,
2021-03-03,18332.704190340908,18785.872159090908,18291.507102272728,18579.88671875,917640.0,,,,,
2021-03-04,18621.083984375,18785.872338219026,18373.90145360896,18621.083984375,546224.0,,,,,
2021-03-05,18538.687904967603,19115.44708423326,18497.49082073434,19074.25,1018061.0,,,,,
2021-03-08,19197.84093617585,19527.41760460805,18868.26426774364,19445.0234375,961228.0,,,,,
2021-03-09,19527.41850923742,19733.403936550058,19321.43308192479,19651.009765625,850321.0,,,,,
2021-03-10,19321.431456997863,19403.82562099359,18991.854801014957,19280.234375,638204.0,,,,,
2021-03-11,19362.6321083691,19568.61755633047,19033.0553916309,19197.84375,551948.0,,,,,
2021-03-12,19197.842334088487,19362.63068030384,18827.068555103942,19321.43359375,527312.0,,,,,
2021-03-15,19568.615234375,19774.600657894734,19403.82689555921,19568.615234375,447591.0,,,,,
2021-03-16,19609.8125,19651.009585084033,19445.024159663863,19609.8125,459834.0,,,,,
2021-03-17,19568.61401520094,19815.79650802453,19486.21985092641,19733.40234375,395153.0,,,,,
2021-03-18,19692.206851087525,19774.60102201258,19486.221423774896,19651.009765625,420044.0,,,,,
2021-03-19,19815.797599871137,19980.5859375,19733.4034310567,19980.5859375,582075.0,,,,,
2021-03-22,20062.979557021525,20062.979557021525,19856.994140625,19856.994140625,277915.0,,,,,
2021-03-23,19774.602272727272,19815.799360795456,19321.434303977272,19486.22265625,432190.0,,,,,
2021-03-24,19280.23686305732,19527.41938694267,19197.842688428875,19403.828125,304353.0,,,,,
2021-03-25,19280.23564144737,19733.40357319079,19197.841472039472,19568.615234375,369201.0,,,,,
2021-03-26,19568.614320146276,19733.402651263295,19362.62890625,19362.62890625,546957.0,,,,,
2021-03-29,19527.417294698545,19898.191040800415,19403.82604599792,19815.796875,452741.0,,,,,
2021-03-30,19898.19140625,20062.97974087733,19815.797238936335,19898.19140625,277707.0,,,,,
2021-03-31,19939.389748086734,20474.951869419645,19898.19266183036,20186.572265625,622487.0,,,,,
2021-04-01,20227.769514973956,20351.360774739584,19733.40447591146,19774.6015625,362101.0,,,,,
2021-04-02,19733.403022378177,19774.6001059322,19321.432186837923,19445.0234375,407706.0,,,,,
2021-04-05,19362.629270391943,19486.220521054023,19115.446769067796,19445.0234375,192800.0,,,,,
2021-04-06,19445.02307180851,19445.02307180851,19239.037657912235,19362.62890625,168878.0,,,,,
2021-04-07,19321.432186837923,19486.220521054023,19239.038019729873,19445.0234375,193485.0,,,,,
2021-04-08,19403.827766857677,19486.22193996535,19280.23650719616,19321.43359375,315237.0,,,,,
2021-04-09,19321.434662917563,19321.434662917563,19074.252129916487,19115.44921875,318040.0,,,,,
2021-04-12,19156.64453125,19321.432871303765,19033.053276209677,19156.64453125,212588.0,,,,,
2021-04-13,19239.040485250534,19239.040485250534,18991.857952249466,19115.44921875,243471.0,,,,,
2021-04-14,19115.44744623656,19280.235786290323,19033.053276209677,19156.64453125,298644.0,,,,,
2021-04-15,19197.842688428875,19486.222299628447,19197.842688428875,19403.828125,318110.0,,,,,
2021-04-16,19321.432726151317,19651.009403782893,19156.644387335527,19568.615234375,335469.0,,,,,
2021-04-19,19609.81146049896,19898.191040800415,19568.61437759875,19815.796875,374451.0,,,,,
2021-04-20,19898.193882042255,20557.347302565395,19774.60261569417,20474.953125,861550.0,,,,,
2021-04-21,20351.360064810066,20433.754235112938,19898.192128144252,20062.98046875,434789.0,,,,,
2021-04-22,20145.37535800662,20310.16370449338,20062.981184763237,20227.76953125,338463.0,,,,,
2021-04-23,20145.37364873261,20845.72406187873,19939.388233101392,20722.1328125,514389.0,,,,,
2021-04-26,20845.724790433924,21051.710213264298,20722.1335367357,20886.921875,426020.0,,,,,
2021-04-27,20804.527705867848,21051.710213264298,20516.148113905325,20886.921875,395494.0,,,,,
2021-04-28,20928.1196795499,21298.893453400196,20763.33133561644,21051.7109375,437371.0,,,,,
2021-04-29,21051.71163476166,21175.302896805275,20310.1640625,20310.1640625,433168.0,,,,,
2021-04-30,20392.5571499615,20474.951320264376,19980.586298447128,20062.98046875,631250.0,,,,,
2021-05-03,20104.17788964435,20268.966233002095,19692.20703125,19692.20703125,767555.0,,,,,
2021-05-04,19692.208825107296,19774.603004291846,18827.06994366953,19197.84375,1275688.0,,,,,
2021-05-06,19362.62967139175,19980.5859375,19321.432586984534,19980.5859375,1005182.0,,,,,
2021-05-07,19980.586329693775,20680.936778363455,19815.797988830323,20516.1484375,939071.0,,,,,
2021-05-10,20598.54260793173,20804.528034011044,20310.16301142068,20516.1484375,686627.0,,,,,
2021-05-11,20516.148113905325,20969.31604413215,20433.753944773176,20886.921875,733439.0,,,,,
2021-05-12,20845.725434754186,20845.725434754186,19445.02451621339,19692.20703125,2022900.0,,,,,
2021-05-13,19362.63206099699,21010.51564065631,19280.237882014026,20557.34765625,1732371.0,,,,,
2021-05-14,20845.724751134072,21010.5130890877,20145.37431483115,20433.75390625,744984.0,,,,,
2021-05-17,20227.768776260506,20268.96586134454,19527.418329831933,19609.8125,1151645.0,,,,,
2021-05-18,19651.00994541057,19939.389546286613,19445.02451621339,19692.20703125,940717.0,,,,,
2021-05-20,19486.220211798336,19939.388123700624,19362.62896309771,19815.796875,732169.0,,,,,
2021-05-21,19815.797189486228,19939.388440148305,19445.0234375,19445.0234375,657073.0,,,,,
2021-05-24,19486.220211798336,19980.58520660083,19362.62896309771,19815.796875,826059.0,,,,,
2021-05-25,19692.205261612733,20145.37316512265,19609.811097338203,19733.40234375,1183281.0,,,,,
2021-05-26,19815.798288768307,19856.99537460774,19609.81285957113,19692.20703125,876436.0,,,,,
2021-05-27,19692.206670168067,20351.36003151261,19609.8125,19609.8125,8347594.0,,,,,
2021-05-28,19898.192838276475,20474.95205098014,19898.192838276475,20227.76953125,1361940.0,,,,,
2021-05-31,20433.75441854508,20516.148589587603,20062.98064885374,20104.177734375,729509.0,,,,,
2021-06-01,20145.375179368624,20351.36061065051,19980.58683434311,20186.572265625,588366.0,,,,,
2021-06-02,20227.76880935575,20310.162979658624,19939.38921329569,20062.98046875,806398.0,,,,,
2021-06-03,20062.979372401245,20104.176455301455,19651.008543399166,19815.796875,1088077.0,,,,,
2021-06-04,19815.797742598683,19856.99482730263,19568.615234375,19568.615234375,828384.0,,,,,
2021-06-07,19651.011008522728,19692.208096590908,19362.631392045456,19486.22265625,738716.0,,,,,
2021-06-08,19568.615971779334,20351.36061065051,19527.41888552296,20186.572265625,1276489.0,,,,,
2021-06-09,20268.965159161493,20310.162242818325,19898.19140625,19898.19140625,724761.0,,,,,
2021-06-10,20021.78316611842,20021.78316611842,19527.41814967105,19568.615234375,1062108.0,,,,,
2021-06-11,19609.8125,19692.206670168067,19486.2212447479,19609.8125,481944.0,,,,,
2021-06-14,19692.206851087525,19774.60102201258,19527.41850923742,19651.009765625,438214.0,,,,,
2021-06-15,19651.009765625,19733.403936550058,19486.221423774896,19651.009765625,559516.0,,,,,
2021-06-16,19898.191807900705,20516.148075226814,19856.9947234123,20433.75390625,1765016.0,,,,,
2021-06-17,20516.148075226814,20763.330582157258,20227.76848380797,20433.75390625,1291254.0,,,,,
2021-06-18,20433.754235112938,20474.951320264376,20062.98046875,20062.98046875,746638.0,,,,,
2021-06-21,19939.389546286613,20021.78371796548,19609.81285957113,19692.20703125,895087.0,,,,,
2021-06-22,19898.1915878422,19980.5857559078,19774.6003357438,19939.388671875,480535.0,,,,,
2021-06-23,20021.7828399406,20186.571176071797,19898.1915878422,19939.388671875,622854.0,,,,,
2021-06-24,19939.389570552143,20227.76917177914,19692.207055214723,20145.375,631007.0,,,,,
2021-06-25,20227.770584707185,20969.318182517225,20186.57349593996,20928.12109375,1838594.0,,,,,
2021-06-28,21051.709405564172,21834.45398228769,20804.52690765148,21587.271484375,1767515.0,,,,,
2021-06-29,21587.27216815764,21587.27216815764,21134.104240963497,21298.892578125,791111.0,,,,,
2021-06-30,21216.499100030636,21381.287442555145,20845.72532935049,21010.513671875,800848.0,,,,,
2021-07-01,21051.710757506127,21175.30201439951,20763.331158088236,21010.513671875,535081.0,,,,,
2021-07-02,21051.70976042657,21669.666015625,20928.11850938688,21669.666015625,860366.0,,,,,
2021-07-05,21628.46906795058,21669.666151889534,21051.709892805233,21257.6953125,699590.0,,,,,
2021-07-06,21257.695493834624,21463.68091528651,21175.30132525387,21298.892578125,452250.0,,,,,
2021-07-07,21010.514914772728,21092.909090909092,20722.135298295456,20845.7265625,638819.0,,,,,
2021-07-08,20804.52806513998,21298.89308847004,20598.542638752457,20969.31640625,826607.0,,,,,
2021-07-09,20598.54385437753,20598.54385437753,20021.78462645496,20351.361328125,1331981.0,,,,,
2021-07-12,20474.952769886364,20969.317826704548,20433.755681818184,20845.7265625,587475.0,,,,,
2021-07-13,21092.906614785992,21216.497864482004,20928.118281857976,21175.30078125,425558.0,,,,,
2021-07-14,21175.303626353347,21216.500715120572,20886.924004982775,20928.12109375,365721.0,,,,,
2021-07-15,20969.316586243873,21134.10492876838,20680.93698682598,21010.513671875,516433.0,,,,,
2021-07-16,20886.92241498162,21216.499100030636,20680.93698682598,21010.513671875,394118.0,,,,,
2021-07-19,20845.72406187873,20928.118228131218,20680.93572937376,20722.1328125,345595.0,,,,,
2021-07-20,20392.55894743461,20598.54439134809,20351.36185865191,20474.953125,697117.0,,,,,
2021-07-21,20598.543326693227,20804.52875996016,20516.149153386457,20680.9375,390118.0,,,,,
2021-07-22,20804.528775280218,21175.30255543372,20763.33168859649,21134.10546875,520948.0,,,,,
2021-07-23,21134.10474736002,21134.10474736002,20886.92223569499,20969.31640625,417564.0,,,,,
2021-07-26,21010.51401104042,21051.711097336574,20639.740234375,20639.740234375,336610.0,,,,,
2021-07-27,20680.93572937376,20969.315311257455,20680.93572937376,20722.1328125,268454.0,,,,,
2021-07-28,20763.33168859649,21257.69672880117,20639.74042854532,21134.10546875,561108.0,,,,,
2021-07-29,21134.10528945923,21340.09072113037,20928.11985778809,21092.908203125,418882.0,,,,,
2021-07-30,21092.907514450864,21381.287109375,20969.31625948338,21381.287109375,588451.0,,,,,
2021-08-02,21463.68091528651,21710.863421028775,21216.498409544245,21298.892578125,599136.0,,,,,
2021-08-03,21298.894174757283,21422.485436893206,20804.52912621359,21216.5,635574.0,,,,,
2021-08-04,21175.30204084693,21546.07581199016,21134.10495516435,21463.681640625,495279.0,,,,,
2021-08-05,21422.4847341954,21710.864336386498,21381.287648168105,21504.87890625,412363.0,,,,,
2021-08-06,21546.075449331645,21587.272534320808,21257.695854407513,21381.287109375,298544.0,,,,,
2021-08-09,21422.483830996134,21504.877999576885,21175.30132525387,21298.892578125,309707.0,,,,,
2021-08-10,21298.89203094601,21422.483280642024,21051.70953155399,21175.30078125,329608.0,,,,,
2021-08-11,21175.30168442919,21546.075449331645,21092.907514450864,21381.287109375,502727.0,,,,,
2021-08-12,21463.680363874028,21587.27161357004,21134.103698017996,21175.30078125,480806.0,,,,,
2021-08-13,21257.696567280113,21793.258690099185,20928.11987631453,21546.076171875,1027692.0,,,,,
2021-08-17,21628.471922479283,22658.399156883057,21587.274833103133,22370.01953125,1815524.0,,,,,
2021-08-18,22370.016670539033,22576.002091078062,21875.651661245352,22164.03125,721361.0,,,,,
2021-08-19,22246.4266204834,22287.623706817627,21092.908203125,21092.908203125,1189068.0,,,,,
2021-08-20,21134.10401454208,21257.69526608911,20639.73900835396,20804.52734375,797659.0,,,,,
2021-08-23,20969.31567914604,21092.90693069307,20680.93609220297,20804.52734375,483830.0,,,,,
2021-08-24,21010.51298809236,21463.68091528651,20969.315903801984,21298.892578125,530594.0,,,,,
2021-08-25,21463.68127935332,21628.46961930997,21051.710429461706,21381.287109375,428362.0,,,,,
2021-08-26,21463.6818202227,22040.441024604886,21298.893476113502,21504.87890625,798819.0,,,,,
2021-08-27,21381.28656431686,21463.680732194767,21175.30114462209,21257.6953125,450540.0,,,,,
2021-08-30,21340.090539383564,21340.090539383564,20928.1196795499,21051.7109375,600165.0,,,,,
2021-08-31,21051.71111679077,21340.09072113037,20804.5285987854,21092.908203125,552214.0,,,,,
2021-09-01,21010.514563106797,21257.69708737864,21010.514563106797,21216.5,300727.0,,,,,
2021-09-02,21175.30078125,21546.074530338035,21092.906614785992,21175.30078125,562887.0,,,,,
2021-09-03,21134.10546875,21257.69672880117,20969.317122015105,21134.10546875,451366.0,,,,,
2021-09-06,21175.301466962523,21216.4985515286,20845.724790433924,20886.921875,393959.0,,,,,
2021-09-07,20886.923293340773,20928.120380704364,20680.937856522814,20763.33203125,340535.0,,,,,
2021-09-08,20680.93609220297,21010.51276299505,20680.93609220297,20804.52734375,343924.0,,,,,
2021-09-09,20845.72406187873,21257.694893141153,20722.1328125,20722.1328125,573938.0,,,,,
2021-09-10,20763.332386363636,20928.120738636364,20722.135298295456,20845.7265625,373938.0,,,,,
2021-09-13,20845.72406187873,20886.92114500497,20639.738646247515,20722.1328125,302560.0,,,,,
2021-09-14,20722.13407245711,21257.696185661764,20722.13407245711,21010.513671875,425035.0,,,,,
2021-09-15,20969.317826704548,21134.106178977272,20845.7265625,20845.7265625,260867.0,,,,,
2021-09-16,20886.922204442773,20886.922204442773,20516.1484375,20516.1484375,474161.0,,,,,
2021-09-17,20516.149857954548,20557.346946022728,20310.164417613636,20392.55859375,427679.0,,,,,
2021-09-23,20227.770592303823,20598.54439134809,20104.179325955734,20474.953125,368173.0,,,,,
2021-09-24,20598.54296875,20804.5283984375,20474.9517109375,20598.54296875,318064.0,,,,,
2021-09-27,20598.543681795632,21010.514555431542,20557.34659443204,20763.33203125,264315.0,,,,,
2021-09-28,20969.317475728156,21381.288349514565,20928.120388349515,21216.5,794821.0,,,,,
2021-09-29,21092.907297830378,21504.87814349112,20763.330621301775,20886.921875,667649.0,,,,,
2021-09-30,20886.92223569499,21134.10474736002,20763.330979862476,20969.31640625,385088.0,,,,,
2021-10-01,21092.907547169812,21875.652163178067,20969.316292010615,21834.455078125,1443540.0,,,,,
2021-10-05,21834.45597254673,22411.215186915888,21628.470538843456,22040.44140625,1304270.0,,,,,
2021-10-06,22040.440040129783,22987.972976434427,21916.848787568302,22617.19921875,1692634.0,,,,,
2021-10-07,22658.39808109033,22905.58060561131,22040.441769787867,22576.00390625,1054810.0,,,,,
2021-10-08,22576.002353498217,23235.155706885027,22164.031507631466,23111.564453125,1075407.0,,,,,
2021-10-12,22823.18521730684,23564.732751443164,22823.18521730684,23193.958984375,800687.0,,,,,
2021-10-13,23111.56569092235,23276.354038094705,22576.003562612208,22946.77734375,565242.0,,,,,
2021-10-14,22905.580965909092,22987.975142045456,22452.412997159092,22658.3984375,565664.0,,,,,
2021-10-15,22699.59396161745,23605.929836672956,22699.59396161745,23193.958984375,785589.0,,,,,
2021-10-18,23441.14185909845,23729.52146017699,23070.368086283182,23276.353515625,495227.0,,,,,
2021-10-19,23235.156429756636,23441.14185909845,23111.56517215155,23276.353515625,308063.0,,,,,
2021-10-20,23276.35265022986,23688.32349359676,23070.36722854641,23523.53515625,391396.0,,,,,
2021-10-21,23482.338432591623,23935.50636725567,23276.35300774433,23605.9296875,651048.0,,,,,
2021-10-22,23605.9296875,23853.112197316754,23441.141347622164,23605.9296875,338757.0,,,,,
2021-10-25,23605.928776270903,23729.52002640845,23152.76085909991,23399.943359375,325892.0,,,,,
2021-10-26,23523.53548292927,23523.53548292927,22864.382124388347,23152.76171875,527728.0,,,,,
2021-10-27,23070.367548932383,23276.352973476423,22905.579209297153,23152.76171875,291740.0,,,,,
2021-10-28,23029.170544663917,23111.564714770047,21752.06090801887,21834.455078125,1208396.0,,,,,
2021-10-29,21834.454166666663,22040.439583333333,21463.680416666662,21628.46875,563080.0,,,,,
2021-11-01,21669.666737912736,21958.0463332842,21587.272567806605,21834.455078125,341845.0,,,,,
2021-11-02,21793.257266664685,22081.636852423955,21628.468931945103,21669.666015625,340039.0,,,,,
2021-11-03,21710.86451735779,21793.258690099185,21340.090740021507,21546.076171875,367552.0,,,,,
2021-11-04,21546.0759922773,21916.849766522988,21298.893476113502,21504.87890625,414601.0,,,,,
2021-11-05,21504.877769183167,21628.469020730197,20598.541924504952,20804.52734375,836404.0,,,,,
2021-11-08,20722.134249633073,21134.10510946673,20516.148819716243,21051.7109375,425769.0,,,,,
2021-11-09,21010.513491527505,21257.696003192537,20804.52806513998,20969.31640625,275283.0,,,,,
2021-11-10,20722.133176051982,20969.31567914604,20639.73900835396,20804.52734375,290500.0,,,,,
2021-11-11,20763.33094879518,20763.33094879518,20433.75426706827,20516.1484375,374198.0,,,,,
2021-11-12,20433.754473039215,21051.710757506127,20433.754473039215,21010.513671875,436295.0,,,,,
2021-11-15,21092.907843137255,21134.10492876838,20804.528243719364,21010.513671875,228305.0,,,,,
2021-11-16,21010.51280886628,21422.483648255813,20722.133221293603,21257.6953125,484646.0,,,,,
2021-11-17,21092.90693069307,21175.30109839109,20680.93609220297,20804.52734375,445887.0,,,,,
2021-11-18,20722.13440696732,20845.72566585579,20474.95188919037,20639.740234375,289288.0,,,,,
2021-11-19,20598.54474574148,20969.31855116483,20433.75638777555,20557.34765625,292191.0,,,,,
2021-11-22,20557.34765625,20722.136014215932,20310.165119301106,20557.34765625,324757.0,,,,,
2021-11-23,20639.740253448486,21216.49946212769,20639.740253448486,21092.908203125,505636.0,,,,,
2021-11-24,21257.694947714008,21793.25702973006,21051.70953155399,21175.30078125,531353.0,,,,,
2021-11-25,21175.30072688867,21257.694893141153,20639.738646247515,20722.1328125,321352.0,,,,,
2021-11-26,20680.937666730184,20680.937666730184,20062.981361947408,20268.966796875,464612.0,,,,,
2021-11-29,19609.81217783505,20145.374275128863,19609.81217783505,19980.5859375,387083.0,,,,,
2021-11-30,20062.981513247283,20062.981513247283,18909.463068953803,18950.66015625,820645.0,,,,,
2021-12-01,18909.4630772293,19486.222299628447,18662.28055334395,19403.828125,346921.0,,,,,
2021-12-02,19197.841649159665,19815.797925420167,18950.65913865546,19609.8125,384710.0,,,,,
2021-12-03,19733.403251711003,20021.7828399406,19486.22074751421,19939.388671875,225353.0,,,,,
2021-12-06,19980.586118344905,20104.177372685182,19568.61527054398,20021.783203125,295894.0,,,,,
2021-12-07,20021.783203125,20104.177372685182,19856.994864004628,20021.783203125,211381.0,,,,,
2021-12-08,20104.1770080062,20433.753680268594,19939.388671875,19939.388671875,399947.0,,,,,
2021-12-09,20021.783203125,20145.374457465277,19939.389033564818,20021.783203125,260022.0,,,,,
2021-12-10,19939.388671875,20104.1770080062,19898.1915878422,19939.388671875,190911.0,,,,,
2021-12-13,20062.98064885374,20392.557333023826,19939.38939228996,20104.177734375,280305.0,,,,,
2021-12-14,20104.178271384928,20310.16370449338,19980.587011519856,20227.76953125,246451.0,,,,,
2021-12-15,20392.55718185241,20598.54260793173,20227.768840988956,20516.1484375,287966.0,,,,,
2021-12-16,20474.952769886364,20557.346946022728,20186.573153409092,20392.55859375,284878.0,,,,,
2021-12-17,20433.75533234127,20763.33203125,20392.55824497768,20763.33203125,441366.0,,,,,
2021-12-20,20639.74076128296,20639.74076128296,20268.96697515213,20310.1640625,316669.0,,,,,
2021-12-21,20474.953125,20557.347302565395,20268.96768108652,20474.953125,205203.0,,,,,
2021-12-22,20474.95099073841,20516.148075226814,20310.16265278478,20433.75390625,173951.0,,,,,
2021-12-23,20433.755681818184,20516.149857954548,20227.770241477272,20392.55859375,237494.0,,,,,
2021-12-24,20392.55859375,20474.952769886364,20310.164417613636,20392.55859375,354313.0,,,,,
2021-12-27,20433.756036217303,20598.54439134809,20392.55894743461,20474.953125,436137.0,,,,,
2021-12-28,20474.951352284137,20516.1484375,20268.96592620482,20516.1484375,756095.0,,,,,
2021-12-29,21024.2327724359,21024.2327724359,20454.826468182426,20498.626953125,1055050.0,,,,,
2021-12-30,20454.827729268793,20454.827729268793,19973.022365196077,20104.423828125,568724.0,,,,,
2022-01-04,20542.429289566007,21155.636134030665,20323.426845114343,21068.03515625,483135.0,,,,,
2022-01-05,21155.63744676854,22031.647278932865,21068.036463552104,21856.4453125,1144720.0,,,,,
2022-01-06,21856.4434597332,22513.450778162056,21725.041996047432,22163.046875,867120.0,,,,,
2022-01-07,22250.648729125736,22425.85068762279,21900.24481213163,22294.44921875,409053.0,,,,,
2022-01-10,22469.65086780895,23301.86015920928,22425.85037878788,23126.658203125,1067142.0,,,,,
2022-01-11,22863.85497954222,23258.059375741224,22644.85253720944,23082.857421875,567610.0,,,,,
2022-01-12,23170.45927550118,23389.461726120284,22732.454374262972,23214.259765625,498787.0,,,,,
2022-01-13,23170.458783586448,23608.4636755257,23126.658294392524,23433.26171875,587556.0,,,,,
2022-01-14,23433.26162627249,23520.862604314632,22688.6533129143,23126.658203125,539436.0,,,,,
2022-01-17,22951.45644755747,23345.660852191093,22688.653511135057,22863.85546875,352485.0,,,,,
2022-01-18,23039.05722508286,23258.05967018821,22820.05477997751,23126.658203125,408842.0,,,,,
2022-01-19,23039.058249713304,24177.871014908254,22995.25775874427,23871.267578125,864821.0,,,,,
2022-01-20,23958.86658110119,24221.669505208338,22907.65488467262,22995.255859375,630410.0,,,,,
2022-01-21,22863.853630080343,23345.65897477552,22820.05314419896,23170.45703125,413433.0,,,,,
2022-01-24,23039.056640625,23301.8595680846,22732.453225255467,23039.056640625,458815.0,,,,,
2022-01-25,22776.254006410258,22907.655471831855,22075.446190828403,22206.84765625,511891.0,,,,,
2022-01-26,22206.84765625,22206.84765625,22206.84765625,22206.84765625,0.0,,,,,
2022-01-27,23039.056132277397,23126.657106164384,22075.445419520547,22382.048828125,456641.0,,,,,
2022-01-28,22250.648729125736,22732.454114992634,22031.64628100442,22294.44921875,435624.0,,,,,
2022-02-03,22382.049418093346,23783.6650372303,22338.248929995312,23345.66015625,611254.0,,,,,
2022-02-04,23433.262300686685,23783.666222939944,23258.060339560056,23520.86328125,365273.0,,,,,
2022-02-07,23608.462596567148,23783.664545335738,23214.258211837827,23564.662109375,370327.0,,,,,
2022-02-08,23564.662109375,23564.662109375,23564.662109375,23564.662109375,0.0,,,,,
2022-02-09,23564.662109375,23564.662109375,23564.662109375,23564.662109375,0.0,,,,,
2022-02-10,24440.673451704544,24528.274431818183,23915.06757102273,24090.26953125,495299.0,,,,,
2022-02-11,24090.26941329929,25141.481169515984,23958.8679437722,24659.67578125,1016561.0,,,,,
2022-02-14,24484.47373468413,24659.67569342963,24090.269327506743,24353.072265625,475545.0,,,,,
2022-02-15,24353.071090919384,24572.073528787365,23915.066215183426,24177.869140625,474460.0,,,,,
2022-02-16,24309.27030753743,24572.073229781083,23520.86154080649,24134.068359375,457967.0,,,,,
2022-02-17,24134.06942190251,25053.87969025088,24002.6679549956,24878.677734375,738871.0,,,,,
2022-02-18,24528.272075177934,24834.87547611766,24440.671103480872,24615.873046875,337529.0,,,,,
2022-02-21,24396.872755311375,24791.07716248876,24221.67079656587,24353.072265625,403016.0,,,,,
2022-02-22,24353.072265625,24353.072265625,24353.072265625,24353.072265625,0.0,,,,,
2022-02-23,24353.072265625,24353.072265625,24353.072265625,24353.072265625,0.0,,,,,
2022-02-24,25010.080159223617,25842.289481509517,24922.479177930363,25316.68359375,736379.0,,,,,
2022-02-25,25404.284196820176,25404.284196820176,24878.67831688597,24966.279296875,388353.0,,,,,
2022-02-28,24966.279296875,24966.279296875,24966.279296875,24966.279296875,0.0,,,,,
2022-03-02,24791.07697907057,24922.47844715752,23520.862787563423,23739.865234375,966320.0,,,,,
2022-03-03,23871.266397894386,24659.67519635695,23652.263953877005,24572.07421875,440325.0,,,,,
2022-03-04,24572.07421875,24572.07421875,24572.07421875,24572.07421875,0.0,,,,,
2022-03-07,24090.268457561033,24484.472850502934,23783.665040828437,24221.669921875,337106.0,,,,,
2022-03-08,23871.26640841613,24615.87471840342,23652.26396430222,23696.064453125,482163.0,,,,,
2022-03-10,23696.064453125,23696.064453125,23696.064453125,23696.064453125,0.0,,,,,
2022-03-11,25229.081739130434,25535.68516304348,24966.278804347825,25185.28125,407421.0,,,,,
2022-03-14,25097.67978515625,25754.687109375,25010.07880859375,25404.283203125,260794.0,,,,,
2022-03-15,25754.68799581904,26236.493383495927,25272.88260814215,25535.685546875,467060.0,,,,,
2022-03-16,25448.08232656787,25623.28427029639,25097.678439110823,25491.8828125,220862.0,,,,,
2022-03-17,25535.684866343643,25929.889263937283,24922.478025642424,25141.48046875,436447.0,,,,,
2022-03-18,25097.679880483392,25886.08867254046,24834.8769497977,25710.88671875,365171.0,,,,,
2022-03-21,25710.88671875,25710.88671875,25710.88671875,25710.88671875,0.0,,,,,
2022-03-22,25973.689456311175,26893.499706871946,25842.28799194535,26849.69921875,748642.0,,,,,
2022-03-23,26893.499514085215,27419.105367780692,26718.29756285339,27112.501953125,568588.0,,,,,
2022-03-24,26893.4998046875,27419.1056640625,26718.2978515625,27156.302734375,312968.0,,,,,
2022-03-25,27156.302734375,27156.302734375,27156.302734375,27156.302734375,0.0,,,,,
2022-03-28,27243.904474990173,28295.116223221303,27156.30349597091,27857.111328125,480237.0,,,,,
2022-03-29,28251.31504186603,28251.31504186603,26981.10087719298,27462.90625,417303.0,,,,,
2022-03-30,27419.1047723359,27462.905259192667,26805.897956341167,27024.900390625,385574.0,,,,,
2022-03-31,27068.70072535964,28338.91483706746,27068.70072535964,28163.712890625,508120.0,,,,,
2022-04-01,27681.90917056075,28382.716997663552,27594.3081921729,28119.9140625,308595.0,,,,,
2022-04-04,27813.310254214313,28338.91611728608,27725.709277035687,27769.509765625,189856.0,,,,,
2022-04-05,27681.908203125,27769.509178451342,27156.302351166927,27681.908203125,316302.0,,,,,
2022-04-06,28119.91509389226,29127.32638230273,27944.71313069044,28864.5234375,803672.0,,,,,
2022-04-07,28908.323928300455,29915.735216710924,28557.92000189681,28864.5234375,757928.0,,,,,
2022-04-08,28776.920110887095,28864.52108534946,27944.710853494624,28514.1171875,412830.0,,,,,
2022-04-11,28514.118935502283,28864.522854832572,28207.515506088283,28776.921875,356065.0,,,,,
2022-04-12,28776.9203034157,29039.723228561048,27813.309577882752,28251.314453125,571199.0,,,,,
2022-04-13,28295.114350456843,28295.114350456843,27857.1094843507,28163.712890625,334387.0,,,,,
2022-04-14,27988.512202551607,28864.521974149466,27813.310248232032,28645.51953125,437536.0,,,,,
2022-04-15,28470.316296899306,28995.922136226673,27988.510944182544,28163.712890625,315648.0,,,,,
2022-04-18,27900.911524975392,28119.91397022638,27550.50761257382,27813.310546875,336692.0,,,,,
2022-04-19,28207.514258417184,28382.71621033282,27813.309866607004,28295.115234375,306360.0,,,,,
2022-04-20,28119.914644798137,28689.321016110247,28076.114154697207,28207.515625,287273.0,,,,,
2022-04-21,28645.520526009317,28645.520526009317,28076.114154697207,28207.515625,296228.0,,,,,
2022-04-22,28295.114771562963,29871.932313012298,28119.91282251304,29390.126953125,604824.0,,,,,
2022-04-25,29258.726365448816,29959.53418258531,29171.12538830675,29521.529296875,415799.0,,,,,
2022-04-26,29433.92853009259,29477.729018976657,27769.509952498072,28382.716796875,1196164.0,,,,,
2022-04-27,27769.510349105734,28295.116223221303,27243.904474990173,27857.111328125,554902.0,,,,,
2022-04-28,27944.71123092723,28470.317084800467,27638.10781616784,27988.51171875,256329.0,,,,,
2022-04-29,27725.70841733871,28514.1171875,27594.30695564516,28514.1171875,391760.0,,,,,
2022-05-02,28032.31370192308,28295.116642878605,26805.89997746394,27331.505859375,666400.0,,,,,
2022-05-03,27024.901365629983,27681.908692185007,26937.30038875598,27462.90625,466213.0,,,,,
2022-05-04,27506.70635269953,28163.713670041077,27419.10537705399,27988.51171875,396641.0,,,,,
2022-05-06,27681.90907972441,27988.512503075788,27331.505167322834,27813.310546875,264660.0,,,,,
2022-05-10,27287.70419921875,27419.1056640625,26280.29296875,27156.302734375,412862.0,,,,,
2022-05-11,26674.49816157194,26805.89963034815,25448.08445299392,26105.091796875,725000.0,,,,,
2022-05-12,26280.29278154952,27725.708884534743,26148.891317641777,27419.10546875,817880.0,,,,,
2022-05-13,27550.50712890625,27550.50712890625,26586.89638671875,27156.302734375,334210.0,,,,,
2022-05-16,27243.903225,27550.5066375,26674.4968875,27375.3046875,304366.0,,,,,
2022-05-17,27375.304879972737,27550.50683120456,26981.10048970113,27112.501953125,347910.0,,,,,
2022-05-18,27243.90400437802,27725.709380661232,26981.101071859903,27200.103515625,403309.0,,,,,
2022-05-19,26674.49649577087,27331.503798622365,26543.095035200568,27024.900390625,313433.0,,,,,
2022-05-20,26805.898334194215,27024.900771565084,26236.49199702996,26499.294921875,458294.0,,,,,
2022-05-23,26586.89629001835,26849.69921875,26236.49238504282,26849.69921875,177870.0,,,,,
2022-05-24,26937.300983297413,27550.507834949713,26367.89462104885,26674.498046875,290958.0,,,,,
2022-05-25,26718.297654960807,26718.297654960807,26367.89375128919,26543.095703125,289916.0,,,,,
2022-05-26,26367.89453125,26674.497956031977,26148.89208497716,26367.89453125,411046.0,,,,,
2022-05-27,26543.095523882515,27813.309666114517,26455.49454855617,27681.908203125,568272.0,,,,,
2022-05-30,27725.707507090963,28163.71236502289,27331.50313495223,27506.705078125,320740.0,,,,,
2022-05-31,27419.104106538613,27857.10896447054,26981.09924860669,27506.705078125,475202.0,,,,,
2022-06-02,27506.70790412044,27813.31133617274,27375.306433240887,27638.109375,287450.0,,,,,
2022-06-03,27725.710149504514,27988.513089310243,27550.508189634027,27900.912109375,204180.0,,,,,
2022-06-07,27988.51191313685,27988.51191313685,27506.706543740125,27725.708984375,197301.0,,,,,
2022-06-08,27769.509178451342,28032.312104430377,27506.706252472308,27681.908203125,232680.0,,,,,
2022-06-09,27769.509378628096,28295.115234375,27594.30742671246,28295.115234375,357391.0,,,,,
2022-06-10,28119.913282459365,28382.71621033282,27725.708890649188,28295.115234375,268311.0,,,,,
2022-06-13,27813.310254214313,28908.32246894716,27681.908788446373,27769.509765625,308277.0,,,,,
2022-06-14,27900.911727444356,27988.512706180445,27156.3034081876,27550.5078125,362410.0,,,,,
2022-06-15,27857.110448755924,28338.915818152647,27550.507031867102,27725.708984375,328529.0,,,,,
2022-06-16,27681.909280604137,28207.515153020668,27375.305855027826,27550.5078125,195780.0,,,,,
2022-06-17,27375.30498078075,27550.506932657747,26586.896197334267,27419.10546875,390519.0,,,,,
2022-06-20,27462.90595671925,27725.708884534743,27112.502052965257,27419.10546875,277148.0,,,,,
2022-06-21,27594.306049711384,28076.111393436506,27375.30362074542,27506.705078125,200886.0,,,,,
2022-06-22,27419.105367780692,27857.110245860255,26937.300001893174,27112.501953125,256716.0,,,,,
2022-06-23,27287.70501586095,27462.90697422924,26017.490817690858,26105.091796875,366946.0,,,,,
2022-06-24,26586.89589682335,26630.69638429752,25623.28517239153,26499.294921875,396130.0,,,,,
2022-06-27,26192.691699707848,26630.696577629384,26017.489748539232,26236.4921875,266861.0,,,,,
2022-06-28,26236.493152837644,26805.899515086207,26017.490705818964,26674.498046875,216731.0,,,,,
2022-06-29,26630.696969696968,27462.90625,26411.69452751196,27462.90625,299187.0,,,,,
2022-06-30,27375.304879972737,27769.509270244343,26981.10048970113,27112.501953125,361896.0,,,,,
2022-07-01,27638.10916956927,28689.32092879219,27156.30377992543,27900.912109375,352953.0,,,,,
2022-07-04,28032.312104430377,28207.51405508307,27200.102838830106,27681.908203125,313809.0,,,,,
2022-07-05,27857.1094843507,28426.515810288685,27506.705591465787,28163.712890625,295256.0,,,,,
2022-07-06,27813.30974801753,27900.91072360184,25667.085846202004,26236.4921875,482636.0,,,,,
2022-07-07,26762.098041005844,26762.098041005844,26017.489748539232,26236.4921875,276309.0,,,,,
2022-07-08,26192.69189692088,27112.50214748165,26192.69189692088,26849.69921875,179404.0,,,,,
2022-07-11,27112.502046591377,27112.502046591377,26280.292775371287,26543.095703125,157283.0,,,,,
2022-07-12,26718.2978515625,28119.9134765625,26543.0958984375,28032.3125,484670.0,,,,,
2022-07-13,28119.912369582664,28207.513342696628,27156.301665329054,27287.703125,341340.0,,,,,
2022-07-14,27419.106235397197,28514.118465245327,27287.704767815423,28119.9140625,505647.0,,,,,
2022-07-15,28076.11269439554,28251.31464568662,27419.10537705399,27988.51171875,354600.0,,,,,
2022-07-18,27988.51305650685,29433.929223744293,27944.71256659056,28776.921875,411956.0,,,,,
2022-07-19,28776.921290553437,28908.32275763359,28207.51493320611,28689.3203125,249879.0,,,,,
2022-07-20,28776.91915067133,29258.72449413767,28601.71720759266,28952.12109375,287538.0,,,,,
2022-07-21,28557.918752411264,28733.12070794753,27857.110930266204,28382.716796875,247966.0,,,,,
2022-07-22,28076.113663448577,28689.32051413232,28076.113663448577,28426.517578125,221177.0,,,,,
2022-07-25,28426.518075504657,29039.7249369177,28119.914644798137,28207.515625,175207.0,,,,,
2022-07-26,27988.513174495343,28382.717585403727,27900.91219429348,28207.515625,149429.0,,,,,
2022-07-27,28295.114350456843,28689.31872995237,28032.311430793157,28163.712890625,317336.0,,,,,
2022-07-28,28119.914644798137,28733.12150621118,28119.914644798137,28207.515625,243993.0,,,,,
2022-07-29,28689.318654130144,28776.919627119856,28295.11427567645,28733.119140625,349419.0,,,,,
2022-08-01,28470.317774643132,28733.12070794753,28295.115819106868,28382.716796875,210015.0,,,,,
2022-08-02,28470.317285604902,29433.9280245023,28426.516797473203,28601.71875,379276.0,,,,,
2022-08-03,28776.920517304858,29915.73320139911,28689.319541605302,29740.53125,558655.0,,,,,
2022-08-04,30003.33547108209,30047.135960820895,29083.525186567163,29346.328125,324616.0,,,,,
2022-08-05,29565.329006498898,30222.336317754427,29214.925107162613,29696.73046875,321076.0,,,,,
2022-08-08,29433.92706808199,30660.34069591874,29390.126581373537,29915.732421875,272388.0,,,,,
2022-08-09,29696.732130492983,30134.73702917282,28163.71498511355,29652.931640625,520365.0,,,,,
2022-08-10,29652.929876699887,29871.932313012298,29258.725491337555,29390.126953125,357706.0,,,,,
2022-08-11,29565.329688671292,29696.731153954275,28952.12285068403,29214.92578125,349665.0,,,,,
2022-08-12,29696.731637188415,31273.549246242663,29127.325278363267,29871.93359375,931778.0,,,,,
2022-08-16,30222.3371140115,30222.3371140115,28908.322456880567,29521.529296875,347458.0,,,,,
2022-08-17,29565.32958984375,29871.9330078125,29433.928125,29784.33203125,220056.0,,,,,
2022-08-18,29433.92870234604,30309.93848515396,29433.92870234604,29871.93359375,248028.0,,,,,
2022-08-19,29871.932333122284,30397.538180625903,29609.129409370475,30266.13671875,193742.0,,,,,
2022-08-22,30178.536816974018,30309.93828352107,29565.32997308775,30134.736328125,262487.0,,,,,
2022-08-23,30134.736435185183,30222.337413194444,29433.92861111111,29565.330078125,214337.0,,,,,
2022-08-24,29302.52734375,29828.133215386773,29171.125875840808,29302.52734375,206911.0,,,,,
2022-08-25,29346.327540232036,29652.93096229416,28908.322651571856,29258.7265625,232293.0,,,,,
2022-08-26,29039.724130135994,29214.92608567226,28207.514841338736,28382.716796875,560342.0,,,,,
2022-08-29,27988.51191313685,28470.31728253357,27594.307519994076,27725.708984375,246994.0,,,,,
2022-08-30,28032.31240126382,28163.713865644742,27638.10800812105,27725.708984375,232943.0,,,,,
2022-08-31,27506.7056671627,27769.508587549604,26937.29933965774,27594.306640625,283440.0,,,,,
2022-09-01,27243.903121207524,27506.70604520631,26893.499222542476,27068.701171875,336664.0,,,,,
2022-09-02,27068.701854066985,27594.30771531101,26805.898923444976,27462.90625,358222.0,,,,,
2022-09-05,27462.9056625,27506.70615,26937.2998125,27375.3046875,163948.0,,,,,
2022-09-06,27375.305273125996,27813.310157496013,26981.10087719298,27462.90625,270387.0,,,,,
2022-09-07,27156.3018511953,27462.905259192667,26849.698443197933,27024.900390625,418660.0,,,,,
2022-09-08,27419.105264501635,27462.90575214461,26630.696486928104,26805.8984375,297661.0,,,,,
2022-09-13,27112.5017625,27638.1076125,27024.9007875,27375.3046875,295782.0,,,,,
2022-09-14,27024.900471466262,27024.900471466262,26236.49170568605,26455.494140625,396958.0,,,,,
2022-09-15,26499.295215166047,26718.297654960807,26192.691799453383,26543.095703125,307773.0,,,,,
2022-09-16,26411.694631865532,26630.697074915824,25667.08632549453,26017.490234375,432811.0,,,,,
2022-09-19,26105.090518162393,26148.891005608977,25579.48466880342,25623.28515625,267484.0,,,,,
2022-09-20,26105.09024472268,26543.09511460058,25623.284887856993,26455.494140625,428547.0,,,,,
2022-09-21,26148.89140879894,27200.10312372553,26061.290432555055,26849.69921875,415383.0,,,,,
2022-09-22,26674.49631320225,27419.104584670946,26499.29436697432,27287.703125,473293.0,,,,,
2022-09-23,27813.310656777532,27988.51261367062,26893.500383088827,27243.904296875,359312.0,,,,,
2022-09-26,27112.50165920813,28119.912867870145,26805.898247876212,27068.701171875,503718.0,,,,,
2022-09-27,27331.5041838843,27550.506621255165,26148.89102208161,26499.294921875,328711.0,,,,,
2022-09-28,26148.892196784804,26543.09660176146,25272.882407947793,25798.48828125,278235.0,,,,,
2022-09-29,25798.488170940615,26630.697466777412,25754.68768168605,26367.89453125,274148.0,,,,,
2022-09-30,26630.69667235495,26762.098136198805,25491.88398570819,25667.0859375,377438.0,,,,,
2022-10-04,25754.68768168605,27068.70235932309,25710.88719243148,26367.89453125,387427.0,,,,,
2022-10-05,26586.89608983723,26805.898528798,25929.888772954928,26236.4921875,260363.0,,,,,
2022-10-06,26455.495323129253,26455.495323129253,25754.6875,25754.6875,247129.0,,,,,
2022-10-07,25798.48759765625,26324.09345703125,25798.48759765625,26280.29296875,287927.0,,,,,
2022-10-11,25973.690328098783,26543.096692795723,25842.28885932257,26105.091796875,308925.0,,,,,
2022-10-12,26105.091796875,26586.897182387795,25929.88983850671,26105.091796875,290423.0,,,,,
2022-10-13,26280.292775371287,26762.09814291976,25929.88887169967,26543.095703125,367702.0,,,,,
2022-10-14,26805.897772873195,27506.705557784913,26630.695826645264,27287.703125,274418.0,,,,,
2022-10-17,27287.705332880436,28295.116605201863,27068.702882375776,28207.515625,411122.0,,,,,
2022-10-18,28295.11504265721,28601.718456432132,28076.112604246548,28557.91796875,285583.0,,,,,
2022-10-19,28601.71942562783,29171.12578479041,28295.116001463368,28995.923828125,321691.0,,,,,
2022-10-20,28776.92060810811,29302.526463963964,28689.319632132137,29171.125,387058.0,,,,,
2022-10-21,28908.321196266967,29127.32362957202,28295.11438301282,29039.72265625,331337.0,,,,,
2022-10-24,29171.124993953177,29171.124993953177,27900.910842564823,28295.115234375,341240.0,,,,,
2022-10-25,28557.918657371298,28557.918657371298,27769.509860081904,28076.11328125,256067.0,,,,,
2022-10-26,27769.5095703125,28207.514453125,27769.5095703125,28032.3125,333362.0,,,,,
2022-10-27,28426.517486857476,28470.317976051403,27769.5101489486,28119.9140625,248019.0,,,,,
2022-10-28,28076.113555631608,29171.12578479041,28076.113555631608,28995.923828125,244758.0,,,,,
2022-10-31,29171.125,29390.12743993994,28733.12012012012,29171.125,238033.0,,,,,
2022-11-01,29390.128701417096,29696.732130492983,28952.12380273726,29652.931640625,170641.0,,,,,
2022-11-02,29346.32598696376,29915.73231208395,29302.52550041605,29609.12890625,263818.0,,,,,
2022-11-03,29214.92627395676,29521.529698121223,28689.320403960537,28995.923828125,335660.0,,,,,
2022-11-04,29258.725883652427,30090.935152798233,28864.521493004417,29740.53125,300190.0,,,,,
2022-11-07,29696.732130492983,29871.93408996492,29127.325762209195,29652.931640625,189129.0,,,,,
2022-11-08,29696.73063563093,29740.531123294106,27112.501863503756,27681.908203125,974326.0,,,,,
2022-11-09,27944.7109375,28163.713374314262,27419.105089145767,27944.7109375,621308.0,,,,,
2022-11-10,27813.3112511268,28119.914682241582,27156.30389873798,27331.505859375,610533.0,,,,,
2022-11-11,27375.30578410507,27375.30578410507,25798.488170940615,26367.89453125,1299292.0,,,,,
2022-11-14,26367.89253114261,26367.89253114261,25316.680868771477,25491.8828125,1173714.0,,,,,
2022-11-15,25491.8839788538,25579.48495472615,24615.874220130303,24791.076171875,1048093.0,,,,,
2022-11-16,24922.479177930363,25623.287028276387,24878.67868728374,25316.68359375,820681.0,,,,,
2022-11-17,25535.684568608205,25667.086032940664,25053.87919938918,25097.6796875,403531.0,,,,,
2022-11-18,25229.080958549224,25929.888762953367,24966.27803189767,25360.482421875,687041.0,,,,,
2022-11-21,25491.883885200776,25535.684372976037,25185.280470773963,25360.482421875,287532.0,,,,,
2022-11-22,25404.283299616694,25754.687207197618,25316.682322721463,25710.88671875,443414.0,,,,,
2022-11-23,25754.686913395904,25798.487401343857,25404.283009812287,25667.0859375,296850.0,,,,,
2022-11-24,25710.887011054423,25886.088966836734,25579.48554421769,25754.6875,400217.0,,,,,
2022-11-25,25842.28885932257,26192.692776059142,25754.687880138423,26105.091796875,432469.0,,,,,
2022-11-28,26105.091707342952,26105.091707342952,25579.485834040745,25798.48828125,326019.0,,,,,
2022-11-29,25842.286633403364,26105.08954831933,25667.084690126052,26061.2890625,411519.0,,,,,
2022-11-30,26061.289757734892,26543.09511460058,26017.4892707471,26455.494140625,513554.0,,,,,
2022-12-01,26586.89589682335,26586.89589682335,26236.49199702996,26499.294921875,433225.0,,,,,
2022-12-02,26543.09660176146,26543.09660176146,25710.887302366296,25798.48828125,361074.0,,,,,
2022-12-05,25754.68799581904,25929.88995497427,25229.082118353344,25535.685546875,475447.0,,,,,
2022-12-06,25448.08506568988,25710.888009569637,24966.27966857699,25316.68359375,582478.0,,,,,
2022-12-07,25404.283989800348,25623.28643798828,25185.28154161241,25229.08203125,378105.0,,,,,
2022-12-08,25316.683010525172,25535.685458713106,25097.68056233724,25229.08203125,377352.0,,,,,
2022-12-09,25448.08349776024,25667.0859375,25141.480082124577,25667.0859375,530811.0,,,,,
2022-12-12,25623.28515625,25929.88856837607,25491.88369391026,25623.28515625,454184.0,,,,,
2022-12-13,25754.68837246193,25973.69082460871,25448.08493945643,25886.08984375,476323.0,,,,,
2022-12-14,26017.491397104932,26236.493849942515,25798.48894426735,26192.693359375,452815.0,,,,,
2022-12-15,26148.890034138654,26324.091977415967,26017.488576680673,26061.2890625,346490.0,,,,,
2022-12-16,25754.68691986386,26586.896191083953,25667.085943945956,26543.095703125,606653.0,,,,,
2022-12-19,26324.093843158924,26762.098732396174,26105.091398540295,26630.697265625,600808.0,,,,,
2022-12-20,26674.497754548724,26805.8992213199,26411.69482100637,26630.697265625,345332.0,,,,,
2022-12-21,26718.296982627635,27112.501364338532,26586.895522057333,27024.900390625,277337.0,,,,,
2022-12-22,27156.302440932956,27200.10292874091,26849.69902627726,27112.501953125,310132.0,,,,,
2022-12-23,26981.100880354203,27243.903811007003,26543.09599593287,26586.896484375,488962.0,,,,,
2022-12-26,26630.69658723748,27331.50439216478,26586.896099429523,27112.501953125,483965.0,,,,,
2022-12-27,27287.705493683512,27287.705493683512,26674.498628656915,26762.099609375,568054.0,,,,,
2022-12-28,27337.880424626244,28461.354962624584,26448.463082044225,28180.486328125,861222.0,,,,,
2022-12-29,27852.80613327674,28320.92052207131,27525.126061120543,27571.9375,259819.0,,,,,
2023-01-02,27571.937374538844,27665.560251871742,26963.388671875,26963.388671875,198581.0,,,,,
2023-01-03,27103.821567836032,27197.444440263793,26308.027152200088,26729.330078125,396005.0,,,,,
2023-01-04,26963.38812392427,27244.256750215147,26495.273746772804,27197.4453125,265851.0,,,,,
2023-01-05,27057.01183772208,27993.240621034263,26916.577520225255,27665.560546875,338824.0,,,,,
2023-01-06,27197.44439090956,28508.16460251966,27197.44439090956,28274.107421875,366767.0,,,,,
2023-01-09,28508.16460251966,28929.46752768005,28180.484549617137,28274.107421875,453862.0,,,,,
2023-01-10,28040.05201087521,28461.354962624584,27665.56049820909,28180.486328125,281622.0,,,,,
2023-01-11,28227.297426970108,28367.731742527172,27805.994480298912,27993.240234375,232249.0,,,,,
2023-01-12,27993.239516170965,28508.165326669092,27852.80520421693,28133.673828125,290307.0,,,,,
2023-01-13,28367.73122096706,28414.54265862542,27618.748218433277,27712.37109375,512301.0,,,,,
2023-01-16,27712.37057380546,27899.61632092577,27337.87907956485,27431.501953125,544261.0,,,,,
2023-01-17,27431.50305215032,29303.960598372185,27384.691613494775,29116.71484375,809307.0,,,,,
2023-01-18,28976.279982182015,29678.45154879386,28742.2227933114,29350.771484375,531916.0,,,,,
2023-01-19,29069.90246184593,30708.302761627907,29023.091024709305,30193.376953125,747039.0,,,,,
2023-01-20,29912.50798617882,30521.05666195398,29772.073676384556,30006.130859375,294371.0,,,,,
2023-01-25,29772.074597575516,30099.754663901032,29210.33734101749,29444.39453125,701.0,,,,,
2023-01-26,29444.394013969704,29818.88551176264,28882.656767280296,29163.525390625,493.0,,,,,
2023-01-27,28976.279421413295,30427.43396432737,28976.279421413295,30099.75390625,134.0,,,,,
2023-01-30,29725.263197815533,29818.886074029127,28789.034435679612,28929.46875,809.0,,,,,
2023-01-31,29023.090733542,29257.14791687702,28367.73062020396,28976.279296875,365239.0,,,,,
2023-02-01,28742.22176702236,29257.147564151423,28648.59889481707,28789.033203125,333.0,,,,,
2023-02-02,28976.27952185935,28976.27952185935,27899.6164701586,28040.05078125,1249.0,,,,,
2023-02-03,28086.86344995847,28508.166401707847,27993.240571791943,28180.486328125,424.0,,,,,
2023-02-06,28508.16495232833,28554.976389031664,28133.673458701687,28461.353515625,85.0,,,,,
2023-02-07,28180.485236672794,28835.845358455885,28180.485236672794,28648.599609375,489.0,,,,,
2023-02-08,28601.788116743886,29772.074046234226,28508.16524238466,29678.451171875,326.0,,,,,
2023-02-09,29303.959000254068,29631.63905297256,28789.033203125,28789.033203125,1113.0,,,,,
2023-02-10,28789.033722071257,29257.148091535822,28601.787974285424,29069.90234375,233.0,,,,,
2023-02-13,28789.034398598968,29538.017407343006,28789.034398598968,29444.39453125,1268.0,,,,,
2023-02-14,29631.63921302747,29631.63921302747,29116.71341311704,29397.58203125,277441.0,,,,,
2023-02-15,29257.147894965277,29678.450824652777,29210.33645833333,29491.205078125,206.0,,,,,
2023-02-16,29491.20630924171,29631.640625,29210.33767772512,29631.640625,69.0,,,,,
2023-02-17,29257.14877906399,29912.508911715024,29023.09158883148,29444.39453125,158.0,,,,,
2023-02-20,29257.148988785284,29631.640495841733,28882.65748172883,29023.091796875,529.0,,,,,
2023-02-21,28835.84621181672,29303.960598372185,28742.223334505627,29116.71484375,211.0,,,,,
2023-02-22,29116.7146332706,29865.697646345085,29069.903194953447,29538.017578125,157.0,,,,,
2023-02-23,29959.320531757756,32253.081009970458,29912.50909342688,31691.34375,1157.0,,,,,
2023-02-24,31504.097918902004,33002.06394179184,31504.097918902004,32721.1953125,384.0,,,,,
2023-02-27,32768.006712147886,33657.4240371919,32487.13808318662,33236.12109375,548219.0,,,,,
2023-02-28,33236.12254749645,33236.12254749645,32674.38526500355,32955.25390625,489509.0,,,,,
2023-03-02,32955.25357142857,33610.613727678574,32487.139174107146,32768.0078125,413263.0,,,,,
2023-03-03,32440.326412750743,32814.817915351035,31316.85190494985,31504.09765625,627924.0,,,,,
2023-03-06,31831.778064992617,32253.081009970458,31550.909435007383,31691.34375,232858.0,,,,,
2023-03-07,31644.53159466912,32440.32602826287,31363.662971047797,31831.77734375,224486.0,,,,,
2023-03-08,31316.852411059463,31878.589674038107,31082.795218151692,31784.966796875,313849.0,,,,,
2023-03-09,32112.647159807275,33563.8017690697,31784.967086748016,32487.138671875,501141.0,,,,,
2023-03-10,32299.891659989316,33329.7432781339,32299.891659989316,32861.62890625,365166.0,,,,,
2023-03-13,33142.49966708096,33236.12254749645,31738.15646084872,32955.25390625,331077.0,,,,,
2023-03-14,32393.51545516304,32627.572647758152,31644.532438858692,32299.892578125,359597.0,,,,,
2023-03-15,32580.761335348507,33142.49859975107,32299.892703147227,32908.44140625,242633.0,,,,,
2023-03-16,32019.02237371889,32768.00535322109,31410.47370287335,31972.2109375,500456.0,,,,,
2023-03-17,32065.834501628076,32533.948873914615,31738.154441027495,32346.703125,903124.0,,,,,
2023-03-20,32299.89266584019,32487.138420424777,30801.926629163547,31270.041015625,458775.0,,,,,
2023-03-21,31597.720157398897,32487.13746553309,31082.794347426472,31831.77734375,377890.0,,,,,
2023-03-22,32206.26829379562,32533.9483491104,31925.39967495438,32065.833984375,294883.0,,,,,
2023-03-23,32346.7024272511,32908.43966187775,31738.153756405565,31972.2109375,293921.0,,,,,
2023-03-24,31504.09769165408,31878.589194675224,30474.24605834592,30989.171875,394840.0,,,,,
2023-03-27,31363.663204308712,31363.663204308712,30661.491640033146,30895.548828125,200236.0,,,,,
2023-03-28,30895.54862668161,31316.8515625,30801.925752055304,31316.8515625,173831.0,,,,,
2023-03-29,31223.22814760293,31644.531076131305,31082.793838093472,31550.908203125,177020.0,,,,,
2023-03-30,31316.85084751674,31644.53090122768,31035.98223005022,31457.28515625,159031.0,,,,,
2023-03-31,31363.66262943787,32065.83418084319,31363.66262943787,31644.53125,290925.0,,,,,
2023-04-03,31363.663204308712,31738.15470525568,30755.114515269885,30895.548828125,270521.0,,,,,
2023-04-04,31176.417453835227,31316.85176669034,30333.811576704546,30895.548828125,328101.0,,,,,
2023-04-05,31176.41801049618,31176.41801049618,30427.434995229007,30661.4921875,181683.0,,,,,
2023-04-06,30708.30384094427,30755.1152797262,30146.566575561144,30240.189453125,204931.0,,,,,
2023-04-07,30146.565543671135,30146.565543671135,29584.82829751577,29678.451171875,265544.0,,,,,
2023-04-10,29538.016663831648,30286.99965372278,29538.016663831648,30099.75390625,186096.0,,,,,
2023-04-11,30006.13081813254,31223.22816800999,29912.507945065045,31035.982421875,329973.0,,,,,
2023-04-12,30848.737189368458,31691.34306100523,30848.737189368458,31316.8515625,253860.0,,,,,
2023-04-13,31082.793649341143,32299.89099103221,31082.793649341143,31972.2109375,363229.0,,,,,
2023-04-14,31784.96607805627,32580.76051594575,31644.53176548754,31925.400390625,225174.0,,,,,
2023-04-17,31691.343373081138,32299.892064144737,31691.343373081138,32019.0234375,116497.0,,,,,
2023-04-18,31784.965850917026,33470.17758969907,31784.965850917026,32861.62890625,381836.0,,,,,
2023-04-19,32861.630531633695,34593.65379327251,32861.630531633695,34312.78515625,441429.0,,,,,
2023-04-20,34640.465179771505,35014.956695228495,33797.85926999328,34827.7109375,265419.0,,,,,
2023-04-21,34453.21733926129,34734.08595887483,33938.29153663646,34219.16015625,174587.0,,,,,
2023-04-24,34219.15980699794,34406.405551495875,33282.93108450825,34031.9140625,190681.0,,,,,
2023-04-25,34172.347986937835,35997.99397528109,33844.66793774802,35389.4453125,586195.0,,,,,
2023-04-26,34968.14349489796,35155.38924319728,33891.48044217687,34406.40625,247051.0,,,,,
2023-04-27,34827.70883207935,34827.70883207935,33844.66866343194,34219.16015625,155277.0,,,,,
2023-04-28,33891.48177430093,35249.01350282956,33891.48177430093,35155.390625,251709.0,,,,,
2023-05-02,34921.33381636425,35717.12828671035,34687.27661920363,34827.7109375,230773.0,,,,,
2023-05-03,34640.46484375,35295.82498944257,34453.21908783784,34640.46484375,158535.0,,,,,
2023-05-04,34219.159086116735,35061.76491860661,33797.8561698718,34687.2734375,180265.0,,,,,
2023-05-08,33938.292518028844,35576.69284648541,33891.48108007295,35295.82421875,251991.0,,,,,
2023-05-09,35295.82352756367,35342.63496460288,34078.726164544234,34921.33203125,247513.0,,,,,
2023-05-10,34734.08696327918,35623.50428444131,34359.595459631964,35295.82421875,294238.0,,,,,
2023-05-11,35389.447435686016,36232.05332701187,35202.20168205805,35483.0703125,218199.0,,,,,
2023-05-12,35389.444981461864,35389.444981461864,32861.62748278602,33142.49609375,685362.0,,,,,
2023-05-15,32861.62928282374,33423.366535521585,32159.45771695144,32533.94921875,414263.0,,,,,
2023-05-16,32253.080761858862,33282.93239721575,32206.269323888093,32627.572265625,315951.0,,,,,
2023-05-17,32393.515625,32580.761380057804,31925.401237355494,32393.515625,320630.0,,,,,
2023-05-18,32253.08083622685,32253.08083622685,31410.474950810185,31597.720703125,479426.0,,,,,
2023-05-19,31457.28655834564,31831.778064992617,31363.663681683895,31691.34375,333070.0,,,,,
2023-05-22,31784.965560281064,32112.64561760355,31363.66262943787,31644.53125,404124.0,,,,,
2023-05-23,31878.58875271346,33236.120432344425,31597.720129341535,32346.703125,514854.0,,,,,
2023-05-24,32299.89131894699,33985.10303993553,32065.83413547636,32674.3828125,597231.0,,,,,
2023-05-25,32440.326722610826,32674.383913971655,31972.21233988917,32206.26953125,332703.0,,,,,
2023-05-26,31972.211655560663,32206.26884191177,31504.097282858456,31831.77734375,220119.0,,,,,
2023-05-30,31831.77832477169,31831.77832477169,30614.680918236303,30755.115234375,630071.0,,,,,
2023-05-31,30567.86842308975,31316.85141661109,30567.86842308975,30708.302734375,486216.0,,,,,
2023-06-01,30989.171356945502,31457.285727896346,30567.86842308975,30708.302734375,364851.0,,,,,
2023-06-02,30801.926123489426,31223.229064388215,30287.000306835347,30989.171875,264176.0,,,,,
2023-06-05,31223.22885909557,31644.531797224292,30989.171671246277,31410.474609375,276590.0,,,,,
2023-06-07,31831.77702067669,32346.702825422937,31082.794031954887,31129.60546875,369108.0,,,,,
2023-06-08,31176.416905545113,31925.399894266917,31082.794031954887,31129.60546875,416332.0,,,,,
2023-06-09,31176.417837145866,31270.040713533697,30193.3776350737,30567.869140625,525694.0,,,,,
2023-06-12,30567.86969521605,30801.9268904321,30146.566743827163,30333.8125,265460.0,,,,,
2023-06-13,30333.81181640625,30380.623254394533,29584.82880859375,29959.3203125,406694.0,,,,,
2023-06-14,29818.886379344392,29959.320695102688,29257.14911631122,29631.640625,405836.0,,,,,
2023-06-15,29678.452063586097,29912.509256516587,29397.58343206951,29631.640625,312564.0,,,,,
2023-06-16,29678.45193422379,29725.26337260585,28882.65748172883,29023.091796875,657086.0,,,,,
2023-06-19,29210.33682784912,29257.148265073236,28648.59958115971,29163.525390625,236276.0,,,,,
2023-06-20,28976.28040011802,29116.71471546593,28320.920261827792,28508.166015625,406374.0,,,,,
2023-06-21,28508.166185045007,28929.469133592473,28180.486113952535,28601.7890625,419735.0,,,,,
2023-06-22,28835.845302641956,29818.88548341384,28601.788116743886,29678.451171875,690834.0,,,,,
2023-06-23,29538.01618076728,29678.450489075203,28789.033203125,28789.033203125,262858.0,,,,,
2023-06-26,28789.033722071257,29397.5824023752,28742.222285124797,29069.90234375,297014.0,,,,,
2023-06-27,28929.46908912781,29303.960598372185,28882.657650472265,29116.71484375,210561.0,,,,,
2023-06-28,29444.395085261414,29491.206524188703,28976.280695988586,29210.337890625,216985.0,,,,,
2023-06-29,28929.468232996325,29210.336856617647,28648.599609375,28648.599609375,211664.0,,,,,
2023-06-30,28976.279469857083,29444.393839321656,28648.599411231884,29069.90234375,237245.0,,,,,
2023-07-03,29069.901803988618,29491.204728684104,29069.901803988618,29303.958984375,153051.0,,,,,
2023-07-04,28929.468961668717,28976.28040011802,28414.543138726396,28508.166015625,269716.0,,,,,
2023-07-05,28508.165845088548,28835.845912273475,28320.92009241145,28414.54296875,598851.0,,,,,
2023-07-06,28508.165151554673,28835.845210767948,27899.6164701586,28040.05078125,363472.0,,,,,
2023-07-07,28040.051502202183,28133.674378670305,27618.74855809564,27899.6171875,254523.0,,,,,
2023-07-10,27993.239487591913,28882.656795726103,27384.690803079044,28648.599609375,283534.0,,,,,
2023-07-11,28929.468406453583,29210.33703175896,28414.54259339373,28742.22265625,267954.0,,,,,
2023-07-12,28882.657566236412,28882.657566236412,27759.18304177989,27993.240234375,348995.0,,,,,
2023-07-13,28180.485295286016,28274.108170021187,27618.748046875,27618.748046875,411305.0,,,,,
2023-07-14,27618.74905912583,28274.109206291527,27618.74905912583,28180.486328125,320000.0,,,,,
2023-07-17,27899.616878227193,28180.48550451807,27057.01099935456,27197.4453125,404515.0,,,,,
2023-07-18,27244.2574745891,27571.937547307527,26963.38884083045,27057.01171875,318021.0,,,,,
2023-07-19,27057.01048233696,27431.501976902175,26822.953298233697,26916.576171875,363186.0,,,,,
2023-07-20,26635.708768112025,27291.068913548876,26635.708768112025,27057.01171875,315085.0,,,,,
2023-07-21,26963.388671875,27478.314497205945,26822.95435587565,26963.388671875,264046.0,,,,,
2023-07-24,26963.38780918728,27010.199246356005,26261.21625165636,26495.2734375,410525.0,,,,,
2023-07-25,26588.89699477352,27057.01137848432,26542.08555640244,26869.765625,262371.0,,,,,
2023-07-26,26729.330651745495,26822.95352618243,25512.23328406531,25980.34765625,659674.0,,,,,
2023-07-27,25980.34878434806,27337.88052262931,25933.537345096986,27150.634765625,415929.0,,,,,
2023-07-28,26963.387953367877,27337.879452720208,26776.14220369171,27103.822265625,166817.0,,,,,
2023-07-31,27337.87892670157,27337.87892670157,26729.33025196335,26822.953125,304804.0,,,,,
2023-08-01,26729.331140051356,26822.954016198644,26448.462511609487,26776.142578125,337200.0,,,,,
2023-08-02,26635.70860120985,27244.257303873695,26448.46284654405,26963.388671875,384286.0,,,,,
2023-08-03,27197.444967233536,27291.067841475306,26776.14203314558,27010.19921875,271754.0,,,,,
2023-08-04,27010.1988126547,28554.976214418315,26963.38737623762,28367.73046875,630130.0,,,,,
2023-08-07,28040.050585295023,28789.033572548316,27993.239148591696,28461.353515625,332280.0,,,,,
2023-08-08,28742.223334505627,29444.394914338824,28554.97757988344,29116.71484375,627704.0,,,,,
2023-08-09,29023.09201104746,29116.714888502454,28320.920430135026,28601.7890625,298435.0,,,,,
2023-08-10,28367.7313597624,28929.46861441116,28133.674170325416,28320.919921875,300139.0,,,,,
2023-08-11,28508.165807038833,29210.337378640776,28461.35436893204,28929.46875,253343.0,,,,,
2023-08-14,28742.223548378875,28929.469304394373,28367.73203634788,28695.412109375,165261.0,,,,,
2023-08-16,28274.108266943447,28320.9197044715,26027.159265596947,26073.970703125,1126141.0,,,,,
2023-08-17,26167.593578181102,26401.650765821363,25839.91351548474,26073.970703125,284658.0,,,,,
2023-08-18,26027.15906581272,26916.57637201855,25980.347628643995,26495.2734375,406391.0,,,,,
2023-08-21,26776.14151433888,27103.821567836032,26542.08433326948,26729.330078125,318641.0,,,,,
2023-08-22,26729.331178280972,26776.14261642157,26073.971044312613,26261.216796875,275283.0,,,,,
2023-08-23,26027.15956894668,27103.822644640517,25933.53669279939,26776.142578125,721825.0,,,,,
2023-08-24,26822.953125,26916.57599803665,26401.65019633508,26822.953125,448699.0,,,,,
2023-08-25,26869.765669899425,28742.22320787151,26635.708477652915,28508.166015625,1055646.0,,,,,
2023-08-28,28461.354746317513,28695.411939954993,28086.863236497546,28601.7890625,406887.0,,,,,
2023-08-29,28601.78851397626,29023.091454443995,28601.78851397626,28835.845703125,383082.0,,,,,
2023-08-30,29023.09149018595,29023.09149018595,28133.674170325416,28320.919921875,388109.0,,,,,
2023-08-31,28180.48560821281,28601.78854919938,28086.862732438018,28320.919921875,347484.0,,,,,
2023-09-01,28180.484918079983,28461.353538525964,27899.616297634,27946.427734375,213437.0,,,,,
2023-09-04,27805.99306058568,28414.541730261797,27525.12444381209,28274.107421875,276769.0,,,,,
2023-09-05,27993.23989241372,28133.674206255266,27712.37126473064,27805.994140625,230505.0,,,,,
2023-09-06,27665.559259733607,28695.410873463115,27665.559259733607,28554.9765625,334774.0,,,,,
2023-09-07,28367.731155842834,28789.034093800896,28367.731155842834,28742.22265625,254851.0,,,,,
2023-09-08,28742.22190434272,30006.13068515258,28414.54185005869,29912.5078125,1242240.0,,,,,
2023-09-11,29912.509337542808,31129.6067440782,29818.88646011701,30755.115234375,1068325.0,,,,,
2023-09-12,30755.11440521816,30755.11440521816,29772.07421875,29772.07421875,627305.0,,,,,
2023-09-13,29772.074524769585,30801.926159274193,29725.263086837556,30474.24609375,537870.0,,,,,
2023-09-14,30755.114171470083,31270.039979516005,30474.24554889958,30708.302734375,380681.0,,,,,
2023-09-15,30755.11468561178,31504.09769165408,30521.05749622356,30989.171875,1309827.0,,,,,
2023-09-18,30801.92578125,31363.663029540272,30708.302906534955,30801.92578125,354924.0,,,,,
2023-09-19,30755.1141450759,31504.09713795446,30708.302708020987,31223.228515625,955522.0,,,,,
2023-09-20,31270.03941127232,31972.210954938615,30942.35935756138,31457.28515625,480985.0,,,,,
2023-09-21,31363.662477611237,31878.588279482465,31035.982421875,31035.982421875,406192.0,,,,,
2023-09-22,30989.171875,31644.53200528701,30801.926123489426,30989.171875,480725.0,,,,,
2023-09-25,31082.794750755285,31363.663378021145,30661.491809856496,30989.171875,583599.0,,,,,
2023-09-26,30801.92543482416,30989.17118214832,30286.99962968272,30614.6796875,318712.0,,,,,
2023-09-27,30287.000171537944,30848.737423560284,29865.697232521183,30380.623046875,340926.0,,,,,
2023-10-04,30427.435163384704,30801.9266730879,29912.509337542808,30755.115234375,787336.0,,,,,
2023-10-05,30755.113629916792,31270.039428895612,30521.056448562784,30942.359375,409541.0,,,,,
2023-10-06,31129.606360010355,31223.229236281062,30521.057664250755,31082.794921875,268957.0,,,,,
2023-10-10,31691.342337472095,32112.645263671875,31129.605102539062,31457.28515625,360189.0,,,,,
2023-10-11,31504.09734161284,31784.965965757976,30427.434282389815,30801.92578125,405213.0,,,,,
2023-10-12,31082.794031954887,31316.851215930452,30614.67966400376,31129.60546875,412855.0,,,,,
2023-10-13,30755.115356809703,31457.28694029851,30755.115356809703,31363.6640625,305611.0,,,,,
2023-10-16,31410.474609375,31738.15467236401,31129.60598395585,31410.474609375,307703.0,,,,,
2023-10-17,31738.15396988122,31784.96540641497,30989.17098534125,31035.982421875,330044.0,,,,,
2023-10-18,31035.983446180555,31972.21220775463,30989.172008101858,31597.720703125,435587.0,,,,,
2023-10-19,31176.417078570088,31550.90857500937,30895.548456240627,31223.228515625,235651.0,,,,,
2023-10-20,30989.17264660494,31129.606963734568,30333.8125,30333.8125,360868.0,,,,,
2023-10-23,30614.67991546727,30801.925664185725,29584.82829751577,29678.451171875,359885.0,,,,,
2023-10-24,29818.885309533227,29959.319620253165,29210.336629746835,29584.828125,245394.0,,,,,
2023-10-25,29584.82863930251,30380.62308054957,29444.39432614126,29865.697265625,267267.0,,,,,
2023-10-26,30099.75501086098,30099.75501086098,29491.20630924171,29631.640625,155993.0,,,,,
2023-10-27,30193.376627604164,30193.376627604164,29303.95933159722,29491.205078125,243466.0,,,,,
2023-10-30,29491.204728684104,29772.073345147764,29069.901803988618,29303.958984375,193433.0,,,,,
2023-10-31,29631.63938802083,29725.26226128472,28882.65640190972,29491.205078125,310441.0,,,,,
2023-11-01,29772.073848172626,30099.75390625,29350.770916358862,30099.75390625,169602.0,,,,,
2023-11-02,30193.37728964316,30193.37728964316,27712.37109375,27712.37109375,705839.0,,,,,
2023-11-03,27993.239516170965,28180.48526544301,27291.067956400788,28133.673828125,453438.0,,,,,
2023-11-06,28086.86344995847,28367.732084458057,27712.37193729236,28180.486328125,564645.0,,,,,
2023-11-07,27946.428795855976,28227.297426970108,27805.994480298912,27993.240234375,253226.0,,,,,
2023-11-08,28086.86188998288,28086.86188998288,27291.0674697667,27337.87890625,459402.0,,,,,
2023-11-09,27337.879967948717,27571.937159455127,27150.63421474359,27384.69140625,270542.0,,,,,
2023-11-10,27384.69068877551,27618.74787414966,27291.06781462585,27525.125,281653.0,,,,,
2023-11-13,27571.9369508891,27899.61701651936,27431.502637047557,27805.994140625,207553.0,,,,,
2023-11-14,27852.8046875,27993.238996848737,27665.55894170168,27852.8046875,263723.0,,,,,
2023-11-15,28367.731395991163,28648.600023674244,27665.55982678346,27805.994140625,652799.0,,,,,
2023-11-16,27899.61731578407,28742.22320787151,27805.994438885467,28508.166015625,451939.0,,,,,
2023-11-17,28695.412109375,28835.846426386623,28274.109158340132,28695.412109375,285734.0,,,,,
2023-11-20,28835.84481361426,28976.279122771473,28508.1647589141,28882.65625,314990.0,,,,,
2023-11-21,29023.091838567325,29023.091838567325,28461.354577175694,28508.166015625,392378.0,,,,,
2023-11-22,28367.73203634788,28789.03498738275,28320.920597344004,28695.412109375,187509.0,,,,,
2023-11-23,28695.410330919716,28929.46751143293,28554.97602261179,28789.033203125,275466.0,,,,,
2023-11-24,28742.223166582666,29257.148988785284,28742.223166582666,29023.091796875,329498.0,,,,,
2023-11-27,29116.714502427185,29210.337378640776,28695.411559466014,28929.46875,199701.0,,,,,
2023-11-28,29116.71484375,29116.71484375,28789.034773161173,29116.71484375,235982.0,,,,,
2023-11-29,28929.469304394373,29069.903621405996,28648.600670371125,28695.412109375,209538.0,,,,,
2023-11-30,28695.41206242488,29210.337890625,28461.35486778846,29210.337890625,344392.0,,,,,
2023-12-01,29023.091454443995,29444.394394911727,28742.222827465503,28835.845703125,221477.0,,,,,
2023-12-04,29116.71484375,29210.337721061092,28835.84621181672,29116.71484375,149016.0,,,,,
2023-12-05,29023.091419956138,29584.828673245614,28929.468544407893,29350.771484375,225390.0,,,,,
2023-12-06,29350.77145070043,30099.754454227077,29350.77145070043,29865.697265625,226143.0,,,,,
2023-12-07,29725.263671875,30006.132304995077,29538.017916461613,29725.263671875,134655.0,,,,,
2023-12-08,29912.509256516587,30006.132133688785,29584.829186413903,29631.640625,165636.0,,,,,
2023-12-11,29772.073697916665,29772.073697916665,29303.95933159722,29491.205078125,210872.0,,,,,
2023-12-12,29631.63956190665,29818.885309533227,29444.393814280065,29584.828125,206071.0,,,,,
2023-12-13,29678.450998813292,29912.50818334652,29538.01668809335,29584.828125,215086.0,,,,,
2023-12-14,29772.074769710776,29818.886208027932,29397.583263173532,29538.017578125,407911.0,,,,,
2023-12-15,29491.2059692965,29584.828845389507,29257.14877906399,29444.39453125,316508.0,,,,,
2023-12-18,29257.148469309857,29444.394219513437,28554.976906046417,28742.22265625,433878.0,,,,,
2023-12-19,28508.16495232833,28554.976389031664,28133.673458701687,28461.353515625,346892.0,,,,,
2023-12-20,28554.977076146508,28835.845703125,28508.16563831676,28835.845703125,208761.0,,,,,
2023-12-21,28601.787631685573,28929.467686385735,28601.787631685573,28882.65625,262103.0,,,,,
2023-12-22,29069.90289227374,29210.337205762982,28648.599951806005,28835.845703125,329693.0,,,,,
2023-12-26,29023.09090680354,29116.713780696457,28695.41084817834,29069.90234375,335111.0,,,,,
2023-12-27,28789.03498738275,29069.903621405996,28274.109158340132,28695.412109375,374303.0,,,,,
2023-12-28,28789.03460496472,29163.52611202117,28601.788851436493,29023.091796875,215906.0,,,,,
2024-01-02,28742.222483915444,28976.279670266547,28367.73098575368,28648.599609375,312638.0,,,,,
2024-01-03,28554.977111311982,28695.411424974172,28320.919921875,28320.919921875,222956.0,,,,,
2024-01-04,28227.29652937187,28601.78802561561,27946.427907189063,28040.05078125,231644.0,,,,,
2024-01-05,28040.051842447916,28180.486158854168,27852.806087239584,28086.86328125,227015.0,,,,,
2024-01-08,28133.674378670305,28133.674378670305,27665.5599963297,27899.6171875,248585.0,,,,,
2024-01-09,28133.674720052084,28320.920475260416,27899.617526041668,28086.86328125,232393.0,,,,,
2024-01-10,27899.616844383447,28180.485470333617,27618.748218433277,27712.37109375,284672.0,,,,,
2024-01-11,27852.805233712923,27946.428108448097,27618.748046875,27618.748046875,331406.0,,,,,
2024-01-12,27759.18198741101,28133.673481338985,27618.74767718802,27946.427734375,173294.0,,,,,
2024-01-15,28040.05041383044,28227.29615949876,27946.427540996287,28367.73046875,13876.0,,,,,
2024-01-16,28180.486328125,28414.54352354132,27899.617693625412,28180.486328125,197350.0,,,,,
2024-01-17,28320.919430272108,28320.919430272108,27478.31356292517,27525.125,319839.0,,,,,
2024-01-18,27525.12465218322,27618.74752514983,27244.256033283393,27337.87890625,278332.0,,,,,
2024-01-19,27478.31414922968,27525.12558730332,26635.708263904067,26776.142578125,481759.0,,,,,
2024-01-22,26822.953979282804,27525.125549421096,26822.953979282804,27291.068359375,212777.0,,,,,
2024-01-23,27571.936410945324,28180.4850923414,27384.690662823457,28040.05078125,294759.0,,,,,
2024-01-24,27852.805374170817,28274.10831260365,27665.55962375622,28227.296875,330031.0,,,,,
2024-01-25,28367.73081454918,28648.59943647541,28133.673629610657,28554.9765625,300202.0,,,,,
2024-01-26,28274.10776881168,28648.599262438325,28274.10776881168,28461.353515625,241080.0,,,,,
2024-01-29,28461.353805205046,29865.696920593455,28320.91949366621,29678.451171875,554454.0,,,,,
2024-01-30,29818.8861295224,31363.66358992152,29725.263253134573,30567.869140625,836449.0,,,,,
2024-01-31,30567.868371474007,31831.77717090708,30286.999749377766,31738.154296875,721646.0,,,,,
2024-02-01,31738.15405721086,33844.66870702574,31457.285437235543,33189.30859375,1066568.0,,,,,
2024-02-02,33189.307523470095,34031.91335622392,32346.701690716272,33657.421875,809049.0,,,,,
2024-02-05,33704.23688811189,34453.21993006993,32908.44240603147,33470.1796875,618644.0,,,,,
2024-02-06,33142.49881799352,33938.29328113743,31784.967086748016,32487.138671875,642730.0,,,,,
2024-02-07,32299.89095744681,33189.308244680855,32019.022340425538,33002.0625,359274.0,,,,,
2024-02-08,33048.87462745442,33470.17756179874,32721.194567408835,33376.5546875,344348.0,,,,,
2024-02-13,32674.38244680851,34312.782712765955,32533.948138297874,33002.0625,627889.0,,,,,
2024-02-14,32955.25198412699,33329.74348394661,32019.02323457792,32440.326171875,459376.0,,,,,
2024-02-15,32861.62953125,32861.62953125,31457.28638888889,31597.720703125,480597.0,,,,,
2024-02-16,31878.58858229771,32393.51438906023,31363.6627755352,32253.080078125,257328.0,,,,,
2024-02-19,32533.949185552407,33423.36650141643,32346.703434844192,33048.875,338792.0,,,,,
2024-02-20,32814.817879660084,33329.743695175435,31878.58912417763,32019.0234375,241595.0,,,,,
2024-02-21,32253.080453285376,32533.94907842284,31363.663140350076,31925.400390625,239922.0,,,,,
2024-02-22,32253.079750672292,32253.079750672292,31363.66245711239,31550.908203125,221032.0,,,,,
2024-02-23,31691.343172235753,32861.62910917208,31691.343172235753,32440.326171875,355975.0,,,,,
2024-02-26,31878.589631453804,31972.212508491844,29772.074898097824,30146.56640625,814321.0,,,,,
2024-02-27,30146.56521355008,30333.810960218092,28882.656423540993,28976.279296875,640632.0,,,,,
2024-02-28,28648.60008445946,29631.64028343601,28648.60008445946,29444.39453125,513533.0,,,,,
2024-02-29,29397.582204861108,30052.94231770833,29210.33645833333,29491.205078125,554167.0,,,,,
2024-03-04,29772.07348557693,30848.736520432692,29538.01630408654,30427.43359375,601667.0,,,,,
2024-03-05,30380.623598845108,31129.606615149456,30052.943529211956,30146.56640625,405113.0,,,,,
2024-03-06,30052.942295973087,30333.810915561626,29584.8279299922,30006.130859375,457362.0,,,,,
2024-03-07,30006.131578786248,30240.188767388325,29725.262952463756,29865.697265625,324220.0,,,,,
2024-03-08,30099.753557805165,30286.99930311033,29818.884939847416,29912.5078125,346432.0,,,,,
2024-03-11,29912.50938165151,30474.246647034637,29912.50938165151,30240.189453125,261047.0,,,,,
2024-03-12,30567.86952459849,30614.68096338042,30006.132259215363,30240.189453125,371606.0,,,,,
2024-03-13,30333.812406716417,31457.28694029851,30287.000967817166,31363.6640625,575874.0,,,,,
2024-03-14,31550.909192297346,33189.30952127421,31363.66344041428,32627.572265625,1002037.0,,,,,
2024-03-15,32674.384086277172,33563.80141813859,32299.892578124996,32299.892578125,733084.0,,,,,
2024-03-18,32580.7599852071,32580.7599852071,31457.28550295858,31644.53125,430959.0,,,,,
2024-03-19,31597.720186378923,32112.645996823616,31270.04012518684,31316.8515625,426476.0,,,,,
2024-03-20,31597.720359654435,32112.646172922876,31316.85173423528,31410.474609375,352922.0,,,,,
2024-03-21,31691.343710256177,32253.080969522165,31270.040765806683,32206.26953125,607524.0,,,,,
2024-03-22,32019.023472325407,32299.89209927563,31363.66334277489,31504.09765625,706571.0,,,,,
2024-03-25,31550.90912953172,31878.589194675224,30895.54899924471,30989.171875,498446.0,,,,,
2024-03-26,31223.229621503997,31316.852498929795,30567.869479523404,30755.115234375,641323.0,,,,,
2024-03-27,30755.114374034,30801.9258114374,30052.942812983,30287.0,795157.0,,,,,
2024-03-28,30650.0,31200.0,30600.0,30850.0,791668.0,,,,,
2024-03-29,30800.0,30950.0,30350.0,30500.0,409076.0,,,,,
2024-04-01,30800.0,30950.0,30350.0,30550.0,408592.0,,,,,
2024-04-02,30400.0,31400.0,30300.0,31000.0,572676.0,,,,,
2024-04-03,30900.0,30950.0,30600.0,30650.0,522936.0,,,,,
2024-04-04,30850.0,31300.0,30650.0,30900.0,310837.0,,,,,
2024-04-05,30550.0,30900.0,30400.0,30500.0,315295.0,,,,,
2024-04-08,30600.0,30850.0,30350.0,30650.0,359041.0,,,,,
2024-04-09,30750.0,31100.0,30650.0,30750.0,363587.0,,,,,
2024-04-11,30450.0,30650.0,29650.0,30200.0,540525.0,,,,,
2024-04-12,29950.0,29950.0,28700.0,28750.0,903872.0,,,,,
2024-04-15,28550.0,29250.0,28450.0,29250.0,345011.0,,,,,
2024-04-16,29000.0,29250.0,28750.0,29100.0,283694.0,,,,,
2024-04-17,29300.0,29550.0,28950.0,29250.0,240776.0,,,,,
2024-04-18,29250.0,29550.0,29200.0,29350.0,271112.0,,,,,
2024-04-19,29050.0,29350.0,28700.0,29150.0,416357.0,,,,,
2024-04-22,29550.0,30900.0,29300.0,30750.0,630708.0,,,,,
2024-04-23,30700.0,31100.0,30500.0,30800.0,259526.0,,,,,
2024-04-24,30650.0,30850.0,30400.0,30700.0,251319.0,,,,,
2024-04-25,30350.0,31600.0,30350.0,31000.0,301329.0,,,,,
2024-04-26,31300.0,31750.0,31100.0,31600.0,279227.0,,,,,
2024-04-29,31600.0,31800.0,31250.0,31800.0,215197.0,,,,,
2024-04-30,31500.0,31700.0,31150.0,31300.0,310409.0,,,,,
2024-05-02,31050.0,31250.0,30350.0,30500.0,300299.0,,,,,
2024-05-03,30550.0,30700.0,30250.0,30450.0,160250.0,,,,,
2024-05-07,30700.0,31100.0,30350.0,31100.0,292131.0,,,,,
2024-05-08,31100.0,31250.0,30700.0,31200.0,266172.0,,,,,
2024-05-09,31200.0,31200.0,30550.0,30600.0,313701.0,,,,,
2024-05-10,30900.0,31350.0,30850.0,31000.0,448335.0,,,,,
2024-05-13,31200.0,31500.0,30950.0,31250.0,237739.0,,,,,
2024-05-14,31250.0,34650.0,30950.0,34200.0,2199629.0,,,,,
2024-05-16,33750.0,35000.0,33550.0,34600.0,1658780.0,,,,,
2024-05-17,34650.0,34650.0,33400.0,33650.0,469161.0,,,,,
2024-05-20,33900.0,34750.0,33850.0,34350.0,505252.0,,,,,
2024-05-21,34150.0,34450.0,33850.0,34200.0,508573.0,,,,,
2024-05-22,34050.0,34050.0,32300.0,32600.0,860578.0,,,,,
2024-05-23,32500.0,32850.0,32250.0,32700.0,459305.0,,,,,
2024-05-24,32300.0,32400.0,31950.0,32250.0,269585.0,,,,,
2024-05-27,32450.0,32650.0,31900.0,32000.0,303903.0,,,,,
2024-05-28,31900.0,32450.0,31900.0,32300.0,226585.0,,,,,
2024-05-29,32100.0,33150.0,32050.0,33000.0,638788.0,,,,,
2024-05-30,32850.0,33350.0,32550.0,33050.0,497821.0,,,,,
2024-05-31,33300.0,33350.0,32650.0,32800.0,415787.0,,,,,
2024-06-03,32950.0,33250.0,32550.0,33150.0,301456.0,,,,,
2024-06-04,32800.0,33200.0,32100.0,32300.0,325023.0,,,,,
2024-06-05,32400.0,32800.0,32150.0,32550.0,289734.0,,,,,
2024-06-07,32550.0,33350.0,32400.0,32700.0,365117.0,,,,,
2024-06-10,32450.0,32950.0,32300.0,32550.0,133675.0,,,,,
2024-06-11,32500.0,32950.0,32300.0,32600.0,324051.0,,,,,
2024-06-12,32400.0,32750.0,32400.0,32700.0,191304.0,,,,,
2024-06-13,32800.0,33100.0,32150.0,32350.0,648002.0,,,,,
2024-06-14,32200.0,32700.0,31950.0,32000.0,353719.0,,,,,
2024-06-17,32050.0,32350.0,31250.0,31400.0,476898.0,,,,,
2024-06-18,31600.0,32300.0,31000.0,32200.0,535644.0,,,,,
2024-06-19,32350.0,32400.0,31500.0,31950.0,368137.0,,,,,
2024-06-20,31950.0,33000.0,31850.0,32850.0,454814.0,,,,,
2024-06-21,32850.0,33200.0,32700.0,33100.0,511832.0,,,,,
2024-06-24,33050.0,33600.0,32600.0,33450.0,486258.0,,,,,
2024-06-25,33650.0,33800.0,32950.0,33800.0,272781.0,,,,,
2024-06-26,33450.0,33550.0,33050.0,33550.0,181992.0,,,,,
2024-06-27,33100.0,33800.0,32950.0,33800.0,236093.0,,,,,
2024-06-28,33700.0,34500.0,33650.0,34500.0,485259.0,,,,,
2024-07-01,34500.0,34750.0,33600.0,33850.0,278163.0,,,,,
2024-07-02,33550.0,34550.0,33400.0,34300.0,380506.0,,,,,
2024-07-03,34150.0,34500.0,33950.0,34150.0,254521.0,,,,,
2024-07-04,34050.0,35350.0,33900.0,34550.0,480376.0,,,,,
2024-07-05,34550.0,35000.0,34350.0,34500.0,239097.0,,,,,
2024-07-08,34200.0,34200.0,33700.0,33800.0,156755.0,,,,,
2024-07-09,34050.0,34150.0,33050.0,33700.0,487715.0,,,,,
2024-07-10,33700.0,35350.0,33550.0,35000.0,555038.0,,,,,
2024-07-11,35050.0,35600.0,34800.0,35350.0,386180.0,,,,,
2024-07-12,35350.0,35350.0,34200.0,34450.0,199901.0,,,,,
2024-07-15,34350.0,34650.0,33800.0,34000.0,265675.0,,,,,
2024-07-16,34050.0,34500.0,33850.0,34350.0,375446.0,,,,,
2024-07-17,34250.0,34350.0,33550.0,33950.0,268978.0,,,,,
2024-07-18,34150.0,34300.0,33700.0,34300.0,420029.0,,,,,
2024-07-19,34000.0,34300.0,33500.0,34000.0,348896.0,,,,,
2024-07-22,33950.0,34200.0,33450.0,33850.0,262522.0,,,,,
2024-07-23,33850.0,34650.0,33800.0,34350.0,370996.0,,,,,
2024-07-24,34050.0,34850.0,33950.0,34850.0,254606.0,,,,,
2024-07-25,34650.0,34700.0,33500.0,33700.0,242722.0,,,,,
2024-07-26,33900.0,35150.0,33750.0,34950.0,473056.0,,,,,
2024-07-29,34900.0,35800.0,34650.0,35100.0,278759.0,,,,,
2024-07-30,34850.0,36250.0,34600.0,35850.0,408538.0,,,,,
2024-07-31,35850.0,36750.0,35450.0,36050.0,446147.0,,,,,
2024-08-01,35900.0,36100.0,35400.0,36050.0,224398.0,,,,,
2024-08-02,35500.0,35550.0,34100.0,34100.0,426283.0,,,,,
2024-08-05,33700.0,33800.0,31500.0,32000.0,435685.0,,,,,
2024-08-06,33000.0,33150.0,32000.0,32400.0,387796.0,,,,,
2024-08-07,32050.0,33850.0,31900.0,33850.0,430095.0,,,,,
2024-08-08,33850.0,34750.0,33250.0,34750.0,408175.0,,,,,
2024-08-09,34450.0,34600.0,33700.0,34100.0,293009.0,,,,,
2024-08-12,34400.0,34400.0,33750.0,34200.0,128363.0,,,,,
2024-08-13,33900.0,35700.0,33900.0,35650.0,386150.0,,,,,
2024-08-14,35450.0,35800.0,34500.0,34950.0,413870.0,,,,,
2024-08-16,35400.0,35550.0,33600.0,34300.0,595372.0,,,,,
2024-08-19,34350.0,35450.0,34150.0,34900.0,423837.0,,,,,
2024-08-20,34850.0,36650.0,34850.0,36150.0,773406.0,,,,,
2024-08-21,36000.0,36250.0,35450.0,36150.0,364240.0,,,,,
2024-08-22,36150.0,36150.0,35200.0,35800.0,269646.0,,,,,
2024-08-23,35550.0,35700.0,35150.0,35450.0,291486.0,,,,,
2024-08-26,35400.0,35750.0,35300.0,35750.0,208206.0,,,,,
2024-08-27,35850.0,35950.0,35300.0,35600.0,220129.0,,,,,
2024-08-28,35500.0,36000.0,35100.0,35300.0,276769.0,,,,,
2024-08-29,35300.0,35550.0,34900.0,34900.0,188019.0,,,,,
2024-08-30,35200.0,35250.0,34700.0,34800.0,419148.0,,,,,
2024-09-02,34850.0,35350.0,34650.0,35200.0,228718.0,,,,,
2024-09-03,35350.0,36250.0,35150.0,35750.0,456279.0,,,,,
2024-09-04,35500.0,35900.0,35150.0,35400.0,376031.0,,,,,
2024-09-05,35450.0,35500.0,34650.0,35000.0,245426.0,,,,,
2024-09-06,35050.0,35050.0,34250.0,34550.0,257506.0,,,,,
2024-09-09,34000.0,34050.0,33100.0,33400.0,417460.0,,,,,
2024-09-10,33550.0,33800.0,33150.0,33600.0,225836.0,,,,,
2024-09-11,33750.0,34250.0,32550.0,32800.0,361283.0,,,,,
2024-09-12,32850.0,32950.0,32300.0,32750.0,581302.0,,,,,
2024-09-13,32850.0,33500.0,32750.0,33300.0,227513.0,,,,,
2024-09-19,33500.0,33600.0,32950.0,33400.0,301294.0,,,,,
2024-09-20,33400.0,33550.0,33050.0,33500.0,450557.0,,,,,
2024-09-23,33800.0,34200.0,33300.0,34100.0,436323.0,,,,,
2024-09-24,34500.0,35150.0,33000.0,33250.0,645388.0,,,,,
2024-09-25,33600.0,33700.0,32650.0,32700.0,490034.0,,,,,
2024-09-26,32850.0,33400.0,32750.0,33350.0,390198.0,,,,,
2024-09-27,33350.0,34100.0,33250.0,33650.0,481626.0,,,,,
2024-09-30,33900.0,33900.0,33000.0,33000.0,326047.0,,,,,
2024-10-02,32600.0,32650.0,30850.0,30950.0,1343757.0,,,,,
2024-10-04,30900.0,30950.0,30450.0,30750.0,984593.0,,,,,
2024-10-07,30850.0,31200.0,30600.0,31050.0,612666.0,,,,,
2024-10-08,31000.0,31250.0,30800.0,30800.0,428442.0,,,,,
2024-10-10,31100.0,31650.0,31000.0,31200.0,477153.0,,,,,
2024-10-11,31200.0,31500.0,31150.0,31350.0,242121.0,,,,,
2024-10-14,31350.0,32000.0,31300.0,31350.0,423056.0,,,,,
2024-10-15,31800.0,32000.0,31550.0,31900.0,301698.0,,,,,
2024-10-16,31600.0,31700.0,31150.0,31300.0,471116.0,,,,,
2024-10-17,31400.0,31400.0,30750.0,31000.0,396392.0,,,,,
2024-10-18,31100.0,31100.0,30250.0,30400.0,551979.0,,,,,
2024-10-21,30600.0,30750.0,30250.0,30400.0,335116.0,,,,,
2024-10-22,30350.0,30400.0,29900.0,30300.0,504708.0,,,,,
2024-10-23,30450.0,30700.0,30300.0,30600.0,350205.0,,,,,
2024-10-24,30400.0,30400.0,29800.0,30000.0,412784.0,,,,,
2024-10-25,30050.0,30350.0,29650.0,30350.0,407987.0,,,,,
2024-10-28,30400.0,30450.0,29950.0,30200.0,326106.0,,,,,
2024-10-29,30200.0,30200.0,29900.0,30100.0,191263.0,,,,,
2024-10-30,30200.0,30650.0,29800.0,30550.0,403550.0,,,,,
2024-10-31,30500.0,30500.0,29900.0,30350.0,297797.0,,,,,
2024-11-01,30050.0,30300.0,29900.0,30100.0,155746.0,,,,,
2024-11-04,30150.0,30750.0,30000.0,30750.0,295680.0,,,,,
2024-11-05,30450.0,30700.0,30200.0,30550.0,165890.0,,,,,
2024-11-06,30450.0,30800.0,30200.0,30800.0,166472.0,,,,,
2024-11-07,30650.0,30850.0,30350.0,30450.0,175019.0,,,,,
2024-11-08,30550.0,30550.0,30000.0,30200.0,213654.0,,,,,
2024-11-11,30100.0,30250.0,29650.0,29750.0,291136.0,,,,,
2024-11-12,29750.0,30000.0,28700.0,28950.0,465371.0,,,,,
2024-11-13,28850.0,29200.0,28700.0,28750.0,312989.0,,,,,
2024-11-14,29000.0,29000.0,28300.0,28650.0,360938.0,,,,,
2024-11-15,28400.0,28500.0,27250.0,27350.0,725029.0,,,,,
2024-11-18,27450.0,28700.0,27350.0,28250.0,384724.0,,,,,
2024-11-19,28100.0,28500.0,27950.0,28050.0,254882.0,,,,,
2024-11-20,27900.0,28150.0,27800.0,28000.0,292517.0,,,,,
2024-11-21,28000.0,28100.0,27750.0,27850.0,300176.0,,,,,
2024-11-22,28000.0,28300.0,27850.0,28100.0,289826.0,,,,,
2024-11-25,28150.0,28350.0,27900.0,28100.0,403091.0,,,,,
2024-11-26,28050.0,28100.0,26950.0,27000.0,736210.0,,,,,
2024-11-27,26950.0,27600.0,26950.0,27300.0,353353.0,,,,,
2024-11-28,27300.0,27350.0,27000.0,27150.0,239706.0,,,,,
2024-11-29,27200.0,27200.0,26400.0,26600.0,546119.0,,,,,
2024-12-02,26500.0,26800.0,26400.0,26500.0,328894.0,,,,,
2024-12-03,26700.0,27300.0,26650.0,27300.0,431129.0,,,,,
2024-12-04,26850.0,27050.0,26100.0,26300.0,679399.0,,,,,
2024-12-05,26250.0,26300.0,25500.0,25850.0,595594.0,,,,,
2024-12-06,26000.0,26100.0,25550.0,25950.0,405122.0,,,,,
2024-12-09,25700.0,25950.0,24750.0,25200.0,334283.0,,,,,
2024-12-10,25450.0,25850.0,25250.0,25700.0,279489.0,,,,,
2024-12-11,25900.0,26900.0,25700.0,26800.0,403532.0,,,,,
2024-12-12,26900.0,26950.0,26550.0,26750.0,539448.0,,,,,
2024-12-13,26800.0,26900.0,26400.0,26700.0,220341.0,,,,,
2024-12-16,27000.0,27000.0,26300.0,26400.0,360446.0,,,,,
2024-12-17,26500.0,26550.0,25600.0,25850.0,1105565.0,,,,,
2024-12-18,25900.0,26850.0,25900.0,26650.0,483323.0,,,,,
2024-12-19,26100.0,26750.0,26100.0,26500.0,409460.0,,,,,
2024-12-20,26050.0,26100.0,23950.0,24750.0,1143360.0,,,,,
2024-12-23,24750.0,25250.0,24550.0,25250.0,376756.0,,,,,
2024-12-24,25300.0,25800.0,25100.0,25600.0,317998.0,,,,,
2024-12-26,25700.0,25700.0,25000.0,25450.0,244552.0,,,,,
2024-12-27,25150.0,25350.0,24300.0,25100.0,273283.0,,,,,
2024-12-30,24900.0,25000.0,24550.0,24700.0,215436.0,,,,,
2025-01-02,24850.0,25100.0,24600.0,25000.0,239462.0,,,,,
2025-01-03,24750.0,25150.0,24700.0,25000.0,228337.0,,,,,
2025-01-06,25100.0,25300.0,24800.0,25200.0,227820.0,,,,,
2025-01-07,25250.0,25700.0,25150.0,25250.0,363963.0,,,,,
2025-01-08,25050.0,25850.0,25050.0,25550.0,226933.0,,,,,
2025-01-09,25500.0,26100.0,25350.0,25900.0,313543.0,,,,,
2025-01-10,26000.0,26450.0,25750.0,26200.0,364218.0,,,,,
2025-01-13,26000.0,26650.0,25900.0,25950.0,347153.0,,,,,
2025-01-14,26100.0,26100.0,25750.0,25950.0,169455.0,,,,,
2025-01-15,25750.0,26350.0,25750.0,25950.0,235737.0,,,,,
2025-01-16,25950.0,26100.0,25850.0,26000.0,151426.0,,,,,
2025-01-17,25900.0,26050.0,25350.0,25400.0,253998.0,,,,,
2025-01-20,25550.0,25600.0,25250.0,25350.0,177878.0,,,,,
2025-01-21,25500.0,25500.0,24950.0,25150.0,243540.0,,,,,
2025-01-22,25300.0,25400.0,24650.0,24750.0,324714.0,,,,,
2025-01-23,24750.0,24850.0,24350.0,24400.0,235126.0,,,,,
2025-01-24,24500.0,24500.0,23850.0,24000.0,412936.0,,,,,
2025-01-31,24250.0,24800.0,24200.0,24750.0,529541.0,,,,,
2025-02-03,24400.0,24400.0,23800.0,24050.0,239853.0,,,,,
2025-02-04,24250.0,24700.0,24200.0,24500.0,258938.0,,,,,
2025-02-05,24600.0,24750.0,24350.0,24450.0,296813.0,,,,,
2025-02-06,24500.0,24750.0,24200.0,24400.0,252342.0,,,,,
2025-02-07,24400.0,24700.0,24300.0,24450.0,282202.0,,,,,
2025-02-10,24600.0,24600.0,23650.0,23700.0,388582.0,,,,,
2025-02-11,23700.0,24000.0,23700.0,24000.0,238417.0,,,,,
2025-02-12,23950.0,24050.0,23800.0,23900.0,198097.0,,,,,
2025-02-13,23850.0,24000.0,23700.0,23700.0,367017.0,,,,,
2025-02-14,23850.0,24400.0,23700.0,24400.0,436893.0,,,,,
2025-02-17,24500.0,24700.0,24200.0,24700.0,304444.0,,,,,
2025-02-18,24700.0,24750.0,24400.0,24600.0,277374.0,,,,,
2025-02-19,24500.0,24800.0,24450.0,24600.0,257936.0,,,,,
2025-02-20,24500.0,24750.0,24150.0,24450.0,320030.0,,,,,
2025-02-21,24350.0,24400.0,24000.0,24000.0,458272.0,,,,,
2025-02-24,24100.0,24650.0,24000.0,24350.0,380756.0,,,,,
2025-02-25,24050.0,24350.0,23850.0,24000.0,421925.0,,,,,
2025-02-26,23950.0,24250.0,23800.0,23950.0,231388.0,,,,,
2025-02-27,24000.0,24050.0,23750.0,23950.0,350646.0,,,,,
2025-02-28,23950.0,24000.0,23250.0,23250.0,699799.0,,,,,
2025-03-04,23250.0,23350.0,22300.0,22300.0,579788.0,,,,,
2025-03-05,22450.0,22850.0,22450.0,22700.0,294667.0,,,,,
2025-03-06,22850.0,23200.0,22850.0,23050.0,275418.0,,,,,
2025-03-07,23150.0,23150.0,22500.0,22500.0,243816.0,,,,,
2025-03-10,22400.0,23100.0,22200.0,22850.0,247158.0,,,,,
2025-03-11,22300.0,22550.0,22250.0,22300.0,301805.0,,,,,
2025-03-12,22300.0,25400.0,22250.0,24750.0,1226862.0,,,,,
2025-03-13,24600.0,24900.0,23300.0,23300.0,824487.0,,,,,
2025-03-14,23400.0,23400.0,22950.0,22950.0,296244.0,,,,,
2025-03-17,23100.0,23350.0,22850.0,22900.0,207197.0,,,,,
2025-03-18,23100.0,23450.0,23100.0,23200.0,268904.0,,,,,
2025-03-19,23300.0,23550.0,23200.0,23250.0,172770.0,,,,,
2025-03-20,23550.0,23650.0,23050.0,23050.0,235281.0,,,,,
2025-03-21,23000.0,23150.0,22800.0,22950.0,403833.0,,,,,
2025-03-24,22950.0,23100.0,22800.0,23050.0,115823.0,,,,,
2025-03-25,22950.0,23200.0,22900.0,22950.0,235427.0,,,,,
2025-03-26,23050.0,23150.0,22900.0,22900.0,163612.0,,,,,
2025-03-27,22700.0,23000.0,22700.0,22700.0,173094.0,,,,,
2025-03-28,22750.0,22750.0,21950.0,22000.0,396615.0,,,,,
2025-03-31,21850.0,22000.0,21550.0,21850.0,284867.0,,,,,
2025-04-01,21800.0,22500.0,21800.0,22150.0,230387.0,,,,,
2025-04-02,22150.0,22250.0,21750.0,21800.0,131919.0,,,,,
2025-04-03,21400.0,21750.0,21100.0,21550.0,155528.0,,,,,
2025-04-04,21050.0,21700.0,21050.0,21400.0,307064.0,,,,,
2025-04-07,20550.0,21000.0,20050.0,20400.0,369016.0,,,,,
2025-04-08,20700.0,20900.0,20350.0,20450.0,267809.0,,,,,
2025-04-09,20250.0,20400.0,19840.0,19960.0,331674.0,,,,,
2025-04-10,20600.0,20850.0,20250.0,20550.0,334642.0,,,,,
2025-04-11,20250.0,20700.0,20200.0,20600.0,322671.0,,,,,
2025-04-14,20600.0,20800.0,20450.0,20550.0,200078.0,,,,,
2025-04-15,20550.0,20950.0,20550.0,20850.0,221256.0,,,,,
2025-04-16,20800.0,20900.0,20400.0,20650.0,307182.0,,,,,
2025-04-17,20650.0,20700.0,20400.0,20550.0,236951.0,,,,,
2025-04-18,20550.0,21150.0,20550.0,21050.0,143844.0,,,,,
2025-04-21,21050.0,21150.0,20800.0,21050.0,88495.0,,,,,
2025-04-22,21200.0,21200.0,20450.0,20600.0,408778.0,,,,,
2025-04-23,20900.0,20900.0,20600.0,20900.0,265575.0,,,,,
2025-04-24,20800.0,20900.0,20700.0,20900.0,187766.0,,,,,
2025-04-25,21000.0,21150.0,20750.0,20800.0,324407.0,,,,,
2025-04-28,20850.0,21000.0,20700.0,20800.0,193696.0,,,,,
2025-04-29,20800.0,21450.0,20700.0,21400.0,432721.0,,,,,
2025-04-30,21450.0,22350.0,21200.0,22200.0,697666.0,,,,,
2025-05-02,22200.0,22300.0,21800.0,21950.0,282409.0,,,,,
2025-05-07,22250.0,22350.0,21550.0,21950.0,310955.0,,,,,
2025-05-08,21800.0,22150.0,21750.0,21750.0,290481.0,,,,,
2025-05-09,21850.0,22050.0,21400.0,21550.0,500220.0,,,,,
2025-05-12,21500.0,22050.0,21500.0,22050.0,156185.0,,,,,
2025-05-13,22100.0,22150.0,21800.0,21900.0,199376.0,,,,,
2025-05-14,21950.0,22300.0,21750.0,22150.0,242079.0,,,,,
2025-05-15,21950.0,23050.0,21950.0,22450.0,491355.0,,,,,
2025-05-16,22650.0,22650.0,22050.0,22200.0,255045.0,,,,,
2025-05-19,22000.0,22500.0,21950.0,22100.0,249870.0,,,,,
2025-05-20,22300.0,22350.0,21800.0,21800.0,321615.0,,,,,
2025-05-21,21850.0,22700.0,21800.0,22550.0,402104.0,,,,,
2025-05-22,22350.0,22500.0,22200.0,22250.0,334307.0,,,,,
2025-05-23,22250.0,23500.0,22250.0,23400.0,721180.0,,,,,
2025-05-26,23550.0,24250.0,23300.0,24150.0,619072.0,,,,,
2025-05-27,24100.0,24300.0,23400.0,23750.0,438312.0,,,,,
2025-05-28,23650.0,24350.0,23600.0,24100.0,544192.0,,,,,
2025-05-29,24450.0,25300.0,24150.0,25150.0,810214.0,,,,,
2025-05-30,25200.0,25350.0,24200.0,24350.0,677274.0,,,,,
2025-06-02,24300.0,24550.0,23700.0,23950.0,486933.0,,,,,
2025-06-04,24200.0,25250.0,24050.0,25100.0,592859.0,,,,,
2025-06-05,24950.0,25250.0,24450.0,25000.0,609537.0,,,,,
2025-06-09,25300.0,25950.0,25050.0,25100.0,600970.0,,,,,
2025-06-10,25200.0,25450.0,24650.0,24800.0,491052.0,,,,,
2025-06-11,24900.0,25200.0,24650.0,25150.0,396175.0,,,,,
2025-06-12,25250.0,26750.0,25200.0,26200.0,1684518.0,,,,,
2025-06-13,26350.0,27000.0,25900.0,26400.0,1162393.0,,,,,
2025-06-16,26600.0,26750.0,25700.0,26350.0,677681.0,,,,,
2025-06-17,26350.0,26450.0,25450.0,25600.0,510660.0,,,,,
2025-06-18,25250.0,25750.0,25100.0,25300.0,295452.0,,,,,
2025-06-19,25300.0,25700.0,24850.0,25200.0,420809.0,,,,,
2025-06-20,25400.0,26150.0,25050.0,25700.0,575813.0,,,,,
2025-06-23,25600.0,26050.0,25150.0,25850.0,294553.0,,,,,
2025-06-24,26050.0,26600.0,26050.0,26550.0,454594.0,,,,,
2025-06-25,26550.0,27100.0,26150.0,27050.0,555347.0,,,,,
2025-06-26,26950.0,27000.0,26200.0,26750.0,453020.0,,,,,
2025-06-27,26900.0,27250.0,26400.0,26650.0,354406.0,,,,,
2025-06-30,26900.0,27000.0,26250.0,26450.0,330819.0,,,,,
2025-07-01,26800.0,28500.0,26750.0,27700.0,964762.0,,,,,
2025-07-02,27700.0,27750.0,27000.0,27250.0,353766.0,,,,,
2025-07-03,27300.0,27450.0,27050.0,27250.0,318641.0,,,,,
2025-07-04,27400.0,27950.0,27300.0,27350.0,420985.0,,,,,
2025-07-07,27350.0,27600.0,26850.0,27050.0,296629.0,,,,,
2025-07-08,27000.0,28350.0,27000.0,27650.0,598149.0,,,,,
2025-07-09,27750.0,28350.0,27200.0,27550.0,861163.0,,,,,
2025-07-10,27650.0,28700.0,27500.0,28100.0,842013.0,,,,,
2025-07-11,28250.0,29050.0,28150.0,28350.0,645710.0,,,,,
2025-07-14,28950.0,30650.0,28700.0,30250.0,1344603.0,,,,,
2025-07-15,30500.0,30700.0,29000.0,29300.0,995591.0,,,,,
2025-07-16,29350.0,29400.0,28000.0,28100.0,856906.0,,,,,
2025-07-17,28300.0,28450.0,27750.0,28400.0,488868.0,,,,,
2025-07-18,28300.0,28450.0,27500.0,27850.0,501074.0,,,,,
2025-07-21,27350.0,27800.0,27150.0,27300.0,317053.0,,,,,
2025-07-22,27250.0,27650.0,26800.0,27000.0,372745.0,,,,,
2025-07-23,27250.0,27550.0,26800.0,27150.0,284806.0,,,,,
2025-07-24,27150.0,27400.0,26800.0,26900.0,411799.0,,,,,
2025-07-25,26650.0,27150.0,26500.0,26750.0,365118.0,,,,,
2025-07-28,26650.0,26700.0,25600.0,25900.0,446166.0,,,,,
2025-07-29,25800.0,26400.0,25600.0,26300.0,434763.0,,,,,
2025-07-30,26300.0,26550.0,26000.0,26500.0,221619.0,,,,,
2025-07-31,26300.0,26450.0,26050.0,26300.0,326471.0,,,,,
2025-08-01,26050.0,26250.0,25650.0,25750.0,415228.0,,,,,
2025-08-04,25600.0,26200.0,25500.0,26000.0,236420.0,,,,,
2025-08-05,26250.0,26800.0,26250.0,26550.0,237955.0,,,,,
2025-08-06,26350.0,26900.0,26350.0,26900.0,163013.0,,,,,
2025-08-07,26950.0,27100.0,26650.0,27100.0,221675.0,,,,,
2025-08-08,27100.0,27100.0,26600.0,26700.0,166258.0,,,,,
2025-08-11,26550.0,26750.0,26100.0,26350.0,247464.0,,,,,
2025-08-12,26200.0,27050.0,26200.0,26850.0,344643.0,,,,,
2025-08-13,26950.0,27050.0,25650.0,26150.0,331441.0,,,,,
2025-08-14,26250.0,28450.0,26200.0,27800.0,1088755.0,,,,,
2025-08-18,27800.0,28500.0,27550.0,28150.0,516194.0,,,,,
2025-08-19,28450.0,28650.0,28100.0,28450.0,319041.0,,,,,
2025-08-20,28500.0,28550.0,27650.0,28150.0,335218.0,,,,,
2025-08-21,28150.0,28300.0,27400.0,27400.0,391617.0,,,,,
2025-08-22,27600.0,28200.0,27400.0,27550.0,207520.0,,,,,
2025-08-25,27650.0,27800.0,27350.0,27450.0,261201.0,,,,,
2025-08-26,27550.0,27600.0,27000.0,27200.0,410184.0,,,,,
2025-08-27,27200.0,27300.0,26800.0,27100.0,196949.0,,,,,
2025-08-28,27000.0,28450.0,26950.0,28100.0,365481.0,,,,,
2025-08-29,28300.0,28300.0,27700.0,27900.0,211147.0,,,,,
2025-09-01,28150.0,28200.0,27550.0,27800.0,265482.0,,,,,
2025-09-02,27700.0,28200.0,27650.0,27900.0,152020.0,,,,,
2025-09-03,27850.0,28200.0,27400.0,27550.0,349233.0,,,,,
2025-09-04,27350.0,27850.0,27350.0,27750.0,227722.0,,,,,
2025-09-05,27600.0,27900.0,27550.0,27850.0,269962.0,,,,,
2025-09-08,27800.0,27800.0,27350.0,27650.0,173244.0,,,,,
2025-09-09,27750.0,27800.0,27250.0,27650.0,433223.0,,,,,
2025-09-10,27650.0,28300.0,27650.0,28150.0,350045.0,,,,,
2025-09-11,27950.0,28200.0,27300.0,27450.0,567157.0,,,,,
2025-09-12,27700.0,27950.0,27500.0,27900.0,381276.0,,,,,
2025-09-15,27700.0,28600.0,27700.0,28300.0,351578.0,,,,,
2025-09-16,28400.0,28800.0,28200.0,28500.0,545332.0,,,,,
2025-09-17,29000.0,29050.0,28250.0,28600.0,339186.0,,,,,
2025-09-18,28600.0,28850.0,28300.0,28650.0,318383.0,,,,,
2025-09-22,28200.0,29150.0,28200.0,28850.0,338997.0,,,,,
2025-09-23,28600.0,29800.0,28600.0,29700.0,692201.0,,,,,
2025-09-24,29700.0,29950.0,29350.0,29350.0,485391.0,,,,,
2025-09-25,29350.0,29400.0,28600.0,28700.0,548782.0,,,,,
2025-09-26,28700.0,29750.0,28700.0,29400.0,880897.0,,,,,
2025-09-29,29650.0,29800.0,28950.0,29200.0,262320.0,,,,,
2025-09-30,28950.0,29250.0,28050.0,28150.0,477302.0,,,,,
2025-10-01,28200.0,28450.0,27650.0,27800.0,378877.0,,,,,
2025-10-02,28200.0,28500.0,27850.0,27850.0,543304.0,,,,,
2025-10-10,27850.0,28250.0,27600.0,27900.0,376662.0,,,,,
2025-10-13,27550.0,27800.0,27100.0,27650.0,422643.0,,,,,
2025-10-14,27700.0,27850.0,27450.0,27500.0,444040.0,,,,,
2025-10-15,27500.0,27950.0,27150.0,27700.0,532342.0,,,,,
2025-10-16,27700.0,28100.0,27600.0,27850.0,548468.0,,,,,
2025-10-17,27600.0,27600.0,26900.0,27000.0,682196.0,,,,,
2025-10-20,26900.0,27350.0,26350.0,27250.0,484619.0,,,,,
2025-10-21,27250.0,27550.0,26900.0,27100.0,553379.0,,,,,
2025-10-22,26950.0,27750.0,26750.0,27750.0,369983.0,,,,,
2025-10-23,27400.0,27750.0,27150.0,27400.0,227049.0,,,,,
2025-10-24,27500.0,28050.0,27500.0,27900.0,387341.0,,,,,
2025-10-27,27850.0,28250.0,27850.0,28150.0,432355.0,,,,,
2025-10-28,28000.0,28400.0,27600.0,28000.0,550108.0,,,,,
2025-10-29,28250.0,28250.0,27500.0,27800.0,468580.0,,,,,
2025-10-30,27650.0,28200.0,27500.0,27700.0,474606.0,,,,,
2025-10-31,27650.0,27750.0,26950.0,27300.0,497265.0,,,,,
2025-11-03,27050.0,27250.0,26900.0,27150.0,407022.0,,,,,
2025-11-04,26900.0,27200.0,26850.0,27000.0,381006.0,,,,,
2025-11-05,27250.0,27550.0,26700.0,27400.0,632254.0,,,,,
2025-11-06,27700.0,29500.0,27450.0,29200.0,1003048.0,,,,,
2025-11-07,29300.0,29300.0,27800.0,28250.0,514462.0,,,,,
2025-11-10,28600.0,29500.0,28550.0,29100.0,555870.0,,,,,
2025-11-11,28850.0,29500.0,28700.0,28800.0,511019.0,,,,,
2025-11-12,28850.0,29750.0,28700.0,29750.0,451658.0,,,,,
2025-11-13,30000.0,30650.0,29350.0,29350.0,835154.0,,,,,
2025-11-14,29300.0,30350.0,28550.0,29000.0,651058.0,,,,,
2025-11-17,29000.0,29250.0,28200.0,28950.0,601783.0,,,,,
2025-11-18,28800.0,28950.0,27500.0,27600.0,760179.0,,,,,
2025-11-19,27950.0,28350.0,27750.0,28150.0,474338.0,,,,,
2025-11-20,28050.0,28400.0,27750.0,27950.0,396953.0,,,,,
2025-11-21,27900.0,27950.0,27400.0,27700.0,312217.0,,,,,
2025-11-24,27950.0,28250.0,27650.0,27750.0,478023.0,,,,,
2025-11-25,28150.0,29750.0,28100.0,28900.0,457399.0,,,,,
2025-11-26,29250.0,29750.0,28950.0,29750.0,436702.0,,,,,
2025-11-27,29700.0,31400.0,29700.0,30150.0,447736.0,,,,,
2025-11-28,30300.0,30450.0,29850.0,30050.0,338088.0,,,,,
2025-12-01,30200.0,30500.0,29850.0,30000.0,298472.0,,,,,
2025-12-02,30200.0,30500.0,29950.0,30450.0,276639.0,,,,,
2025-12-03,30300.0,31000.0,30300.0,30600.0,328558.0,,,,,
2025-12-04,30400.0,30950.0,30350.0,30400.0,382619.0,,,,,
2025-12-05,30450.0,30600.0,30000.0,30250.0,273488.0,,,,,
2025-12-08,30200.0,30200.0,28850.0,29100.0,410052.0,,,,,
2025-12-09,28950.0,29350.0,28650.0,29250.0,185964.0,,,,,
2025-12-10,29250.0,29400.0,28800.0,29000.0,166074.0,,,,,
2025-12-11,29250.0,29600.0,29000.0,29000.0,376985.0,,,,,
2025-12-12,29200.0,29800.0,29150.0,29450.0,247830.0,,,,,
2025-12-15,29400.0,29950.0,29000.0,29650.0,225559.0,,,,,
2025-12-16,29650.0,29850.0,29300.0,29400.0,252378.0,,,,,
2025-12-17,29700.0,30450.0,29550.0,30450.0,473707.0,,,,,
2025-12-18,30400.0,30450.0,29750.0,30100.0,384221.0,,,,,
2025-12-19,30400.0,31400.0,30100.0,30300.0,487817.0,,,,,
2025-12-22,30850.0,31050.0,30350.0,30950.0,425885.0,,,,,
2025-12-23,31000.0,31250.0,30600.0,30600.0,194688.0,,,,,
2025-12-24,30800.0,31650.0,30500.0,31450.0,399464.0,,,,,
2025-12-26,31250.0,31650.0,30250.0,30350.0,315427.0,,,,,
2025-12-29,30050.0,30950.0,30050.0,30700.0,230167.0,,,,,
2025-12-30,31000.0,31000.0,30400.0,30800.0,131860.0,,,,,
2026-01-02,30800.0,30950.0,29850.0,30550.0,272784.0,,,,,
2026-01-05,30750.0,31200.0,30350.0,30700.0,275654.0,,,,,
2026-01-06,30800.0,31100.0,30500.0,31050.0,223477.0,,,,,
2026-01-07,30750.0,30850.0,30300.0,30650.0,315168.0,,,,,
2026-01-08,30400.0,30450.0,27800.0,27800.0,1578964.0,,,,,
2026-01-09,28000.0,28050.0,26750.0,27250.0,811360.0,,,,,
2026-01-12,27350.0,27400.0,26750.0,27000.0,597593.0,,,,,
2026-01-13,27300.0,27400.0,26400.0,26450.0,683163.0,,,,,
2026-01-14,26650.0,26650.0,26100.0,26450.0,629694.0,,,,,
2026-01-15,26450.0,27100.0,26250.0,26600.0,596290.0,,,,,
2026-01-16,26800.0,27400.0,26650.0,26800.0,538912.0,,,,,
2026-01-19,26950.0,26950.0,26600.0,26800.0,365104.0,,,,,
2026-01-20,26750.0,28100.0,26750.0,27750.0,759684.0,,,,,
2026-01-21,27600.0,27850.0,27050.0,27550.0,600407.0,,,,,
2026-01-22,27350.0,27900.0,27350.0,27750.0,473042.0,,,,,
2026-01-23,27800.0,28100.0,27500.0,27950.0,415463.0,,,,,
2026-01-26,28300.0,28800.0,27800.0,27800.0,436377.0,,,,,
2026-01-27,27950.0,28450.0,27750.0,28250.0,353022.0,,,,,
2026-01-28,28250.0,28450.0,27550.0,27650.0,518881.0,,,,,
2026-01-29,27700.0,28250.0,27100.0,28050.0,528650.0,,,,,
2026-01-30,27900.0,28600.0,27850.0,28150.0,528968.0,,,,,
2026-02-02,27800.0,28350.0,27300.0,27550.0,465744.0,,,,,
2026-02-03,27950.0,28500.0,27800.0,28400.0,523558.0,,,,,
2026-02-04,28400.0,31450.0,28250.0,30200.0,1194758.0,,,,,
2026-02-05,29800.0,30350.0,29650.0,30150.0,381591.0,,,,,
2026-02-06,29600.0,30000.0,28950.0,29800.0,499396.0,,,,,
2026-02-09,30300.0,31100.0,30250.0,30800.0,537444.0,,,,,
2026-02-10,30950.0,33400.0,30600.0,32950.0,1232385.0,,,,,
2026-02-11,33350.0,33850.0,32250.0,32800.0,730129.0,,,,,
2026-02-12,33000.0,34200.0,32900.0,33500.0,999775.0,,,,,
2026-02-13,34100.0,36600.0,34000.0,35450.0,1345233.0,,,,,
2026-02-19,35800.0,35850.0,34550.0,35100.0,758565.0,,,,,
2026-02-20,35100.0,40550.0,35000.0,38800.0,2385925.0,,,,,
2026-02-23,43000.0,44250.0,37350.0,37900.0,3828700.0,,,,,
2026-02-24,37250.0,37500.0,34800.0,35300.0,1732494.0,,,,,
2026-02-25,35500.0,35950.0,34800.0,35450.0,1014413.0,,,,,
2026-02-26,34950.0,35350.0,34100.0,35200.0,936519.0,,,,,
2026-02-27,34950.0,35150.0,34050.0,34350.0,680680.0,,,,,
2026-03-03,34000.0,34250.0,32400.0,32400.0,848532.0,,,,,
2026-03-04,31550.0,31700.0,28650.0,29200.0,978700.0,,,,,
2026-03-05,31150.0,31750.0,30200.0,30700.0,739211.0,,,,,
2026-03-06,30050.0,31000.0,29900.0,30850.0,375042.0,,,,,
2026-03-09,29650.0,30000.0,29100.0,29850.0,420179.0,,,,,
2026-03-10,30750.0,30800.0,29800.0,30050.0,306785.0,,,,,
2026-03-11,30800.0,31650.0,30400.0,30600.0,420850.0,,,,,
2026-03-12,30500.0,30750.0,29900.0,29900.0,563192.0,,,,,
2026-03-13,29350.0,30250.0,29150.0,29800.0,335213.0,,,,,
2026-03-16,29550.0,29900.0,29200.0,29200.0,248788.0,,,,,
2026-03-17,29650.0,30350.0,29650.0,30100.0,365323.0,,,,,
2026-03-18,30450.0,31900.0,30300.0,31600.0,514692.0,,,,,
2026-03-19,30650.0,30850.0,30250.0,30300.0,361923.0,,,,,
2026-03-20,30800.0,32000.0,30800.0,31300.0,472003.0,,,,,
2026-03-23,30850.0,31000.0,29750.0,29800.0,372320.0,,,,,
2026-03-25,31350.0,32600.0,30950.0,32150.0,592702.0,,,,,
2026-03-26,32000.0,32000.0,30800.0,31150.0,446393.0,,,,,
2026-03-27,30900.0,31650.0,30650.0,31450.0,370011.0,,,,,
2026-03-30,30250.0,31300.0,30000.0,31100.0,237429.0,,,,,
2026-03-31,30600.0,31250.0,30000.0,30150.0,336675.0,,,,,
2026-04-01,31450.0,31500.0,30800.0,31450.0,337957.0,,,,,
2026-04-02,31400.0,31750.0,29700.0,30000.0,371057.0,,,,,
2026-04-03,30500.0,30850.0,29850.0,29900.0,241412.0,,,,,
2026-04-06,29950.0,30250.0,29700.0,29950.0,158467.0,,,,,
2026-04-07,29950.0,30150.0,29450.0,29600.0,283531.0,,,,,
2026-04-08,,,,,,30650.0,31150.0,29750.0,30300.0,654543.0
2026-04-09,,,,,,30000.0,30150.0,29650.0,29750.0,350010.0
2026-04-10,,,,,,30000.0,30600.0,29950.0,30450.0,351747.0
2026-04-13,,,,,,30000.0,30050.0,29650.0,29850.0,249925.0
2026-04-14,,,,,,30050.0,30450.0,29950.0,30350.0,346227.0
2026-04-15,,,,,,30350.0,30350.0,30350.0,30350.0,0.0
